-- Hipodromo
INSERT INTO hipodromo(nombre, direccion) VALUES ("Hipodromo de La Plata", "Av. 44 esq. 116");
INSERT INTO hipodromo(nombre, direccion) VALUES ("Hipodromo de San Isidro", "Av. Márquez 504");
INSERT INTO hipodromo(nombre, direccion) VALUES ("Hipodromo de Palermo", "Av. del Libertador 4101");

-- Pista
INSERT INTO pista(nombre, hipodromo_nombre, tipo, nro_andariveles) VALUES ("Pista 1", "Hipodromo de La Plata", "Arena", 11);
INSERT INTO pista(nombre, hipodromo_nombre, tipo, nro_andariveles) VALUES ("Pista 2", "Hipodromo de La Plata", "Arena", 12);
INSERT INTO pista(nombre, hipodromo_nombre, tipo, nro_andariveles) VALUES ("Pista 3", "Hipodromo de La Plata", "Arena", 18);
INSERT INTO pista(nombre, hipodromo_nombre, tipo, nro_andariveles) VALUES ("Pista 4", "Hipodromo de La Plata", "Arena", 11);
INSERT INTO pista(nombre, hipodromo_nombre, tipo, nro_andariveles) VALUES ("Pista 1", "Hipodromo de San Isidro", "Césped", 11);
INSERT INTO pista(nombre, hipodromo_nombre, tipo, nro_andariveles) VALUES ("Pista 2", "Hipodromo de San Isidro", "Arena", 11);
INSERT INTO pista(nombre, hipodromo_nombre, tipo, nro_andariveles) VALUES ("Pista 1", "Hipodromo de Palermo", "Césped", 9);
INSERT INTO pista(nombre, hipodromo_nombre, tipo, nro_andariveles) VALUES ("Pista 2", "Hipodromo de Palermo", "Arena", 11);

-- Stud
INSERT INTO stud(nombre, color_gorra, color_chaqueta) VALUES ("CAITO", "verde claro", "verde claro");
INSERT INTO stud(nombre, color_gorra, color_chaqueta) VALUES ("MAM", "naranja", "naranja");
INSERT INTO stud(nombre, color_gorra, color_chaqueta) VALUES ("GAUCHITO GIL", "amarillo", "amarillo");
INSERT INTO stud(nombre, color_gorra, color_chaqueta) VALUES ("B.J.(Vguay.)", "violeta", "violeta");
INSERT INTO stud(nombre, color_gorra, color_chaqueta) VALUES ("GENTE DE TURF", "rojo", "rojo");
INSERT INTO stud(nombre, color_gorra, color_chaqueta) VALUES ("VAS-QUITO", "celeste", "celeste");
INSERT INTO stud(nombre, color_gorra, color_chaqueta) VALUES ("LOS GATEADOS (MDP)", "gris oscuro", "gris oscuro");
INSERT INTO stud(nombre, color_gorra, color_chaqueta) VALUES ("HARAS LAS EMMAS", "rosado", "rosado");
INSERT INTO stud(nombre, color_gorra, color_chaqueta) VALUES ("PASO LOPEZ (Azul)", "azul oscuro", "azul oscuro");
INSERT INTO stud(nombre, color_gorra, color_chaqueta) VALUES ("MOZO BACAN", "gris claro", "gris claro");
INSERT INTO stud(nombre, color_gorra, color_chaqueta) VALUES ("FEDEX (Azul)", "azul claro", "azul claro");
INSERT INTO stud(nombre, color_gorra, color_chaqueta) VALUES ("EL NEGRO", "negro", "negro");
INSERT INTO stud(nombre, color_gorra, color_chaqueta) VALUES ("DON LEOPOLDO", "rojo amarillo", "rojo amarillo");
INSERT INTO stud(nombre, color_gorra, color_chaqueta) VALUES ("JUBAFER", "azul verde violeta", "azul verde");
INSERT INTO stud(nombre, color_gorra, color_chaqueta) VALUES ("EL MAXI", "azul negro", "azul negro");
INSERT INTO stud(nombre, color_gorra, color_chaqueta) VALUES ("EL PADRINO", "verde amarillo", "verde amarillo");
INSERT INTO stud(nombre, color_gorra, color_chaqueta) VALUES ("LAS TUTIS", "violeta celeste", "violeta celeste");
INSERT INTO stud(nombre, color_gorra, color_chaqueta) VALUES ("CABO ALARCON", "rosa rojo naranja", "rosa rojo naranja");
INSERT INTO stud(nombre, color_gorra, color_chaqueta) VALUES ("NOE MAR", "verde amaraillo azul", "verde amaraillo azul");
INSERT INTO stud(nombre, color_gorra, color_chaqueta) VALUES ("LOS COLORADOS", "rojo", "rojo");
INSERT INTO stud(nombre, color_gorra, color_chaqueta) VALUES ("FIRMAMENTO", "gris verde azul", "gris verde azul");
INSERT INTO stud(nombre, color_gorra, color_chaqueta) VALUES ("BEVA-ALCA", "blanco amarillo rojo negro", "blanco amarillo rojo negro");
INSERT INTO stud(nombre, color_gorra, color_chaqueta) VALUES ("LOS HERMANITOS (S.Fe)", "violeta blanco azul", "violeta blanco azul");
INSERT INTO stud(nombre, color_gorra, color_chaqueta) VALUES ("EL GUASO", "gris verde granate", "gris verde granate");
INSERT INTO stud(nombre, color_gorra, color_chaqueta) VALUES ("LA CHUMBEADA", "marron amarillo", "marron amarillo");
INSERT INTO stud(nombre, color_gorra, color_chaqueta) VALUES ("LOS 4 ASES", "azul marron gris", "azul marron gris");
INSERT INTO stud(nombre, color_gorra, color_chaqueta) VALUES ("LA CAMPANA", "blanco gris negro", "blanco gris negro");
INSERT INTO stud(nombre, color_gorra, color_chaqueta) VALUES ("LA QUEBRADA", "negro marron claro verde", "negro marron claro verde");
INSERT INTO stud(nombre, color_gorra, color_chaqueta) VALUES ("CUMENEYEN", "verde amarello", "verde amarello");
INSERT INTO stud(nombre, color_gorra, color_chaqueta) VALUES ("CUCUNITO", "azul celeste amarillo blanco", "azul celeste amarillo blanco");
INSERT INTO stud(nombre, color_gorra, color_chaqueta) VALUES ("EL ZAINO", "verde claro", "verde claro y rojo");
INSERT INTO stud(nombre, color_gorra, color_chaqueta) VALUES ("VALLE DE LA LUNA", "gris azul claro", "gris azul claro");
INSERT INTO stud(nombre, color_gorra, color_chaqueta) VALUES ("ESEERREEFE", "verde oscuro", "verde oscuro");
INSERT INTO stud(nombre, color_gorra, color_chaqueta) VALUES ("MIRABELLA", "amarillo rojo", "rojo amarillo");
INSERT INTO stud(nombre, color_gorra, color_chaqueta) VALUES ("L.A. (LP)", "verde celeste amarillo", "verde celeste amarillo");
INSERT INTO stud(nombre, color_gorra, color_chaqueta) VALUES ("LE FRAGOLE", "verde celeste naranja", "verde celeste naranja");
INSERT INTO stud(nombre, color_gorra, color_chaqueta) VALUES ("LA PROVIDENCIA", "marron naranja", "marron naranja");
INSERT INTO stud(nombre, color_gorra, color_chaqueta) VALUES ("ASAYE", "rojo celeste", "rojo celeste");
INSERT INTO stud(nombre, color_gorra, color_chaqueta) VALUES ("27 DE ABRIL", "blanco rojo", "blanco rojo");
INSERT INTO stud(nombre, color_gorra, color_chaqueta) VALUES ("PINO SOLO", "rojo naranja blanco", "rojo naranja blanco");
INSERT INTO stud(nombre, color_gorra, color_chaqueta) VALUES ("QUEREUQUEN", "verde violeta negro", "verde violeta negro");
INSERT INTO stud(nombre, color_gorra, color_chaqueta) VALUES ("LINDA SIEMPRE", "marron celesete", "marron celesete");

-- Persona
INSERT INTO persona(dni, nombres, apellidos, stud_nombre) VALUES (10000001, "Juan Carlos", "Perez", "CAITO");
INSERT INTO persona(dni, nombres, apellidos, stud_nombre) VALUES (10000002, "Jose", "Picardo", "CAITO");
INSERT INTO persona(dni, nombres, apellidos, stud_nombre) VALUES (10000003, "Jimena", "Cleveland", "CAITO");
INSERT INTO persona(dni, nombres, apellidos, stud_nombre) VALUES (10000004, "Gerardo", "Paez", "MAM");
INSERT INTO persona(dni, nombres, apellidos, stud_nombre) VALUES (10000005, "Juan", "Picolo", "MAM");
INSERT INTO persona(dni, nombres, apellidos, stud_nombre) VALUES (10000006, "Monto", "Remz", "MAM");
INSERT INTO persona(dni, nombres, apellidos, stud_nombre) VALUES (10000007, "Moises", "Agers", "GAUCHITO GIL");
INSERT INTO persona(dni, nombres, apellidos, stud_nombre) VALUES (10000008, "Mariano", "Andre", "GAUCHITO GIL");
INSERT INTO persona(dni, nombres, apellidos, stud_nombre) VALUES (10000009, "German", "Agata", "GAUCHITO GIL");
INSERT INTO persona(dni, nombres, apellidos, stud_nombre) VALUES (10000010, "Joseph", "Wevver", "B.J.(Vguay.)");
INSERT INTO persona(dni, nombres, apellidos, stud_nombre) VALUES (10000011, "Aaron", "Crispulo", "B.J.(Vguay.)");
INSERT INTO persona(dni, nombres, apellidos, stud_nombre) VALUES (10000012, "Abrahan", "Cleveland", "B.J.(Vguay.)");
INSERT INTO persona(dni, nombres, apellidos, stud_nombre) VALUES (10000013, "Bonfilio", "Webbez", "GENTE DE TURF");
INSERT INTO persona(dni, nombres, apellidos, stud_nombre) VALUES (10000014, "Boris", "Mica", "GENTE DE TURF");
INSERT INTO persona(dni, nombres, apellidos, stud_nombre) VALUES (10000015, "Caesar", "Tasptger", "GENTE DE TURF");
INSERT INTO persona(dni, nombres, apellidos, stud_nombre) VALUES (10000016, "Bertoldo", "Cullen", "VAS-QUITO");
INSERT INTO persona(dni, nombres, apellidos, stud_nombre) VALUES (10000017, "Briccio", "Pacet", "VAS-QUITO");
INSERT INTO persona(dni, nombres, apellidos, stud_nombre) VALUES (10000018, "Caetano", "Cuadragesimo", "VAS-QUITO");
INSERT INTO persona(dni, nombres, apellidos, stud_nombre) VALUES (10000019, "Caian", "Cupido", "LOS GATEADOS (MDP)");
INSERT INTO persona(dni, nombres, apellidos, stud_nombre) VALUES (10000020, "Cain", "Crispulo", "LOS GATEADOS (MDP)");
INSERT INTO persona(dni, nombres, apellidos, stud_nombre) VALUES (10000021, "Mauricio", "Cuniberto", "LOS GATEADOS (MDP)");
INSERT INTO persona(dni, nombres, apellidos, stud_nombre) VALUES (10000022, "Miguel", "Mirac", "HARAS LAS EMMAS");
INSERT INTO persona(dni, nombres, apellidos, stud_nombre) VALUES (10000023, "Guillermo", "Locars", "HARAS LAS EMMAS");
INSERT INTO persona(dni, nombres, apellidos, stud_nombre) VALUES (10000024, "Juan", "Cyrus", "HARAS LAS EMMAS");
INSERT INTO persona(dni, nombres, apellidos, stud_nombre) VALUES (10000025, "Hernan", "Legiers", "PASO LOPEZ (Azul)");
INSERT INTO persona(dni, nombres, apellidos, stud_nombre) VALUES (10000026, "Calepodio", "Lopez", "PASO LOPEZ (Azul)");
INSERT INTO persona(dni, nombres, apellidos, stud_nombre) VALUES (10000027, "Hashini", "Cynric", "PASO LOPEZ (Azul)");
INSERT INTO persona(dni, nombres, apellidos, stud_nombre) VALUES (10000028, "Aaron", "Cleveland", "MOZO BACAN");
INSERT INTO persona(dni, nombres, apellidos, stud_nombre) VALUES (10000029, "Abrahan", "Cuyen", "MOZO BACAN");
INSERT INTO persona(dni, nombres, apellidos, stud_nombre) VALUES (10000030, "Subar", "Cupido", "MOZO BACAN");
INSERT INTO persona(dni, nombres, apellidos, stud_nombre) VALUES (10000031, "Tabia", "Yumiz", "FEDEX (Azul)");
INSERT INTO persona(dni, nombres, apellidos, stud_nombre) VALUES (10000032, "Baltasar", "Crispulo", "FEDEX (Azul)");
INSERT INTO persona(dni, nombres, apellidos, stud_nombre) VALUES (10000033, "Ricardo", "Ferdinando", "FEDEX (Azul)");
INSERT INTO persona(dni, nombres, apellidos, stud_nombre) VALUES (10000034, "Richard", "Fernandez", "EL NEGRO");
INSERT INTO persona(dni, nombres, apellidos, stud_nombre) VALUES (10000035, "Abel", "Galo", "EL NEGRO");
INSERT INTO persona(dni, nombres, apellidos, stud_nombre) VALUES (10000036, "Roberto", "Kiriff", "EL NEGRO");
INSERT INTO persona(dni, nombres, apellidos, stud_nombre) VALUES (10000037, "Mercucio", "Pignato", "DON LEOPOLDO");
INSERT INTO persona(dni, nombres, apellidos, stud_nombre) VALUES (10000038, "Flavio", "Pignato", "DON LEOPOLDO");
INSERT INTO persona(dni, nombres, apellidos, stud_nombre) VALUES (10000039, "Baltasar", "Crispulo", "DON LEOPOLDO");
INSERT INTO persona(dni, nombres, apellidos, stud_nombre) VALUES (10000040, "Faustino", "Paulot", "JUBAFER");
INSERT INTO persona(dni, nombres, apellidos, stud_nombre) VALUES (10000041, "Bertoldo", "Feliciano", "JUBAFER");
INSERT INTO persona(dni, nombres, apellidos, stud_nombre) VALUES (10000042, "Fermal", "Cleveland", "JUBAFER");
INSERT INTO persona(dni, nombres, apellidos, stud_nombre) VALUES (10000043, "Pocho", "Paulot", "EL MAXI");
INSERT INTO persona(dni, nombres, apellidos, stud_nombre) VALUES (10000044, "Beranger", "Pocur", "EL MAXI");
INSERT INTO persona(dni, nombres, apellidos, stud_nombre) VALUES (10000045, "Tatin", "Felicisimo", "EL MAXI");
INSERT INTO persona(dni, nombres, apellidos, stud_nombre) VALUES (10000046, "Tomas", "Flinn", "EL PADRINO");
INSERT INTO persona(dni, nombres, apellidos, stud_nombre) VALUES (10000047, "Barrett", "Firneo", "EL PADRINO");
INSERT INTO persona(dni, nombres, apellidos, stud_nombre) VALUES (10000048, "Lucas", "Fintano", "EL PADRINO");
INSERT INTO persona(dni, nombres, apellidos, stud_nombre) VALUES (10000049, "Calixto", "Crispulo", "LAS TUTIS");
INSERT INTO persona(dni, nombres, apellidos, stud_nombre) VALUES (10000050, "Benedicto", "Ferreolo", "LAS TUTIS");
INSERT INTO persona(dni, nombres, apellidos, stud_nombre) VALUES (10000051, "Abel", "Fiacro", "LAS TUTIS");
INSERT INTO persona(dni, nombres, apellidos, stud_nombre) VALUES (10000052, "Calixto", "Filindo", "CABO ALARCON");
INSERT INTO persona(dni, nombres, apellidos, stud_nombre) VALUES (10000053, "Lucas", "Fileas", "CABO ALARCON");
INSERT INTO persona(dni, nombres, apellidos, stud_nombre) VALUES (10000054, "Aaron", "Corbett", "CABO ALARCON");
INSERT INTO persona(dni, nombres, apellidos, stud_nombre) VALUES (10000055, "Camden", "Cleveland", "NOE MAR");
INSERT INTO persona(dni, nombres, apellidos, stud_nombre) VALUES (10000056, "Mauricio", "Perez", "NOE MAR");
INSERT INTO persona(dni, nombres, apellidos, stud_nombre) VALUES (10000057, "Abrahan", "Rodriguez", "NOE MAR");
INSERT INTO persona(dni, nombres, apellidos, stud_nombre) VALUES (10000058, "Sebastian", "Florian", "LOS COLORADOS");
INSERT INTO persona(dni, nombres, apellidos, stud_nombre) VALUES (10000059, "Santiago", "Rodriguez", "LOS COLORADOS");
INSERT INTO persona(dni, nombres, apellidos, stud_nombre) VALUES (10000060, "Abrahan", "Febronio", "LOS COLORADOS");
INSERT INTO persona(dni, nombres, apellidos, stud_nombre) VALUES (10000061, "Fabian", "Floviano", "FIRMAMENTO");
INSERT INTO persona(dni, nombres, apellidos, stud_nombre) VALUES (10000062, "Mariano", "Faustiniano", "FIRMAMENTO");
INSERT INTO persona(dni, nombres, apellidos, stud_nombre) VALUES (10000063, "Federico", "Corbett", "FIRMAMENTO");
INSERT INTO persona(dni, nombres, apellidos, stud_nombre) VALUES (10000064, "Andres", "Rodriguez", "BEVA-ALCA");
INSERT INTO persona(dni, nombres, apellidos, stud_nombre) VALUES (10000065, "Baltasar", "Perez", "BEVA-ALCA");
INSERT INTO persona(dni, nombres, apellidos, stud_nombre) VALUES (10000066, "Sergio", "Cooper", "BEVA-ALCA");
INSERT INTO persona(dni, nombres, apellidos, stud_nombre) VALUES (10000067, "Fernando", "Perez", "LOS HERMANITOS (S.Fe)");
INSERT INTO persona(dni, nombres, apellidos, stud_nombre) VALUES (10000068, "Federico", "Perez", "LOS HERMANITOS (S.Fe)");
INSERT INTO persona(dni, nombres, apellidos, stud_nombre) VALUES (10000069, "Abel", "Coriolano", "LOS HERMANITOS (S.Fe)");
INSERT INTO persona(dni, nombres, apellidos, stud_nombre) VALUES (10000070, "Carlos", "Perez", "EL GUASO");
INSERT INTO persona(dni, nombres, apellidos, stud_nombre) VALUES (10000071, "Federico", "Perez", "EL GUASO");
INSERT INTO persona(dni, nombres, apellidos, stud_nombre) VALUES (10000072, "Fabian", "Mirato", "EL GUASO");
INSERT INTO persona(dni, nombres, apellidos, stud_nombre) VALUES (10000073, "Fernando", "Coriolano", "LA CHUMBEADA");
INSERT INTO persona(dni, nombres, apellidos, stud_nombre) VALUES (10000074, "Carlos", "Morza", "LA CHUMBEADA");
INSERT INTO persona(dni, nombres, apellidos, stud_nombre) VALUES (10000075, "Fernando", "Miguez", "LA CHUMBEADA");
INSERT INTO persona(dni, nombres, apellidos, stud_nombre) VALUES (10000076, "Facundo", "Cleveland", "LOS 4 ASES");
INSERT INTO persona(dni, nombres, apellidos, stud_nombre) VALUES (10000077, "Permacio", "Molar", "LOS 4 ASES");
INSERT INTO persona(dni, nombres, apellidos, stud_nombre) VALUES (10000078, "Claudiano", "Raes", "LOS 4 ASES");
INSERT INTO persona(dni, nombres, apellidos, stud_nombre) VALUES (10000079, "Pablo", "Rico", "LA CAMPANA");
INSERT INTO persona(dni, nombres, apellidos, stud_nombre) VALUES (10000080, "Baltasar", "Rolon", "LA CAMPANA");
INSERT INTO persona(dni, nombres, apellidos, stud_nombre) VALUES (10000081, "Julian", "Mecrano", "LA CAMPANA");
INSERT INTO persona(dni, nombres, apellidos, stud_nombre) VALUES (10000082, "German", "Paset", "LA QUEBRADA");
INSERT INTO persona(dni, nombres, apellidos, stud_nombre) VALUES (10000083, "Carlos", "Pocara", "LA QUEBRADA");
INSERT INTO persona(dni, nombres, apellidos, stud_nombre) VALUES (10000084, "Petrin", "Olvert", "LA QUEBRADA");
INSERT INTO persona(dni, nombres, apellidos, stud_nombre) VALUES (10000085, "James", "Merca", "CUMENEYEN");
INSERT INTO persona(dni, nombres, apellidos, stud_nombre) VALUES (10000086, "Sebastian", "Mujica", "CUMENEYEN");
INSERT INTO persona(dni, nombres, apellidos, stud_nombre) VALUES (10000087, "Rodrigo", "Monitz", "CUMENEYEN");
INSERT INTO persona(dni, nombres, apellidos, stud_nombre) VALUES (10000088, "Aaron", "Cleveland", "CUCUNITO");
INSERT INTO persona(dni, nombres, apellidos, stud_nombre) VALUES (10000089, "Alberto", "Licsd", "CUCUNITO");
INSERT INTO persona(dni, nombres, apellidos, stud_nombre) VALUES (10000090, "Abel", "Tradec", "CUCUNITO");
INSERT INTO persona(dni, nombres, apellidos, stud_nombre) VALUES (10000091, "Patricio", "Totiz", "EL ZAINO");
INSERT INTO persona(dni, nombres, apellidos, stud_nombre) VALUES (10000092, "Juan Carlos", "Pera", "EL ZAINO");
INSERT INTO persona(dni, nombres, apellidos, stud_nombre) VALUES (10000093, "Jorge", "Banquito", "EL ZAINO");
INSERT INTO persona(dni, nombres, apellidos, stud_nombre) VALUES (10000094, "Matias", "Farrell", "VALLE DE LA LUNA");
INSERT INTO persona(dni, nombres, apellidos, stud_nombre) VALUES (10000095, "Abundio", "Licrec", "VALLE DE LA LUNA");
INSERT INTO persona(dni, nombres, apellidos, stud_nombre) VALUES (10000096, "Charlie", "Clotario", "VALLE DE LA LUNA");
INSERT INTO persona(dni, nombres, apellidos, stud_nombre) VALUES (10000097, "Climaco", "Marts", "ESEERREEFE");
INSERT INTO persona(dni, nombres, apellidos, stud_nombre) VALUES (10000098, "Clicerio", "Clinio", "ESEERREEFE");
INSERT INTO persona(dni, nombres, apellidos, stud_nombre) VALUES (10000099, "Baltasar", "Faraon", "ESEERREEFE");
INSERT INTO persona(dni, nombres, apellidos, stud_nombre) VALUES (10000100, "Claudiano", "Argesty", "MIRABELLA");
INSERT INTO persona(dni, nombres, apellidos, stud_nombre) VALUES (10000101, "Cleto", "Mirabella", "MIRABELLA");
INSERT INTO persona(dni, nombres, apellidos, stud_nombre) VALUES (10000102, "Clero", "Mirabella", "MIRABELLA");
INSERT INTO persona(dni, nombres, apellidos, stud_nombre) VALUES (10000103, "Cleon Adriano", "Reo", "L.A. (LP)");
INSERT INTO persona(dni, nombres, apellidos, stud_nombre) VALUES (10000104, "Cleon", "Estud", "L.A. (LP)");
INSERT INTO persona(dni, nombres, apellidos, stud_nombre) VALUES (10000105, "Cirineo", "Pertac", "L.A. (LP)");
INSERT INTO persona(dni, nombres, apellidos, stud_nombre) VALUES (10000106, "Christos", "Rodriguez", "LE FRAGOLE");
INSERT INTO persona(dni, nombres, apellidos, stud_nombre) VALUES (10000107, "Chukwuma", "Rodriguez", "LE FRAGOLE");
INSERT INTO persona(dni, nombres, apellidos, stud_nombre) VALUES (10000108, "Chase", "Perez", "LE FRAGOLE");
INSERT INTO persona(dni, nombres, apellidos, stud_nombre) VALUES (10000109, "Camden", "Cochi", "LA PROVIDENCIA");
INSERT INTO persona(dni, nombres, apellidos, stud_nombre) VALUES (10000110, "Cesario", "Farnacio", "LA PROVIDENCIA");
INSERT INTO persona(dni, nombres, apellidos, stud_nombre) VALUES (10000111, "Carlisle", "Coleman", "LA PROVIDENCIA");
INSERT INTO persona(dni, nombres, apellidos, stud_nombre) VALUES (10000112, "Celestino", "Faraj", "ASAYE");
INSERT INTO persona(dni, nombres, apellidos, stud_nombre) VALUES (10000113, "Abundio", "Cochi", "ASAYE");
INSERT INTO persona(dni, nombres, apellidos, stud_nombre) VALUES (10000114, "Carlos", "Fantino", "ASAYE");
INSERT INTO persona(dni, nombres, apellidos, stud_nombre) VALUES (10000115, "Celestino", "Fairfax", "27 DE ABRIL");
INSERT INTO persona(dni, nombres, apellidos, stud_nombre) VALUES (10000116, "Ceferino", "Falcon", "27 DE ABRIL");
INSERT INTO persona(dni, nombres, apellidos, stud_nombre) VALUES (10000117, "Abundio", "Clinio", "27 DE ABRIL");
INSERT INTO persona(dni, nombres, apellidos, stud_nombre) VALUES (10000118, "Castor", "Cooper", "PINO SOLO");
INSERT INTO persona(dni, nombres, apellidos, stud_nombre) VALUES (10000119, "Adriano", "Clotario", "PINO SOLO");
INSERT INTO persona(dni, nombres, apellidos, stud_nombre) VALUES (10000120, "Caspar", "Cooper", "PINO SOLO");
INSERT INTO persona(dni, nombres, apellidos, stud_nombre) VALUES (10000121, "Adriano", "Fairfax", "QUEREUQUEN");
INSERT INTO persona(dni, nombres, apellidos, stud_nombre) VALUES (10000122, "Carmelo", "Clinio", "QUEREUQUEN");
INSERT INTO persona(dni, nombres, apellidos, stud_nombre) VALUES (10000123, "Casandro", "Cooper", "QUEREUQUEN");
INSERT INTO persona(dni, nombres, apellidos, stud_nombre) VALUES (10000124, "Abundio", "Clotario", "LINDA SIEMPRE");
INSERT INTO persona(dni, nombres, apellidos, stud_nombre) VALUES (10000125, "Carmelo", "Coleman", "LINDA SIEMPRE");
INSERT INTO persona(dni, nombres, apellidos, stud_nombre) VALUES (10000126, "Carlos", "Cochi", "LINDA SIEMPRE");

-- Jockey
INSERT INTO jockey(persona_dni, categoria, talla, peso) VALUES (10000001, "Aprendiz", 1.56, 59.6);
INSERT INTO jockey(persona_dni, categoria, talla, peso) VALUES (10000004, "Profesional", 1.63, 56.2);
INSERT INTO jockey(persona_dni, categoria, talla, peso) VALUES (10000007, "Profesional", 1.67, 59.7);
INSERT INTO jockey(persona_dni, categoria, talla, peso) VALUES (10000010, "Profesional", 1.53, 58.0);
INSERT INTO jockey(persona_dni, categoria, talla, peso) VALUES (10000013, "Profesional", 1.69, 56.2);
INSERT INTO jockey(persona_dni, categoria, talla, peso) VALUES (10000016, "Profesional", 1.69, 58.2);
INSERT INTO jockey(persona_dni, categoria, talla, peso) VALUES (10000019, "Profesional", 1.53, 54.2);
INSERT INTO jockey(persona_dni, categoria, talla, peso) VALUES (10000022, "Profesional", 1.66, 57.8);
INSERT INTO jockey(persona_dni, categoria, talla, peso) VALUES (10000025, "Profesional", 1.51, 56.5);
INSERT INTO jockey(persona_dni, categoria, talla, peso) VALUES (10000028, "Profesional", 1.62, 53.4);
INSERT INTO jockey(persona_dni, categoria, talla, peso) VALUES (10000031, "Profesional", 1.60, 57.2);
INSERT INTO jockey(persona_dni, categoria, talla, peso) VALUES (10000034, "Profesional", 1.64, 53.2);
INSERT INTO jockey(persona_dni, categoria, talla, peso) VALUES (10000037, "Profesional", 1.69, 54.2);
INSERT INTO jockey(persona_dni, categoria, talla, peso) VALUES (10000040, "Profesional", 1.68, 57.5);
INSERT INTO jockey(persona_dni, categoria, talla, peso) VALUES (10000043, "Profesional", 1.52, 52.3);
INSERT INTO jockey(persona_dni, categoria, talla, peso) VALUES (10000046, "Profesional", 1.57, 58.3);
INSERT INTO jockey(persona_dni, categoria, talla, peso) VALUES (10000049, "Profesional", 1.51, 51.6);
INSERT INTO jockey(persona_dni, categoria, talla, peso) VALUES (10000052, "Profesional", 1.54, 51.0);
INSERT INTO jockey(persona_dni, categoria, talla, peso) VALUES (10000055, "Profesional", 1.61, 55.5);
INSERT INTO jockey(persona_dni, categoria, talla, peso) VALUES (10000058, "Profesional", 1.69, 53.8);
INSERT INTO jockey(persona_dni, categoria, talla, peso) VALUES (10000061, "Aprendiz", 1.59, 54.3);
INSERT INTO jockey(persona_dni, categoria, talla, peso) VALUES (10000064, "Profesional", 1.68, 59.6);
INSERT INTO jockey(persona_dni, categoria, talla, peso) VALUES (10000067, "Profesional", 1.57, 54.6);
INSERT INTO jockey(persona_dni, categoria, talla, peso) VALUES (10000070, "Aprendiz", 1.57, 56.3);
INSERT INTO jockey(persona_dni, categoria, talla, peso) VALUES (10000073, "Profesional", 1.68, 54.3);
INSERT INTO jockey(persona_dni, categoria, talla, peso) VALUES (10000076, "Profesional", 1.62, 53.7);
INSERT INTO jockey(persona_dni, categoria, talla, peso) VALUES (10000079, "Profesional", 1.57, 58.7);
INSERT INTO jockey(persona_dni, categoria, talla, peso) VALUES (10000082, "Profesional", 1.57, 55.9);
INSERT INTO jockey(persona_dni, categoria, talla, peso) VALUES (10000085, "Profesional", 1.68, 53.4);
INSERT INTO jockey(persona_dni, categoria, talla, peso) VALUES (10000088, "Profesional", 1.63, 50.4);
INSERT INTO jockey(persona_dni, categoria, talla, peso) VALUES (10000091, "Profesional", 1.55, 55.6);
INSERT INTO jockey(persona_dni, categoria, talla, peso) VALUES (10000094, "Aprendiz", 1.53, 57.9);
INSERT INTO jockey(persona_dni, categoria, talla, peso) VALUES (10000097, "Profesional", 1.69, 56.4);
INSERT INTO jockey(persona_dni, categoria, talla, peso) VALUES (10000100, "Profesional", 1.62, 57.7);
INSERT INTO jockey(persona_dni, categoria, talla, peso) VALUES (10000103, "Profesional", 1.66, 54.2);
INSERT INTO jockey(persona_dni, categoria, talla, peso) VALUES (10000106, "Profesional", 1.66, 58.9);
INSERT INTO jockey(persona_dni, categoria, talla, peso) VALUES (10000109, "Profesional", 1.52, 50.2);
INSERT INTO jockey(persona_dni, categoria, talla, peso) VALUES (10000112, "Profesional", 1.56, 59.1);
INSERT INTO jockey(persona_dni, categoria, talla, peso) VALUES (10000115, "Aprendiz", 1.69, 52.8);
INSERT INTO jockey(persona_dni, categoria, talla, peso) VALUES (10000118, "Profesional", 1.59, 56.1);
INSERT INTO jockey(persona_dni, categoria, talla, peso) VALUES (10000121, "Profesional", 1.62, 54.6);
INSERT INTO jockey(persona_dni, categoria, talla, peso) VALUES (10000124, "Profesional", 1.54, 52.3);


-- Entrenador
INSERT INTO entrenador(persona_dni) VALUES (10000002);
INSERT INTO entrenador(persona_dni) VALUES (10000005);
INSERT INTO entrenador(persona_dni) VALUES (10000008);
INSERT INTO entrenador(persona_dni) VALUES (10000011);
INSERT INTO entrenador(persona_dni) VALUES (10000014);
INSERT INTO entrenador(persona_dni) VALUES (10000017);
INSERT INTO entrenador(persona_dni) VALUES (10000020);
INSERT INTO entrenador(persona_dni) VALUES (10000023);
INSERT INTO entrenador(persona_dni) VALUES (10000026);
INSERT INTO entrenador(persona_dni) VALUES (10000029);
INSERT INTO entrenador(persona_dni) VALUES (10000032);
INSERT INTO entrenador(persona_dni) VALUES (10000035);
INSERT INTO entrenador(persona_dni) VALUES (10000038);
INSERT INTO entrenador(persona_dni) VALUES (10000041);
INSERT INTO entrenador(persona_dni) VALUES (10000044);
INSERT INTO entrenador(persona_dni) VALUES (10000047);
INSERT INTO entrenador(persona_dni) VALUES (10000050);
INSERT INTO entrenador(persona_dni) VALUES (10000053);
INSERT INTO entrenador(persona_dni) VALUES (10000056);
INSERT INTO entrenador(persona_dni) VALUES (10000059);
INSERT INTO entrenador(persona_dni) VALUES (10000062);
INSERT INTO entrenador(persona_dni) VALUES (10000065);
INSERT INTO entrenador(persona_dni) VALUES (10000068);
INSERT INTO entrenador(persona_dni) VALUES (10000071);
INSERT INTO entrenador(persona_dni) VALUES (10000074);
INSERT INTO entrenador(persona_dni) VALUES (10000077);
INSERT INTO entrenador(persona_dni) VALUES (10000080);
INSERT INTO entrenador(persona_dni) VALUES (10000083);
INSERT INTO entrenador(persona_dni) VALUES (10000086);
INSERT INTO entrenador(persona_dni) VALUES (10000089);
INSERT INTO entrenador(persona_dni) VALUES (10000092);
INSERT INTO entrenador(persona_dni) VALUES (10000095);
INSERT INTO entrenador(persona_dni) VALUES (10000098);
INSERT INTO entrenador(persona_dni) VALUES (10000101);
INSERT INTO entrenador(persona_dni) VALUES (10000104);
INSERT INTO entrenador(persona_dni) VALUES (10000107);
INSERT INTO entrenador(persona_dni) VALUES (10000110);
INSERT INTO entrenador(persona_dni) VALUES (10000113);
INSERT INTO entrenador(persona_dni) VALUES (10000116);
INSERT INTO entrenador(persona_dni) VALUES (10000119);
INSERT INTO entrenador(persona_dni) VALUES (10000122);
INSERT INTO entrenador(persona_dni) VALUES (10000125);

-- Cuidador
INSERT INTO cuidador(persona_dni) VALUES (10000003);
INSERT INTO cuidador(persona_dni) VALUES (10000006);
INSERT INTO cuidador(persona_dni) VALUES (10000009);
INSERT INTO cuidador(persona_dni) VALUES (10000012);
INSERT INTO cuidador(persona_dni) VALUES (10000015);
INSERT INTO cuidador(persona_dni) VALUES (10000018);
INSERT INTO cuidador(persona_dni) VALUES (10000021);
INSERT INTO cuidador(persona_dni) VALUES (10000024);
INSERT INTO cuidador(persona_dni) VALUES (10000027);
INSERT INTO cuidador(persona_dni) VALUES (10000030);
INSERT INTO cuidador(persona_dni) VALUES (10000033);
INSERT INTO cuidador(persona_dni) VALUES (10000036);
INSERT INTO cuidador(persona_dni) VALUES (10000039);
INSERT INTO cuidador(persona_dni) VALUES (10000042);
INSERT INTO cuidador(persona_dni) VALUES (10000045);
INSERT INTO cuidador(persona_dni) VALUES (10000048);
INSERT INTO cuidador(persona_dni) VALUES (10000051);
INSERT INTO cuidador(persona_dni) VALUES (10000054);
INSERT INTO cuidador(persona_dni) VALUES (10000057);
INSERT INTO cuidador(persona_dni) VALUES (10000060);
INSERT INTO cuidador(persona_dni) VALUES (10000063);
INSERT INTO cuidador(persona_dni) VALUES (10000066);
INSERT INTO cuidador(persona_dni) VALUES (10000069);
INSERT INTO cuidador(persona_dni) VALUES (10000072);
INSERT INTO cuidador(persona_dni) VALUES (10000075);
INSERT INTO cuidador(persona_dni) VALUES (10000078);
INSERT INTO cuidador(persona_dni) VALUES (10000081);
INSERT INTO cuidador(persona_dni) VALUES (10000084);
INSERT INTO cuidador(persona_dni) VALUES (10000087);
INSERT INTO cuidador(persona_dni) VALUES (10000090);
INSERT INTO cuidador(persona_dni) VALUES (10000093);
INSERT INTO cuidador(persona_dni) VALUES (10000096);
INSERT INTO cuidador(persona_dni) VALUES (10000099);
INSERT INTO cuidador(persona_dni) VALUES (10000102);
INSERT INTO cuidador(persona_dni) VALUES (10000105);
INSERT INTO cuidador(persona_dni) VALUES (10000108);
INSERT INTO cuidador(persona_dni) VALUES (10000111);
INSERT INTO cuidador(persona_dni) VALUES (10000114);
INSERT INTO cuidador(persona_dni) VALUES (10000117);
INSERT INTO cuidador(persona_dni) VALUES (10000120);
INSERT INTO cuidador(persona_dni) VALUES (10000123);
INSERT INTO cuidador(persona_dni) VALUES (10000126);

-- Equino
INSERT INTO equino(nombre, tipo, pelaje, sexo, handicap, stud_nombre, padre_nombre, madre_nombre, cuidador_persona_dni, entrenador_persona_dni) VALUES ("IMPERIOSO", "Ganador de primera", "Rojo", "M", 30.987446964700727, "GALAXY", "MANCHA Y GATO", "CAITO", 10000003, 10000002);
INSERT INTO equino(nombre, tipo, pelaje, sexo, handicap, stud_nombre, padre_nombre, madre_nombre, cuidador_persona_dni, entrenador_persona_dni) VALUES ("PAMPERO", "Ganador de primera", "Gris", "M", 59.94507991571611, "GRANO DE ORO", "LA PESADILLA", "MAM", 10000006, 10000005);
INSERT INTO equino(nombre, tipo, pelaje, sexo, handicap, stud_nombre, padre_nombre, madre_nombre, cuidador_persona_dni, entrenador_persona_dni) VALUES ("PALMICHE", "Ganador de primera", "Rojo", "M", 55.464321374130535, "OTHAR", "BRUMESE", "GAUCHITO GIL", 10000009, 10000008);
INSERT INTO equino(nombre, tipo, pelaje, sexo, handicap, stud_nombre, padre_nombre, madre_nombre, cuidador_persona_dni, entrenador_persona_dni) VALUES ("LA LEYENDA BEDUINA DE LA CREACION DEL CABALLO", "Ganador de primera", "Rojo", "F", 35.862662345607035, "GARABUTHO", "FIZZY", "B.J.(Vguay.)", 10000012, 10000011);
INSERT INTO equino(nombre, tipo, pelaje, sexo, handicap, stud_nombre, padre_nombre, madre_nombre, cuidador_persona_dni, entrenador_persona_dni) VALUES ("MAGNOLIA", "Ganador de primera", "Marron", "F", 45.83434900836349, "ROCINANTE", "LA PESADILLA", "GENTE DE TURF", 10000015, 10000014);
INSERT INTO equino(nombre, tipo, pelaje, sexo, handicap, stud_nombre, padre_nombre, madre_nombre, cuidador_persona_dni, entrenador_persona_dni) VALUES ("MARSALA", "Ganador de primera", "Rubio", "F", 16.922591456212743, "DUG", "BABIECA", "VAS-QUITO", 10000018, 10000017);
INSERT INTO equino(nombre, tipo, pelaje, sexo, handicap, stud_nombre, padre_nombre, madre_nombre, cuidador_persona_dni, entrenador_persona_dni) VALUES ("HAIZUN", "Ganador de primera", "Rubio", "M", 40.954526456159705, "TIRO LOCO", "BABIECA", "LOS GATEADOS (MDP)", 10000021, 10000020);
INSERT INTO equino(nombre, tipo, pelaje, sexo, handicap, stud_nombre, padre_nombre, madre_nombre, cuidador_persona_dni, entrenador_persona_dni) VALUES ("TIRO AL BLANCO", "Ganador de primera", "Marron oscuro", "M", 67.14072853716559, "AQUILIN", "BRUMESE", "HARAS LAS EMMAS", 10000024, 10000023);
INSERT INTO equino(nombre, tipo, pelaje, sexo, handicap, stud_nombre, padre_nombre, madre_nombre, cuidador_persona_dni, entrenador_persona_dni) VALUES ("STRYMON", "Ganador de primera", "Gris", "M", 13.790756936155129, "ROCINANTE", "ARTAX", "PASO LOPEZ (Azul)", 10000027, 10000026);
INSERT INTO equino(nombre, tipo, pelaje, sexo, handicap, stud_nombre, padre_nombre, madre_nombre, cuidador_persona_dni, entrenador_persona_dni) VALUES ("ZAHAREÑO", "Ganador de primera", "Negro", "M", 65.13425803603708, "OTHAR", "BRUMESE", "MOZO BACAN", 10000030, 10000029);
INSERT INTO equino(nombre, tipo, pelaje, sexo, handicap, stud_nombre, padre_nombre, madre_nombre, cuidador_persona_dni, entrenador_persona_dni) VALUES ("CAGANCHO", "Ganador de primera", "Gris", "M", 70.59923790155177, "COPENHAGEN", "BRUMESE", "FEDEX (Azul)", 10000033, 10000032);
INSERT INTO equino(nombre, tipo, pelaje, sexo, handicap, stud_nombre, padre_nombre, madre_nombre, cuidador_persona_dni, entrenador_persona_dni) VALUES ("PEQUEÑO TIO", "Ganador de primera", "Negro", "M", 75.06064753669864, "ROCINANTE", "BABIECA", "EL NEGRO", 10000036, 10000035);
INSERT INTO equino(nombre, tipo, pelaje, sexo, handicap, stud_nombre, padre_nombre, madre_nombre, cuidador_persona_dni, entrenador_persona_dni) VALUES ("CHING", "Ganador de primera", "Marron", "F", 33.712792488491196, "SLEIPNIR", "LA PESADILLA", "DON LEOPOLDO", 10000039, 10000038);
INSERT INTO equino(nombre, tipo, pelaje, sexo, handicap, stud_nombre, padre_nombre, madre_nombre, cuidador_persona_dni, entrenador_persona_dni) VALUES ("LA JACA PACA", "Ganador de primera", "Negro", "F", 48.03925152603446, "VIENTO DEL DIABLO", "ORELIA", "JUBAFER", 10000042, 10000041);
INSERT INTO equino(nombre, tipo, pelaje, sexo, handicap, stud_nombre, padre_nombre, madre_nombre, cuidador_persona_dni, entrenador_persona_dni) VALUES ("AS DE OROS", "Ganador de primera", "Azul", "M", 13.119861905585415, "GARABUTHO", "ORELIA", "EL MAXI", 10000045, 10000044);
INSERT INTO equino(nombre, tipo, pelaje, sexo, handicap, stud_nombre, padre_nombre, madre_nombre, cuidador_persona_dni, entrenador_persona_dni) VALUES ("NELSON", "Ganador de primera", "Marron oscuro", "M", 43.90369783882525, "DIABLO", "LA PESADILLA", "EL PADRINO", 10000048, 10000047);
INSERT INTO equino(nombre, tipo, pelaje, sexo, handicap, stud_nombre, padre_nombre, madre_nombre, cuidador_persona_dni, entrenador_persona_dni) VALUES ("BUCEFALO", "Ganador de primera", "Marron", "M", 43.10922191374503, "SLEIPNIR", "MANCHA Y GATO", "LAS TUTIS", 10000051, 10000050);
INSERT INTO equino(nombre, tipo, pelaje, sexo, handicap, stud_nombre, padre_nombre, madre_nombre, cuidador_persona_dni, entrenador_persona_dni) VALUES ("CABALLO DE TROYA", "Ganador de primera", "Azul", "M", 46.61974558201641, "EL VIAJERO", "ORELIA", "CABO ALARCON", 10000054, 10000053);
INSERT INTO equino(nombre, tipo, pelaje, sexo, handicap, stud_nombre, padre_nombre, madre_nombre, cuidador_persona_dni, entrenador_persona_dni) VALUES ("MORZILLO", "Ganador de primera", "Marron", "M", 79.28123304293828, "TORNADO", "FIZZY", "NOE MAR", 10000057, 10000056);
INSERT INTO equino(nombre, tipo, pelaje, sexo, handicap, stud_nombre, padre_nombre, madre_nombre, cuidador_persona_dni, entrenador_persona_dni) VALUES ("SOMBRA GRIS", "Ganador de primera", "Marron", "M", 87.70508119920072, "TIRO LOCO", "LA PESADILLA", "LOS COLORADOS", 10000060, 10000059);
INSERT INTO equino(nombre, tipo, pelaje, sexo, handicap, stud_nombre, padre_nombre, madre_nombre, cuidador_persona_dni, entrenador_persona_dni) VALUES ("BLAKIE", "Ganador de primera", "Rojo", "M", 63.85120320238795, "TORNADO", "FIZZY", "FIRMAMENTO", 10000063, 10000062);
INSERT INTO equino(nombre, tipo, pelaje, sexo, handicap, stud_nombre, padre_nombre, madre_nombre, cuidador_persona_dni, entrenador_persona_dni) VALUES ("JANTO/BALIO", "Ganador de primera", "Rojo", "M", 77.17263175760758, "ZAINO", "ORELIA", "BEVA-ALCA", 10000066, 10000065);
INSERT INTO equino(nombre, tipo, pelaje, sexo, handicap, stud_nombre, padre_nombre, madre_nombre, cuidador_persona_dni, entrenador_persona_dni) VALUES ("DILU", "Ganador de primera", "Rubio", "F", 39.39868848006193, "DUG", "BABIECA", "LOS HERMANITOS (S.Fe)", 10000069, 10000068);
INSERT INTO equino(nombre, tipo, pelaje, sexo, handicap, stud_nombre, padre_nombre, madre_nombre, cuidador_persona_dni, entrenador_persona_dni) VALUES ("PALOMO", "Ganador de primera", "Marron oscuro", "M", 71.27369286455803, "STRATEGOS", "FIZZY", "EL GUASO", 10000072, 10000071);
INSERT INTO equino(nombre, tipo, pelaje, sexo, handicap, stud_nombre, padre_nombre, madre_nombre, cuidador_persona_dni, entrenador_persona_dni) VALUES ("SILVER", "Ganador de primera", "Rubio", "M", 32.917919330298666, "STRATEGOS", "ORELIA", "LA CHUMBEADA", 10000075, 10000074);
INSERT INTO equino(nombre, tipo, pelaje, sexo, handicap, stud_nombre, padre_nombre, madre_nombre, cuidador_persona_dni, entrenador_persona_dni) VALUES ("SALVADOR", "Ganador de primera", "Negro", "M", 24.438235353413873, "ZAINO", "FIZZY", "LOS 4 ASES", 10000078, 10000077);
INSERT INTO equino(nombre, tipo, pelaje, sexo, handicap, stud_nombre, padre_nombre, madre_nombre, cuidador_persona_dni, entrenador_persona_dni) VALUES ("GENITOR", "Ganador de primera", "Rubio", "M", 69.28251400492917, "STRATEGOS", "ARTAX", "LA CAMPANA", 10000081, 10000080);
INSERT INTO equino(nombre, tipo, pelaje, sexo, handicap, stud_nombre, padre_nombre, madre_nombre, cuidador_persona_dni, entrenador_persona_dni) VALUES ("SILVER BLAZE", "Ganador de primera", "Marron", "M", 65.32602075690616, "ZAINO", "MANCHA Y GATO", "LA QUEBRADA", 10000084, 10000083);
INSERT INTO equino(nombre, tipo, pelaje, sexo, handicap, stud_nombre, padre_nombre, madre_nombre, cuidador_persona_dni, entrenador_persona_dni) VALUES ("JOLLY JUMPER", "Ganador de primera", "Marron", "M", 60.9885431590628, "DIABLO", "ARTAX", "CUMENEYEN", 10000087, 10000086);
INSERT INTO equino(nombre, tipo, pelaje, sexo, handicap, stud_nombre, padre_nombre, madre_nombre, cuidador_persona_dni, entrenador_persona_dni) VALUES ("EL PRIETO", "Ganador de primera", "Negro", "M", 44.80889844054267, "MORO", "BABIECA", "CUCUNITO", 10000090, 10000089);
INSERT INTO equino(nombre, tipo, pelaje, sexo, handicap, stud_nombre, padre_nombre, madre_nombre, cuidador_persona_dni, entrenador_persona_dni) VALUES ("HIPOGRIFO", "Ganador de primera", "Rubio", "M", 58.57207666602545, "GARABUTHO", "FIZZY", "EL ZAINO", 10000093, 10000092);
INSERT INTO equino(nombre, tipo, pelaje, sexo, handicap, stud_nombre, padre_nombre, madre_nombre, cuidador_persona_dni, entrenador_persona_dni) VALUES ("RED FOX", "Ganador de primera", "Marron oscuro", "M", 45.55380512454206, "TIGRE", "BRUMESE", "VALLE DE LA LUNA", 10000096, 10000095);
INSERT INTO equino(nombre, tipo, pelaje, sexo, handicap, stud_nombre, padre_nombre, madre_nombre, cuidador_persona_dni, entrenador_persona_dni) VALUES ("TORDILLO", "Ganador de primera", "Marron oscuro", "M", 17.03247353755635, "COPENHAGEN", "ARTAX", "ESEERREEFE", 10000099, 10000098);
INSERT INTO equino(nombre, tipo, pelaje, sexo, handicap, stud_nombre, padre_nombre, madre_nombre, cuidador_persona_dni, entrenador_persona_dni) VALUES ("HENGROEN", "Ganador de primera", "Marron oscuro", "M", 66.94956939577122, "BACONAO", "LA PESADILLA", "MIRABELLA", 10000102, 10000101);
INSERT INTO equino(nombre, tipo, pelaje, sexo, handicap, stud_nombre, padre_nombre, madre_nombre, cuidador_persona_dni, entrenador_persona_dni) VALUES ("KANTAKA", "Ganador de primera", "Rojo", "F", 68.46808351986091, "GRANO DE ORO", "ORELIA", "L.A. (LP)", 10000105, 10000104);
INSERT INTO equino(nombre, tipo, pelaje, sexo, handicap, stud_nombre, padre_nombre, madre_nombre, cuidador_persona_dni, entrenador_persona_dni) VALUES ("PASTOR", "Ganador de primera", "Negro", "M", 88.4663526430516, "DIABLO", "BRUMESE", "LE FRAGOLE", 10000108, 10000107);
INSERT INTO equino(nombre, tipo, pelaje, sexo, handicap, stud_nombre, padre_nombre, madre_nombre, cuidador_persona_dni, entrenador_persona_dni) VALUES ("JINN", "Ganador de primera", "Gris", "M", 26.25949991066193, "TIGRE", "LA PESADILLA", "LA PROVIDENCIA", 10000111, 10000110);
INSERT INTO equino(nombre, tipo, pelaje, sexo, handicap, stud_nombre, padre_nombre, madre_nombre, cuidador_persona_dni, entrenador_persona_dni) VALUES ("PASCASAS", "Ganador de primera", "Negro", "F", 26.059834155244992, "ORIPECO", "BRUMESE", "ASAYE", 10000114, 10000113);
INSERT INTO equino(nombre, tipo, pelaje, sexo, handicap, stud_nombre, padre_nombre, madre_nombre, cuidador_persona_dni, entrenador_persona_dni) VALUES ("MARENGO", "Ganador de primera", "Marron", "F", 66.89397927033602, "GRANO DE ORO", "ARTAX", "27 DE ABRIL", 10000117, 10000116);
INSERT INTO equino(nombre, tipo, pelaje, sexo, handicap, stud_nombre, padre_nombre, madre_nombre, cuidador_persona_dni, entrenador_persona_dni) VALUES ("MR. ED", "Ganador de primera", "Marron", "M", 82.46995839580146, "MORO", "BRUMESE", "PINO SOLO", 10000120, 10000119);
INSERT INTO equino(nombre, tipo, pelaje, sexo, handicap, stud_nombre, padre_nombre, madre_nombre, cuidador_persona_dni, entrenador_persona_dni) VALUES ("PEGASO", "Ganador de primera", "Marron oscuro", "M", 77.71977789868193, "BLANCO", "MANCHA Y GATO", "QUEREUQUEN", 10000123, 10000122);
INSERT INTO equino(nombre, tipo, pelaje, sexo, handicap, stud_nombre, padre_nombre, madre_nombre, cuidador_persona_dni, entrenador_persona_dni) VALUES ("KASZTANKA", "Ganador de primera", "Rubio", "F", 87.83951990590839, "TIGRE", "FIZZY", "LINDA SIEMPRE", 10000126, 10000125);

-- Encuentro
INSERT INTO encuentro(numero, hipodromo_nombre, fecha) VALUES (318023898, "Hipodromo de San Isidro", "14/04/2013 23:00");
INSERT INTO encuentro(numero, hipodromo_nombre, fecha) VALUES (1661261306, "Hipodromo de Palermo", "10/04/2013 12:00");
INSERT INTO encuentro(numero, hipodromo_nombre, fecha) VALUES (2090865276, "Hipodromo de La Plata", "08/05/2013 02:30");
INSERT INTO encuentro(numero, hipodromo_nombre, fecha) VALUES (1930148489, "Hipodromo de San Isidro", "23/04/2013 16:00");
INSERT INTO encuentro(numero, hipodromo_nombre, fecha) VALUES (26512525, "Hipodromo de La Plata", "19/04/2013 01:30");
INSERT INTO encuentro(numero, hipodromo_nombre, fecha) VALUES (1255319150, "Hipodromo de Palermo", "19/04/2013 22:30");
INSERT INTO encuentro(numero, hipodromo_nombre, fecha) VALUES (1385923583, "Hipodromo de San Isidro", "19/04/2013 15:00");
INSERT INTO encuentro(numero, hipodromo_nombre, fecha) VALUES (2113137079, "Hipodromo de La Plata", "31/05/2013 06:30");
INSERT INTO encuentro(numero, hipodromo_nombre, fecha) VALUES (621824841, "Hipodromo de San Isidro", "26/05/2013 06:30");
INSERT INTO encuentro(numero, hipodromo_nombre, fecha) VALUES (1770839367, "Hipodromo de La Plata", "26/04/2013 04:00");
INSERT INTO encuentro(numero, hipodromo_nombre, fecha) VALUES (1881086987, "Hipodromo de Palermo", "30/05/2013 19:30");
INSERT INTO encuentro(numero, hipodromo_nombre, fecha) VALUES (12138956, "Hipodromo de La Plata", "05/05/2013 20:00");
INSERT INTO encuentro(numero, hipodromo_nombre, fecha) VALUES (135037064, "Hipodromo de Palermo", "19/05/2013 23:30");
INSERT INTO encuentro(numero, hipodromo_nombre, fecha) VALUES (757748825, "Hipodromo de San Isidro", "21/04/2013 15:00");
INSERT INTO encuentro(numero, hipodromo_nombre, fecha) VALUES (2136221242, "Hipodromo de San Isidro", "10/04/2013 17:00");
INSERT INTO encuentro(numero, hipodromo_nombre, fecha) VALUES (1383679085, "Hipodromo de Palermo", "15/04/2013 00:00");
INSERT INTO encuentro(numero, hipodromo_nombre, fecha) VALUES (1242437225, "Hipodromo de Palermo", "23/05/2013 03:00");
INSERT INTO encuentro(numero, hipodromo_nombre, fecha) VALUES (1970467357, "Hipodromo de San Isidro", "25/04/2013 07:30");
INSERT INTO encuentro(numero, hipodromo_nombre, fecha) VALUES (279533797, "Hipodromo de San Isidro", "27/05/2013 06:00");
INSERT INTO encuentro(numero, hipodromo_nombre, fecha) VALUES (389876542, "Hipodromo de San Isidro", "28/05/2013 21:30");
INSERT INTO encuentro(numero, hipodromo_nombre, fecha) VALUES (1806368141, "Hipodromo de La Plata", "05/05/2013 20:30");
INSERT INTO encuentro(numero, hipodromo_nombre, fecha) VALUES (2127749524, "Hipodromo de Palermo", "10/04/2013 14:30");
INSERT INTO encuentro(numero, hipodromo_nombre, fecha) VALUES (1791003982, "Hipodromo de Palermo", "29/04/2013 05:30");
INSERT INTO encuentro(numero, hipodromo_nombre, fecha) VALUES (1912156292, "Hipodromo de La Plata", "22/04/2013 05:30");
INSERT INTO encuentro(numero, hipodromo_nombre, fecha) VALUES (1309992247, "Hipodromo de San Isidro", "16/04/2013 21:30");
INSERT INTO encuentro(numero, hipodromo_nombre, fecha) VALUES (1097321149, "Hipodromo de San Isidro", "03/05/2013 08:00");
INSERT INTO encuentro(numero, hipodromo_nombre, fecha) VALUES (964065036, "Hipodromo de San Isidro", "28/04/2013 01:00");
INSERT INTO encuentro(numero, hipodromo_nombre, fecha) VALUES (176697229, "Hipodromo de Palermo", "15/04/2013 11:30");
INSERT INTO encuentro(numero, hipodromo_nombre, fecha) VALUES (1702753169, "Hipodromo de La Plata", "10/04/2013 14:30");
INSERT INTO encuentro(numero, hipodromo_nombre, fecha) VALUES (734529922, "Hipodromo de La Plata", "28/05/2013 23:30");
INSERT INTO encuentro(numero, hipodromo_nombre, fecha) VALUES (1803836472, "Hipodromo de San Isidro", "27/05/2013 00:30");
INSERT INTO encuentro(numero, hipodromo_nombre, fecha) VALUES (522097662, "Hipodromo de Palermo", "18/05/2013 23:00");
INSERT INTO encuentro(numero, hipodromo_nombre, fecha) VALUES (1037532428, "Hipodromo de San Isidro", "03/06/2013 13:00");
INSERT INTO encuentro(numero, hipodromo_nombre, fecha) VALUES (1090774932, "Hipodromo de La Plata", "09/05/2013 23:30");
INSERT INTO encuentro(numero, hipodromo_nombre, fecha) VALUES (775671278, "Hipodromo de Palermo", "01/06/2013 13:30");
INSERT INTO encuentro(numero, hipodromo_nombre, fecha) VALUES (2025402866, "Hipodromo de San Isidro", "26/04/2013 17:30");
INSERT INTO encuentro(numero, hipodromo_nombre, fecha) VALUES (292207870, "Hipodromo de San Isidro", "11/05/2013 14:00");
INSERT INTO encuentro(numero, hipodromo_nombre, fecha) VALUES (1096864285, "Hipodromo de Palermo", "15/05/2013 17:30");
INSERT INTO encuentro(numero, hipodromo_nombre, fecha) VALUES (383541142, "Hipodromo de La Plata", "26/04/2013 08:00");
INSERT INTO encuentro(numero, hipodromo_nombre, fecha) VALUES (973430410, "Hipodromo de San Isidro", "15/05/2013 08:30");
INSERT INTO encuentro(numero, hipodromo_nombre, fecha) VALUES (1355517187, "Hipodromo de La Plata", "09/04/2013 11:00");
INSERT INTO encuentro(numero, hipodromo_nombre, fecha) VALUES (625906506, "Hipodromo de San Isidro", "23/05/2013 22:30");

-- Carrera

-- Participacion