-- Hipodromo
INSERT INTO hipodromo(nombre, direccion) VALUES ('Hipodromo de La Plata', 'Av. 44 esq. 116');
INSERT INTO hipodromo(nombre, direccion) VALUES ('Hipodromo de San Isidro', 'Av. Márquez 504');
INSERT INTO hipodromo(nombre, direccion) VALUES ('Hipodromo de Palermo', 'Av. del Libertador 4101');

-- Pista
INSERT INTO pista(nombre, hipodromo_nombre, tipo, nro_andariveles) VALUES ('Pista 1', 'Hipodromo de La Plata', 'Arena', 11);
INSERT INTO pista(nombre, hipodromo_nombre, tipo, nro_andariveles) VALUES ('Pista 2', 'Hipodromo de La Plata', 'Arena', 12);
INSERT INTO pista(nombre, hipodromo_nombre, tipo, nro_andariveles) VALUES ('Pista 3', 'Hipodromo de La Plata', 'Arena', 18);
INSERT INTO pista(nombre, hipodromo_nombre, tipo, nro_andariveles) VALUES ('Pista 4', 'Hipodromo de La Plata', 'Arena', 11);
INSERT INTO pista(nombre, hipodromo_nombre, tipo, nro_andariveles) VALUES ('Pista 1', 'Hipodromo de San Isidro', 'Césped', 11);
INSERT INTO pista(nombre, hipodromo_nombre, tipo, nro_andariveles) VALUES ('Pista 2', 'Hipodromo de San Isidro', 'Arena', 11);
INSERT INTO pista(nombre, hipodromo_nombre, tipo, nro_andariveles) VALUES ('Pista 1', 'Hipodromo de Palermo', 'Césped', 9);
INSERT INTO pista(nombre, hipodromo_nombre, tipo, nro_andariveles) VALUES ('Pista 2', 'Hipodromo de Palermo', 'Arena', 11);

-- Stud
INSERT INTO stud(nombre, color_gorra, color_chaqueta) VALUES ('CAITO', 'verde claro', 'verde claro');
INSERT INTO stud(nombre, color_gorra, color_chaqueta) VALUES ('MAM', 'naranja', 'naranja');
INSERT INTO stud(nombre, color_gorra, color_chaqueta) VALUES ('GAUCHITO GIL', 'amarillo', 'amarillo');
INSERT INTO stud(nombre, color_gorra, color_chaqueta) VALUES ('B.J.(Vguay.)', 'violeta', 'violeta');
INSERT INTO stud(nombre, color_gorra, color_chaqueta) VALUES ('GENTE DE TURF', 'rojo', 'rojo');
INSERT INTO stud(nombre, color_gorra, color_chaqueta) VALUES ('VAS-QUITO', 'celeste', 'celeste');
INSERT INTO stud(nombre, color_gorra, color_chaqueta) VALUES ('LOS GATEADOS (MDP)', 'gris oscuro', 'gris oscuro');
INSERT INTO stud(nombre, color_gorra, color_chaqueta) VALUES ('HARAS LAS EMMAS', 'rosado', 'rosado');
INSERT INTO stud(nombre, color_gorra, color_chaqueta) VALUES ('PASO LOPEZ (Azul)', 'azul oscuro', 'azul oscuro');
INSERT INTO stud(nombre, color_gorra, color_chaqueta) VALUES ('MOZO BACAN', 'gris claro', 'gris claro');
INSERT INTO stud(nombre, color_gorra, color_chaqueta) VALUES ('FEDEX (Azul)', 'azul claro', 'azul claro');
INSERT INTO stud(nombre, color_gorra, color_chaqueta) VALUES ('EL NEGRO', 'negro', 'negro');
INSERT INTO stud(nombre, color_gorra, color_chaqueta) VALUES ('DON LEOPOLDO', 'rojo amarillo', 'rojo amarillo');
INSERT INTO stud(nombre, color_gorra, color_chaqueta) VALUES ('JUBAFER', 'azul verde violeta', 'azul verde');
INSERT INTO stud(nombre, color_gorra, color_chaqueta) VALUES ('EL MAXI', 'azul negro', 'azul negro');
INSERT INTO stud(nombre, color_gorra, color_chaqueta) VALUES ('EL PADRINO', 'verde amarillo', 'verde amarillo');
INSERT INTO stud(nombre, color_gorra, color_chaqueta) VALUES ('LAS TUTIS', 'violeta celeste', 'violeta celeste');
INSERT INTO stud(nombre, color_gorra, color_chaqueta) VALUES ('CABO ALARCON', 'rosa rojo naranja', 'rosa rojo naranja');
INSERT INTO stud(nombre, color_gorra, color_chaqueta) VALUES ('NOE MAR', 'verde amaraillo azul', 'verde amaraillo azul');
INSERT INTO stud(nombre, color_gorra, color_chaqueta) VALUES ('LOS COLORADOS', 'rojo', 'rojo');
INSERT INTO stud(nombre, color_gorra, color_chaqueta) VALUES ('FIRMAMENTO', 'gris verde azul', 'gris verde azul');
INSERT INTO stud(nombre, color_gorra, color_chaqueta) VALUES ('BEVA-ALCA', 'blanco amarillo rojo negro', 'blanco amarillo rojo negro');
INSERT INTO stud(nombre, color_gorra, color_chaqueta) VALUES ('LOS HERMANITOS (S.Fe)', 'violeta blanco azul', 'violeta blanco azul');
INSERT INTO stud(nombre, color_gorra, color_chaqueta) VALUES ('EL GUASO', 'gris verde granate', 'gris verde granate');
INSERT INTO stud(nombre, color_gorra, color_chaqueta) VALUES ('LA CHUMBEADA', 'marron amarillo', 'marron amarillo');
INSERT INTO stud(nombre, color_gorra, color_chaqueta) VALUES ('LOS 4 ASES', 'azul marron gris', 'azul marron gris');
INSERT INTO stud(nombre, color_gorra, color_chaqueta) VALUES ('LA CAMPANA', 'blanco gris negro', 'blanco gris negro');
INSERT INTO stud(nombre, color_gorra, color_chaqueta) VALUES ('LA QUEBRADA', 'negro marron claro verde', 'negro marron claro verde');
INSERT INTO stud(nombre, color_gorra, color_chaqueta) VALUES ('CUMENEYEN', 'verde amarello', 'verde amarello');
INSERT INTO stud(nombre, color_gorra, color_chaqueta) VALUES ('CUCUNITO', 'azul celeste amarillo blanco', 'azul celeste amarillo blanco');
INSERT INTO stud(nombre, color_gorra, color_chaqueta) VALUES ('EL ZAINO', 'verde claro', 'verde claro y rojo');
INSERT INTO stud(nombre, color_gorra, color_chaqueta) VALUES ('VALLE DE LA LUNA', 'gris azul claro', 'gris azul claro');
INSERT INTO stud(nombre, color_gorra, color_chaqueta) VALUES ('ESEERREEFE', 'verde oscuro', 'verde oscuro');
INSERT INTO stud(nombre, color_gorra, color_chaqueta) VALUES ('MIRABELLA', 'amarillo rojo', 'rojo amarillo');
INSERT INTO stud(nombre, color_gorra, color_chaqueta) VALUES ('L.A. (LP)', 'verde celeste amarillo', 'verde celeste amarillo');
INSERT INTO stud(nombre, color_gorra, color_chaqueta) VALUES ('LE FRAGOLE', 'verde celeste naranja', 'verde celeste naranja');
INSERT INTO stud(nombre, color_gorra, color_chaqueta) VALUES ('LA PROVIDENCIA', 'marron naranja', 'marron naranja');
INSERT INTO stud(nombre, color_gorra, color_chaqueta) VALUES ('ASAYE', 'rojo celeste', 'rojo celeste');
INSERT INTO stud(nombre, color_gorra, color_chaqueta) VALUES ('27 DE ABRIL', 'blanco rojo', 'blanco rojo');
INSERT INTO stud(nombre, color_gorra, color_chaqueta) VALUES ('PINO SOLO', 'rojo naranja blanco', 'rojo naranja blanco');
INSERT INTO stud(nombre, color_gorra, color_chaqueta) VALUES ('QUEREUQUEN', 'verde violeta negro', 'verde violeta negro');
INSERT INTO stud(nombre, color_gorra, color_chaqueta) VALUES ('LINDA SIEMPRE', 'marron celesete', 'marron celesete');

-- Persona
INSERT INTO persona(dni, nombres, apellidos, stud_nombre) VALUES (10000001, 'Juan Carlos', 'Perez', 'CAITO');
INSERT INTO persona(dni, nombres, apellidos, stud_nombre) VALUES (10000002, 'Jose', 'Picardo', 'CAITO');
INSERT INTO persona(dni, nombres, apellidos, stud_nombre) VALUES (10000003, 'Jimena', 'Cleveland', 'CAITO');
INSERT INTO persona(dni, nombres, apellidos, stud_nombre) VALUES (10000004, 'Gerardo', 'Paez', 'MAM');
INSERT INTO persona(dni, nombres, apellidos, stud_nombre) VALUES (10000005, 'Juan', 'Picolo', 'MAM');
INSERT INTO persona(dni, nombres, apellidos, stud_nombre) VALUES (10000006, 'Monto', 'Remz', 'MAM');
INSERT INTO persona(dni, nombres, apellidos, stud_nombre) VALUES (10000007, 'Moises', 'Agers', 'GAUCHITO GIL');
INSERT INTO persona(dni, nombres, apellidos, stud_nombre) VALUES (10000008, 'Mariano', 'Andre', 'GAUCHITO GIL');
INSERT INTO persona(dni, nombres, apellidos, stud_nombre) VALUES (10000009, 'German', 'Agata', 'GAUCHITO GIL');
INSERT INTO persona(dni, nombres, apellidos, stud_nombre) VALUES (10000010, 'Joseph', 'Wevver', 'B.J.(Vguay.)');
INSERT INTO persona(dni, nombres, apellidos, stud_nombre) VALUES (10000011, 'Aaron', 'Crispulo', 'B.J.(Vguay.)');
INSERT INTO persona(dni, nombres, apellidos, stud_nombre) VALUES (10000012, 'Abrahan', 'Cleveland', 'B.J.(Vguay.)');
INSERT INTO persona(dni, nombres, apellidos, stud_nombre) VALUES (10000013, 'Bonfilio', 'Webbez', 'GENTE DE TURF');
INSERT INTO persona(dni, nombres, apellidos, stud_nombre) VALUES (10000014, 'Boris', 'Mica', 'GENTE DE TURF');
INSERT INTO persona(dni, nombres, apellidos, stud_nombre) VALUES (10000015, 'Caesar', 'Tasptger', 'GENTE DE TURF');
INSERT INTO persona(dni, nombres, apellidos, stud_nombre) VALUES (10000016, 'Bertoldo', 'Cullen', 'VAS-QUITO');
INSERT INTO persona(dni, nombres, apellidos, stud_nombre) VALUES (10000017, 'Briccio', 'Pacet', 'VAS-QUITO');
INSERT INTO persona(dni, nombres, apellidos, stud_nombre) VALUES (10000018, 'Caetano', 'Cuadragesimo', 'VAS-QUITO');
INSERT INTO persona(dni, nombres, apellidos, stud_nombre) VALUES (10000019, 'Caian', 'Cupido', 'LOS GATEADOS (MDP)');
INSERT INTO persona(dni, nombres, apellidos, stud_nombre) VALUES (10000020, 'Cain', 'Crispulo', 'LOS GATEADOS (MDP)');
INSERT INTO persona(dni, nombres, apellidos, stud_nombre) VALUES (10000021, 'Mauricio', 'Cuniberto', 'LOS GATEADOS (MDP)');
INSERT INTO persona(dni, nombres, apellidos, stud_nombre) VALUES (10000022, 'Miguel', 'Mirac', 'HARAS LAS EMMAS');
INSERT INTO persona(dni, nombres, apellidos, stud_nombre) VALUES (10000023, 'Guillermo', 'Locars', 'HARAS LAS EMMAS');
INSERT INTO persona(dni, nombres, apellidos, stud_nombre) VALUES (10000024, 'Juan', 'Cyrus', 'HARAS LAS EMMAS');
INSERT INTO persona(dni, nombres, apellidos, stud_nombre) VALUES (10000025, 'Hernan', 'Legiers', 'PASO LOPEZ (Azul)');
INSERT INTO persona(dni, nombres, apellidos, stud_nombre) VALUES (10000026, 'Calepodio', 'Lopez', 'PASO LOPEZ (Azul)');
INSERT INTO persona(dni, nombres, apellidos, stud_nombre) VALUES (10000027, 'Hashini', 'Cynric', 'PASO LOPEZ (Azul)');
INSERT INTO persona(dni, nombres, apellidos, stud_nombre) VALUES (10000028, 'Aaron', 'Cleveland', 'MOZO BACAN');
INSERT INTO persona(dni, nombres, apellidos, stud_nombre) VALUES (10000029, 'Abrahan', 'Cuyen', 'MOZO BACAN');
INSERT INTO persona(dni, nombres, apellidos, stud_nombre) VALUES (10000030, 'Subar', 'Cupido', 'MOZO BACAN');
INSERT INTO persona(dni, nombres, apellidos, stud_nombre) VALUES (10000031, 'Tabia', 'Yumiz', 'FEDEX (Azul)');
INSERT INTO persona(dni, nombres, apellidos, stud_nombre) VALUES (10000032, 'Baltasar', 'Crispulo', 'FEDEX (Azul)');
INSERT INTO persona(dni, nombres, apellidos, stud_nombre) VALUES (10000033, 'Ricardo', 'Ferdinando', 'FEDEX (Azul)');
INSERT INTO persona(dni, nombres, apellidos, stud_nombre) VALUES (10000034, 'Richard', 'Fernandez', 'EL NEGRO');
INSERT INTO persona(dni, nombres, apellidos, stud_nombre) VALUES (10000035, 'Abel', 'Galo', 'EL NEGRO');
INSERT INTO persona(dni, nombres, apellidos, stud_nombre) VALUES (10000036, 'Roberto', 'Kiriff', 'EL NEGRO');
INSERT INTO persona(dni, nombres, apellidos, stud_nombre) VALUES (10000037, 'Mercucio', 'Pignato', 'DON LEOPOLDO');
INSERT INTO persona(dni, nombres, apellidos, stud_nombre) VALUES (10000038, 'Flavio', 'Pignato', 'DON LEOPOLDO');
INSERT INTO persona(dni, nombres, apellidos, stud_nombre) VALUES (10000039, 'Baltasar', 'Crispulo', 'DON LEOPOLDO');
INSERT INTO persona(dni, nombres, apellidos, stud_nombre) VALUES (10000040, 'Faustino', 'Paulot', 'JUBAFER');
INSERT INTO persona(dni, nombres, apellidos, stud_nombre) VALUES (10000041, 'Bertoldo', 'Feliciano', 'JUBAFER');
INSERT INTO persona(dni, nombres, apellidos, stud_nombre) VALUES (10000042, 'Fermal', 'Cleveland', 'JUBAFER');
INSERT INTO persona(dni, nombres, apellidos, stud_nombre) VALUES (10000043, 'Pocho', 'Paulot', 'EL MAXI');
INSERT INTO persona(dni, nombres, apellidos, stud_nombre) VALUES (10000044, 'Beranger', 'Pocur', 'EL MAXI');
INSERT INTO persona(dni, nombres, apellidos, stud_nombre) VALUES (10000045, 'Tatin', 'Felicisimo', 'EL MAXI');
INSERT INTO persona(dni, nombres, apellidos, stud_nombre) VALUES (10000046, 'Tomas', 'Flinn', 'EL PADRINO');
INSERT INTO persona(dni, nombres, apellidos, stud_nombre) VALUES (10000047, 'Barrett', 'Firneo', 'EL PADRINO');
INSERT INTO persona(dni, nombres, apellidos, stud_nombre) VALUES (10000048, 'Lucas', 'Fintano', 'EL PADRINO');
INSERT INTO persona(dni, nombres, apellidos, stud_nombre) VALUES (10000049, 'Calixto', 'Crispulo', 'LAS TUTIS');
INSERT INTO persona(dni, nombres, apellidos, stud_nombre) VALUES (10000050, 'Benedicto', 'Ferreolo', 'LAS TUTIS');
INSERT INTO persona(dni, nombres, apellidos, stud_nombre) VALUES (10000051, 'Abel', 'Fiacro', 'LAS TUTIS');
INSERT INTO persona(dni, nombres, apellidos, stud_nombre) VALUES (10000052, 'Calixto', 'Filindo', 'CABO ALARCON');
INSERT INTO persona(dni, nombres, apellidos, stud_nombre) VALUES (10000053, 'Lucas', 'Fileas', 'CABO ALARCON');
INSERT INTO persona(dni, nombres, apellidos, stud_nombre) VALUES (10000054, 'Aaron', 'Corbett', 'CABO ALARCON');
INSERT INTO persona(dni, nombres, apellidos, stud_nombre) VALUES (10000055, 'Camden', 'Cleveland', 'NOE MAR');
INSERT INTO persona(dni, nombres, apellidos, stud_nombre) VALUES (10000056, 'Mauricio', 'Perez', 'NOE MAR');
INSERT INTO persona(dni, nombres, apellidos, stud_nombre) VALUES (10000057, 'Abrahan', 'Rodriguez', 'NOE MAR');
INSERT INTO persona(dni, nombres, apellidos, stud_nombre) VALUES (10000058, 'Sebastian', 'Florian', 'LOS COLORADOS');
INSERT INTO persona(dni, nombres, apellidos, stud_nombre) VALUES (10000059, 'Santiago', 'Rodriguez', 'LOS COLORADOS');
INSERT INTO persona(dni, nombres, apellidos, stud_nombre) VALUES (10000060, 'Abrahan', 'Febronio', 'LOS COLORADOS');
INSERT INTO persona(dni, nombres, apellidos, stud_nombre) VALUES (10000061, 'Fabian', 'Floviano', 'FIRMAMENTO');
INSERT INTO persona(dni, nombres, apellidos, stud_nombre) VALUES (10000062, 'Mariano', 'Faustiniano', 'FIRMAMENTO');
INSERT INTO persona(dni, nombres, apellidos, stud_nombre) VALUES (10000063, 'Federico', 'Corbett', 'FIRMAMENTO');
INSERT INTO persona(dni, nombres, apellidos, stud_nombre) VALUES (10000064, 'Andres', 'Rodriguez', 'BEVA-ALCA');
INSERT INTO persona(dni, nombres, apellidos, stud_nombre) VALUES (10000065, 'Baltasar', 'Perez', 'BEVA-ALCA');
INSERT INTO persona(dni, nombres, apellidos, stud_nombre) VALUES (10000066, 'Sergio', 'Cooper', 'BEVA-ALCA');
INSERT INTO persona(dni, nombres, apellidos, stud_nombre) VALUES (10000067, 'Fernando', 'Perez', 'LOS HERMANITOS (S.Fe)');
INSERT INTO persona(dni, nombres, apellidos, stud_nombre) VALUES (10000068, 'Federico', 'Perez', 'LOS HERMANITOS (S.Fe)');
INSERT INTO persona(dni, nombres, apellidos, stud_nombre) VALUES (10000069, 'Abel', 'Coriolano', 'LOS HERMANITOS (S.Fe)');
INSERT INTO persona(dni, nombres, apellidos, stud_nombre) VALUES (10000070, 'Carlos', 'Perez', 'EL GUASO');
INSERT INTO persona(dni, nombres, apellidos, stud_nombre) VALUES (10000071, 'Federico', 'Perez', 'EL GUASO');
INSERT INTO persona(dni, nombres, apellidos, stud_nombre) VALUES (10000072, 'Fabian', 'Mirato', 'EL GUASO');
INSERT INTO persona(dni, nombres, apellidos, stud_nombre) VALUES (10000073, 'Fernando', 'Coriolano', 'LA CHUMBEADA');
INSERT INTO persona(dni, nombres, apellidos, stud_nombre) VALUES (10000074, 'Carlos', 'Morza', 'LA CHUMBEADA');
INSERT INTO persona(dni, nombres, apellidos, stud_nombre) VALUES (10000075, 'Fernando', 'Miguez', 'LA CHUMBEADA');
INSERT INTO persona(dni, nombres, apellidos, stud_nombre) VALUES (10000076, 'Facundo', 'Cleveland', 'LOS 4 ASES');
INSERT INTO persona(dni, nombres, apellidos, stud_nombre) VALUES (10000077, 'Permacio', 'Molar', 'LOS 4 ASES');
INSERT INTO persona(dni, nombres, apellidos, stud_nombre) VALUES (10000078, 'Claudiano', 'Raes', 'LOS 4 ASES');
INSERT INTO persona(dni, nombres, apellidos, stud_nombre) VALUES (10000079, 'Pablo', 'Rico', 'LA CAMPANA');
INSERT INTO persona(dni, nombres, apellidos, stud_nombre) VALUES (10000080, 'Baltasar', 'Rolon', 'LA CAMPANA');
INSERT INTO persona(dni, nombres, apellidos, stud_nombre) VALUES (10000081, 'Julian', 'Mecrano', 'LA CAMPANA');
INSERT INTO persona(dni, nombres, apellidos, stud_nombre) VALUES (10000082, 'German', 'Paset', 'LA QUEBRADA');
INSERT INTO persona(dni, nombres, apellidos, stud_nombre) VALUES (10000083, 'Carlos', 'Pocara', 'LA QUEBRADA');
INSERT INTO persona(dni, nombres, apellidos, stud_nombre) VALUES (10000084, 'Petrin', 'Olvert', 'LA QUEBRADA');
INSERT INTO persona(dni, nombres, apellidos, stud_nombre) VALUES (10000085, 'James', 'Merca', 'CUMENEYEN');
INSERT INTO persona(dni, nombres, apellidos, stud_nombre) VALUES (10000086, 'Sebastian', 'Mujica', 'CUMENEYEN');
INSERT INTO persona(dni, nombres, apellidos, stud_nombre) VALUES (10000087, 'Rodrigo', 'Monitz', 'CUMENEYEN');
INSERT INTO persona(dni, nombres, apellidos, stud_nombre) VALUES (10000088, 'Aaron', 'Cleveland', 'CUCUNITO');
INSERT INTO persona(dni, nombres, apellidos, stud_nombre) VALUES (10000089, 'Alberto', 'Licsd', 'CUCUNITO');
INSERT INTO persona(dni, nombres, apellidos, stud_nombre) VALUES (10000090, 'Abel', 'Tradec', 'CUCUNITO');
INSERT INTO persona(dni, nombres, apellidos, stud_nombre) VALUES (10000091, 'Patricio', 'Totiz', 'EL ZAINO');
INSERT INTO persona(dni, nombres, apellidos, stud_nombre) VALUES (10000092, 'Juan Carlos', 'Pera', 'EL ZAINO');
INSERT INTO persona(dni, nombres, apellidos, stud_nombre) VALUES (10000093, 'Jorge', 'Banquito', 'EL ZAINO');
INSERT INTO persona(dni, nombres, apellidos, stud_nombre) VALUES (10000094, 'Matias', 'Farrell', 'VALLE DE LA LUNA');
INSERT INTO persona(dni, nombres, apellidos, stud_nombre) VALUES (10000095, 'Abundio', 'Licrec', 'VALLE DE LA LUNA');
INSERT INTO persona(dni, nombres, apellidos, stud_nombre) VALUES (10000096, 'Charlie', 'Clotario', 'VALLE DE LA LUNA');
INSERT INTO persona(dni, nombres, apellidos, stud_nombre) VALUES (10000097, 'Climaco', 'Marts', 'ESEERREEFE');
INSERT INTO persona(dni, nombres, apellidos, stud_nombre) VALUES (10000098, 'Clicerio', 'Clinio', 'ESEERREEFE');
INSERT INTO persona(dni, nombres, apellidos, stud_nombre) VALUES (10000099, 'Baltasar', 'Faraon', 'ESEERREEFE');
INSERT INTO persona(dni, nombres, apellidos, stud_nombre) VALUES (10000100, 'Claudiano', 'Argesty', 'MIRABELLA');
INSERT INTO persona(dni, nombres, apellidos, stud_nombre) VALUES (10000101, 'Cleto', 'Mirabella', 'MIRABELLA');
INSERT INTO persona(dni, nombres, apellidos, stud_nombre) VALUES (10000102, 'Clero', 'Mirabella', 'MIRABELLA');
INSERT INTO persona(dni, nombres, apellidos, stud_nombre) VALUES (10000103, 'Cleon Adriano', 'Reo', 'L.A. (LP)');
INSERT INTO persona(dni, nombres, apellidos, stud_nombre) VALUES (10000104, 'Cleon', 'Estud', 'L.A. (LP)');
INSERT INTO persona(dni, nombres, apellidos, stud_nombre) VALUES (10000105, 'Cirineo', 'Pertac', 'L.A. (LP)');
INSERT INTO persona(dni, nombres, apellidos, stud_nombre) VALUES (10000106, 'Christos', 'Rodriguez', 'LE FRAGOLE');
INSERT INTO persona(dni, nombres, apellidos, stud_nombre) VALUES (10000107, 'Chukwuma', 'Rodriguez', 'LE FRAGOLE');
INSERT INTO persona(dni, nombres, apellidos, stud_nombre) VALUES (10000108, 'Chase', 'Perez', 'LE FRAGOLE');
INSERT INTO persona(dni, nombres, apellidos, stud_nombre) VALUES (10000109, 'Camden', 'Cochi', 'LA PROVIDENCIA');
INSERT INTO persona(dni, nombres, apellidos, stud_nombre) VALUES (10000110, 'Cesario', 'Farnacio', 'LA PROVIDENCIA');
INSERT INTO persona(dni, nombres, apellidos, stud_nombre) VALUES (10000111, 'Carlisle', 'Coleman', 'LA PROVIDENCIA');
INSERT INTO persona(dni, nombres, apellidos, stud_nombre) VALUES (10000112, 'Celestino', 'Faraj', 'ASAYE');
INSERT INTO persona(dni, nombres, apellidos, stud_nombre) VALUES (10000113, 'Abundio', 'Cochi', 'ASAYE');
INSERT INTO persona(dni, nombres, apellidos, stud_nombre) VALUES (10000114, 'Carlos', 'Fantino', 'ASAYE');
INSERT INTO persona(dni, nombres, apellidos, stud_nombre) VALUES (10000115, 'Celestino', 'Fairfax', '27 DE ABRIL');
INSERT INTO persona(dni, nombres, apellidos, stud_nombre) VALUES (10000116, 'Ceferino', 'Falcon', '27 DE ABRIL');
INSERT INTO persona(dni, nombres, apellidos, stud_nombre) VALUES (10000117, 'Abundio', 'Clinio', '27 DE ABRIL');
INSERT INTO persona(dni, nombres, apellidos, stud_nombre) VALUES (10000118, 'Castor', 'Cooper', 'PINO SOLO');
INSERT INTO persona(dni, nombres, apellidos, stud_nombre) VALUES (10000119, 'Adriano', 'Clotario', 'PINO SOLO');
INSERT INTO persona(dni, nombres, apellidos, stud_nombre) VALUES (10000120, 'Caspar', 'Cooper', 'PINO SOLO');
INSERT INTO persona(dni, nombres, apellidos, stud_nombre) VALUES (10000121, 'Adriano', 'Fairfax', 'QUEREUQUEN');
INSERT INTO persona(dni, nombres, apellidos, stud_nombre) VALUES (10000122, 'Carmelo', 'Clinio', 'QUEREUQUEN');
INSERT INTO persona(dni, nombres, apellidos, stud_nombre) VALUES (10000123, 'Casandro', 'Cooper', 'QUEREUQUEN');
INSERT INTO persona(dni, nombres, apellidos, stud_nombre) VALUES (10000124, 'Abundio', 'Clotario', 'LINDA SIEMPRE');
INSERT INTO persona(dni, nombres, apellidos, stud_nombre) VALUES (10000125, 'Carmelo', 'Coleman', 'LINDA SIEMPRE');
INSERT INTO persona(dni, nombres, apellidos, stud_nombre) VALUES (10000126, 'Carlos', 'Cochi', 'LINDA SIEMPRE');


-- Jockey
INSERT INTO jockey(persona_dni, categoria, talla, peso) VALUES (10000001, 'Profesional', '149.42', '52.12');
INSERT INTO jockey(persona_dni, categoria, talla, peso) VALUES (10000004, 'Profesional', '151.43', '50.28');
INSERT INTO jockey(persona_dni, categoria, talla, peso) VALUES (10000007, 'Profesional', '144.25', '50.13');
INSERT INTO jockey(persona_dni, categoria, talla, peso) VALUES (10000010, 'Profesional', '149.50', '59.26');
INSERT INTO jockey(persona_dni, categoria, talla, peso) VALUES (10000013, 'Profesional', '159.12', '59.30');
INSERT INTO jockey(persona_dni, categoria, talla, peso) VALUES (10000016, 'Profesional', '144.93', '59.63');
INSERT INTO jockey(persona_dni, categoria, talla, peso) VALUES (10000019, 'Profesional', '147.55', '53.20');
INSERT INTO jockey(persona_dni, categoria, talla, peso) VALUES (10000022, 'Profesional', '151.14', '54.88');
INSERT INTO jockey(persona_dni, categoria, talla, peso) VALUES (10000025, 'Profesional', '148.91', '57.36');
INSERT INTO jockey(persona_dni, categoria, talla, peso) VALUES (10000028, 'Profesional', '155.64', '53.29');
INSERT INTO jockey(persona_dni, categoria, talla, peso) VALUES (10000031, 'Profesional', '146.95', '53.16');
INSERT INTO jockey(persona_dni, categoria, talla, peso) VALUES (10000034, 'Profesional', '153.35', '55.26');
INSERT INTO jockey(persona_dni, categoria, talla, peso) VALUES (10000037, 'Profesional', '141.60', '59.10');
INSERT INTO jockey(persona_dni, categoria, talla, peso) VALUES (10000040, 'Profesional', '153.45', '53.91');
INSERT INTO jockey(persona_dni, categoria, talla, peso) VALUES (10000043, 'Profesional', '146.16', '57.41');
INSERT INTO jockey(persona_dni, categoria, talla, peso) VALUES (10000046, 'Profesional', '150.21', '50.94');
INSERT INTO jockey(persona_dni, categoria, talla, peso) VALUES (10000049, 'Profesional', '145.09', '58.90');
INSERT INTO jockey(persona_dni, categoria, talla, peso) VALUES (10000052, 'Profesional', '155.96', '55.51');
INSERT INTO jockey(persona_dni, categoria, talla, peso) VALUES (10000055, 'Profesional', '143.79', '58.63');
INSERT INTO jockey(persona_dni, categoria, talla, peso) VALUES (10000058, 'Profesional', '144.29', '59.07');
INSERT INTO jockey(persona_dni, categoria, talla, peso) VALUES (10000061, 'Profesional', '151.17', '57.96');
INSERT INTO jockey(persona_dni, categoria, talla, peso) VALUES (10000064, 'Profesional', '145.00', '53.17');
INSERT INTO jockey(persona_dni, categoria, talla, peso) VALUES (10000067, 'Profesional', '158.04', '56.09');
INSERT INTO jockey(persona_dni, categoria, talla, peso) VALUES (10000070, 'Profesional', '148.93', '50.35');
INSERT INTO jockey(persona_dni, categoria, talla, peso) VALUES (10000073, 'Profesional', '150.23', '55.67');
INSERT INTO jockey(persona_dni, categoria, talla, peso) VALUES (10000076, 'Profesional', '140.32', '50.64');
INSERT INTO jockey(persona_dni, categoria, talla, peso) VALUES (10000079, 'Profesional', '143.72', '52.47');
INSERT INTO jockey(persona_dni, categoria, talla, peso) VALUES (10000082, 'Profesional', '157.18', '57.25');
INSERT INTO jockey(persona_dni, categoria, talla, peso) VALUES (10000085, 'Profesional', '151.08', '58.82');
INSERT INTO jockey(persona_dni, categoria, talla, peso) VALUES (10000088, 'Profesional', '145.88', '55.66');
INSERT INTO jockey(persona_dni, categoria, talla, peso) VALUES (10000091, 'Profesional', '143.42', '54.02');
INSERT INTO jockey(persona_dni, categoria, talla, peso) VALUES (10000094, 'Profesional', '145.44', '59.52');
INSERT INTO jockey(persona_dni, categoria, talla, peso) VALUES (10000097, 'Profesional', '140.02', '52.85');
INSERT INTO jockey(persona_dni, categoria, talla, peso) VALUES (10000100, 'Profesional', '148.90', '55.39');
INSERT INTO jockey(persona_dni, categoria, talla, peso) VALUES (10000103, 'Profesional', '159.24', '54.70');
INSERT INTO jockey(persona_dni, categoria, talla, peso) VALUES (10000106, 'Profesional', '144.46', '55.81');
INSERT INTO jockey(persona_dni, categoria, talla, peso) VALUES (10000109, 'Profesional', '158.23', '52.13');
INSERT INTO jockey(persona_dni, categoria, talla, peso) VALUES (10000112, 'Profesional', '157.46', '56.91');
INSERT INTO jockey(persona_dni, categoria, talla, peso) VALUES (10000115, 'Profesional', '156.92', '57.22');
INSERT INTO jockey(persona_dni, categoria, talla, peso) VALUES (10000118, 'Profesional', '155.89', '52.35');
INSERT INTO jockey(persona_dni, categoria, talla, peso) VALUES (10000121, 'Profesional', '141.75', '58.17');
INSERT INTO jockey(persona_dni, categoria, talla, peso) VALUES (10000124, 'Profesional', '146.56', '50.09');


-- Entrenador
INSERT INTO entrenador(persona_dni) VALUES (10000002);
INSERT INTO entrenador(persona_dni) VALUES (10000005);
INSERT INTO entrenador(persona_dni) VALUES (10000008);
INSERT INTO entrenador(persona_dni) VALUES (10000011);
INSERT INTO entrenador(persona_dni) VALUES (10000014);
INSERT INTO entrenador(persona_dni) VALUES (10000017);
INSERT INTO entrenador(persona_dni) VALUES (10000020);
INSERT INTO entrenador(persona_dni) VALUES (10000023);
INSERT INTO entrenador(persona_dni) VALUES (10000026);
INSERT INTO entrenador(persona_dni) VALUES (10000029);
INSERT INTO entrenador(persona_dni) VALUES (10000032);
INSERT INTO entrenador(persona_dni) VALUES (10000035);
INSERT INTO entrenador(persona_dni) VALUES (10000038);
INSERT INTO entrenador(persona_dni) VALUES (10000041);
INSERT INTO entrenador(persona_dni) VALUES (10000044);
INSERT INTO entrenador(persona_dni) VALUES (10000047);
INSERT INTO entrenador(persona_dni) VALUES (10000050);
INSERT INTO entrenador(persona_dni) VALUES (10000053);
INSERT INTO entrenador(persona_dni) VALUES (10000056);
INSERT INTO entrenador(persona_dni) VALUES (10000059);
INSERT INTO entrenador(persona_dni) VALUES (10000062);
INSERT INTO entrenador(persona_dni) VALUES (10000065);
INSERT INTO entrenador(persona_dni) VALUES (10000068);
INSERT INTO entrenador(persona_dni) VALUES (10000071);
INSERT INTO entrenador(persona_dni) VALUES (10000074);
INSERT INTO entrenador(persona_dni) VALUES (10000077);
INSERT INTO entrenador(persona_dni) VALUES (10000080);
INSERT INTO entrenador(persona_dni) VALUES (10000083);
INSERT INTO entrenador(persona_dni) VALUES (10000086);
INSERT INTO entrenador(persona_dni) VALUES (10000089);
INSERT INTO entrenador(persona_dni) VALUES (10000092);
INSERT INTO entrenador(persona_dni) VALUES (10000095);
INSERT INTO entrenador(persona_dni) VALUES (10000098);
INSERT INTO entrenador(persona_dni) VALUES (10000101);
INSERT INTO entrenador(persona_dni) VALUES (10000104);
INSERT INTO entrenador(persona_dni) VALUES (10000107);
INSERT INTO entrenador(persona_dni) VALUES (10000110);
INSERT INTO entrenador(persona_dni) VALUES (10000113);
INSERT INTO entrenador(persona_dni) VALUES (10000116);
INSERT INTO entrenador(persona_dni) VALUES (10000119);
INSERT INTO entrenador(persona_dni) VALUES (10000122);
INSERT INTO entrenador(persona_dni) VALUES (10000125);


-- Cuidador
INSERT INTO cuidador(persona_dni) VALUES (10000003);
INSERT INTO cuidador(persona_dni) VALUES (10000006);
INSERT INTO cuidador(persona_dni) VALUES (10000009);
INSERT INTO cuidador(persona_dni) VALUES (10000012);
INSERT INTO cuidador(persona_dni) VALUES (10000015);
INSERT INTO cuidador(persona_dni) VALUES (10000018);
INSERT INTO cuidador(persona_dni) VALUES (10000021);
INSERT INTO cuidador(persona_dni) VALUES (10000024);
INSERT INTO cuidador(persona_dni) VALUES (10000027);
INSERT INTO cuidador(persona_dni) VALUES (10000030);
INSERT INTO cuidador(persona_dni) VALUES (10000033);
INSERT INTO cuidador(persona_dni) VALUES (10000036);
INSERT INTO cuidador(persona_dni) VALUES (10000039);
INSERT INTO cuidador(persona_dni) VALUES (10000042);
INSERT INTO cuidador(persona_dni) VALUES (10000045);
INSERT INTO cuidador(persona_dni) VALUES (10000048);
INSERT INTO cuidador(persona_dni) VALUES (10000051);
INSERT INTO cuidador(persona_dni) VALUES (10000054);
INSERT INTO cuidador(persona_dni) VALUES (10000057);
INSERT INTO cuidador(persona_dni) VALUES (10000060);
INSERT INTO cuidador(persona_dni) VALUES (10000063);
INSERT INTO cuidador(persona_dni) VALUES (10000066);
INSERT INTO cuidador(persona_dni) VALUES (10000069);
INSERT INTO cuidador(persona_dni) VALUES (10000072);
INSERT INTO cuidador(persona_dni) VALUES (10000075);
INSERT INTO cuidador(persona_dni) VALUES (10000078);
INSERT INTO cuidador(persona_dni) VALUES (10000081);
INSERT INTO cuidador(persona_dni) VALUES (10000084);
INSERT INTO cuidador(persona_dni) VALUES (10000087);
INSERT INTO cuidador(persona_dni) VALUES (10000090);
INSERT INTO cuidador(persona_dni) VALUES (10000093);
INSERT INTO cuidador(persona_dni) VALUES (10000096);
INSERT INTO cuidador(persona_dni) VALUES (10000099);
INSERT INTO cuidador(persona_dni) VALUES (10000102);
INSERT INTO cuidador(persona_dni) VALUES (10000105);
INSERT INTO cuidador(persona_dni) VALUES (10000108);
INSERT INTO cuidador(persona_dni) VALUES (10000111);
INSERT INTO cuidador(persona_dni) VALUES (10000114);
INSERT INTO cuidador(persona_dni) VALUES (10000117);
INSERT INTO cuidador(persona_dni) VALUES (10000120);
INSERT INTO cuidador(persona_dni) VALUES (10000123);
INSERT INTO cuidador(persona_dni) VALUES (10000126);


-- Equino
INSERT INTO equino(nombre, tipo, pelaje, sexo, handicap, stud_nombre, cuidador_persona_dni, entrenador_persona_dni) VALUES ('IMPERIOSO', 'Ganador de primera', 'Rubio', 0, '62.5', 'CAITO', 10000003, 10000002);
INSERT INTO equino(nombre, tipo, pelaje, sexo, handicap, stud_nombre, cuidador_persona_dni, entrenador_persona_dni) VALUES ('PAMPERO', 'Ganador de primera', 'Gris', 0, '29.7', 'MAM', 10000006, 10000005);
INSERT INTO equino(nombre, tipo, pelaje, sexo, handicap, stud_nombre, cuidador_persona_dni, entrenador_persona_dni) VALUES ('PALMICHE', 'Ganador de primera', 'Marron oscuro', 0, '73.2', 'GAUCHITO GIL', 10000009, 10000008);
INSERT INTO equino(nombre, tipo, pelaje, sexo, handicap, stud_nombre, cuidador_persona_dni, entrenador_persona_dni) VALUES ('LA LEYENDA BEDUINA DE LA CREACION DEL CABALLO', 'Ganador de primera', 'Marron', 1, '31.5', 'B.J.(Vguay.)', 10000012, 10000011);
INSERT INTO equino(nombre, tipo, pelaje, sexo, handicap, stud_nombre, cuidador_persona_dni, entrenador_persona_dni) VALUES ('MAGNOLIA', 'Ganador de primera', 'Marron', 1, '41.6', 'GENTE DE TURF', 10000015, 10000014);
INSERT INTO equino(nombre, tipo, pelaje, sexo, handicap, stud_nombre, cuidador_persona_dni, entrenador_persona_dni) VALUES ('MARSALA', 'Ganador de primera', 'Rojo', 1, '33.5', 'VAS-QUITO', 10000018, 10000017);
INSERT INTO equino(nombre, tipo, pelaje, sexo, handicap, stud_nombre, cuidador_persona_dni, entrenador_persona_dni) VALUES ('HAIZUN', 'Ganador de primera', 'Rubio', 0, '57.6', 'LOS GATEADOS (MDP)', 10000021, 10000020);
INSERT INTO equino(nombre, tipo, pelaje, sexo, handicap, stud_nombre, cuidador_persona_dni, entrenador_persona_dni) VALUES ('TIRO AL BLANCO', 'Ganador de primera', 'Marron', 0, '11.5', 'HARAS LAS EMMAS', 10000024, 10000023);
INSERT INTO equino(nombre, tipo, pelaje, sexo, handicap, stud_nombre, cuidador_persona_dni, entrenador_persona_dni) VALUES ('STRYMON', 'Ganador de primera', 'Marron', 0, '23.6', 'PASO LOPEZ (Azul)', 10000027, 10000026);
INSERT INTO equino(nombre, tipo, pelaje, sexo, handicap, stud_nombre, cuidador_persona_dni, entrenador_persona_dni) VALUES ('ZAHAREÑO', 'Ganador de primera', 'Azul', 0, '57.6', 'MOZO BACAN', 10000030, 10000029);
INSERT INTO equino(nombre, tipo, pelaje, sexo, handicap, stud_nombre, cuidador_persona_dni, entrenador_persona_dni) VALUES ('CAGANCHO', 'Ganador de primera', 'Azul', 0, '73.6', 'FEDEX (Azul)', 10000033, 10000032);
INSERT INTO equino(nombre, tipo, pelaje, sexo, handicap, stud_nombre, cuidador_persona_dni, entrenador_persona_dni) VALUES ('PEQUEÑO TIO', 'Ganador de primera', 'Negro', 0, '51.2', 'EL NEGRO', 10000036, 10000035);
INSERT INTO equino(nombre, tipo, pelaje, sexo, handicap, stud_nombre, cuidador_persona_dni, entrenador_persona_dni) VALUES ('CHING', 'Ganador de primera', 'Gris', 1, '27.5', 'DON LEOPOLDO', 10000039, 10000038);
INSERT INTO equino(nombre, tipo, pelaje, sexo, handicap, stud_nombre, cuidador_persona_dni, entrenador_persona_dni) VALUES ('LA JACA PACA', 'Ganador de primera', 'Negro', 1, '71.8', 'JUBAFER', 10000042, 10000041);
INSERT INTO equino(nombre, tipo, pelaje, sexo, handicap, stud_nombre, cuidador_persona_dni, entrenador_persona_dni) VALUES ('AS DE OROS', 'Ganador de primera', 'Rubio', 0, '41.0', 'EL MAXI', 10000045, 10000044);
INSERT INTO equino(nombre, tipo, pelaje, sexo, handicap, stud_nombre, cuidador_persona_dni, entrenador_persona_dni) VALUES ('NELSON', 'Ganador de primera', 'Rojo', 0, '37.8', 'EL PADRINO', 10000048, 10000047);
INSERT INTO equino(nombre, tipo, pelaje, sexo, handicap, stud_nombre, cuidador_persona_dni, entrenador_persona_dni) VALUES ('BUCEFALO', 'Ganador de primera', 'Azul', 0, '59.3', 'LAS TUTIS', 10000051, 10000050);
INSERT INTO equino(nombre, tipo, pelaje, sexo, handicap, stud_nombre, cuidador_persona_dni, entrenador_persona_dni) VALUES ('CABALLO DE TROYA', 'Ganador de primera', 'Rojo', 0, '69.0', 'CABO ALARCON', 10000054, 10000053);
INSERT INTO equino(nombre, tipo, pelaje, sexo, handicap, stud_nombre, cuidador_persona_dni, entrenador_persona_dni) VALUES ('MORZILLO', 'Ganador de primera', 'Rojo', 0, '37.3', 'NOE MAR', 10000057, 10000056);
INSERT INTO equino(nombre, tipo, pelaje, sexo, handicap, stud_nombre, cuidador_persona_dni, entrenador_persona_dni) VALUES ('SOMBRA GRIS', 'Ganador de primera', 'Negro', 0, '69.8', 'LOS COLORADOS', 10000060, 10000059);
INSERT INTO equino(nombre, tipo, pelaje, sexo, handicap, stud_nombre, cuidador_persona_dni, entrenador_persona_dni) VALUES ('BLAKIE', 'Ganador de primera', 'Rojo', 0, '78.8', 'FIRMAMENTO', 10000063, 10000062);
INSERT INTO equino(nombre, tipo, pelaje, sexo, handicap, stud_nombre, cuidador_persona_dni, entrenador_persona_dni) VALUES ('JANTO/BALIO', 'Ganador de primera', 'Marron', 0, '28.6', 'BEVA-ALCA', 10000066, 10000065);
INSERT INTO equino(nombre, tipo, pelaje, sexo, handicap, stud_nombre, cuidador_persona_dni, entrenador_persona_dni) VALUES ('DILU', 'Ganador de primera', 'Negro', 1, '69.2', 'LOS HERMANITOS (S.Fe)', 10000069, 10000068);
INSERT INTO equino(nombre, tipo, pelaje, sexo, handicap, stud_nombre, cuidador_persona_dni, entrenador_persona_dni) VALUES ('PALOMO', 'Ganador de primera', 'Gris', 0, '75.4', 'EL GUASO', 10000072, 10000071);
INSERT INTO equino(nombre, tipo, pelaje, sexo, handicap, stud_nombre, cuidador_persona_dni, entrenador_persona_dni) VALUES ('SILVER', 'Ganador de primera', 'Marron', 0, '30.0', 'LA CHUMBEADA', 10000075, 10000074);
INSERT INTO equino(nombre, tipo, pelaje, sexo, handicap, stud_nombre, cuidador_persona_dni, entrenador_persona_dni) VALUES ('SALVADOR', 'Ganador de primera', 'Rubio', 0, '79.5', 'LOS 4 ASES', 10000078, 10000077);
INSERT INTO equino(nombre, tipo, pelaje, sexo, handicap, stud_nombre, cuidador_persona_dni, entrenador_persona_dni) VALUES ('GENITOR', 'Ganador de primera', 'Gris', 0, '28.6', 'LA CAMPANA', 10000081, 10000080);
INSERT INTO equino(nombre, tipo, pelaje, sexo, handicap, stud_nombre, cuidador_persona_dni, entrenador_persona_dni) VALUES ('SILVER BLAZE', 'Ganador de primera', 'Gris', 0, '23.4', 'LA QUEBRADA', 10000084, 10000083);
INSERT INTO equino(nombre, tipo, pelaje, sexo, handicap, stud_nombre, cuidador_persona_dni, entrenador_persona_dni) VALUES ('JOLLY JUMPER', 'Ganador de primera', 'Azul', 0, '40.3', 'CUMENEYEN', 10000087, 10000086);
INSERT INTO equino(nombre, tipo, pelaje, sexo, handicap, stud_nombre, cuidador_persona_dni, entrenador_persona_dni) VALUES ('EL PRIETO', 'Ganador de primera', 'Azul', 0, '73.2', 'CUCUNITO', 10000090, 10000089);
INSERT INTO equino(nombre, tipo, pelaje, sexo, handicap, stud_nombre, cuidador_persona_dni, entrenador_persona_dni) VALUES ('HIPOGRIFO', 'Ganador de primera', 'Rubio', 0, '65.0', 'EL ZAINO', 10000093, 10000092);
INSERT INTO equino(nombre, tipo, pelaje, sexo, handicap, stud_nombre, cuidador_persona_dni, entrenador_persona_dni) VALUES ('RED FOX', 'Ganador de primera', 'Marron oscuro', 0, '65.2', 'VALLE DE LA LUNA', 10000096, 10000095);
INSERT INTO equino(nombre, tipo, pelaje, sexo, handicap, stud_nombre, cuidador_persona_dni, entrenador_persona_dni) VALUES ('TORDILLO', 'Ganador de primera', 'Rojo', 0, '30.9', 'ESEERREEFE', 10000099, 10000098);
INSERT INTO equino(nombre, tipo, pelaje, sexo, handicap, stud_nombre, cuidador_persona_dni, entrenador_persona_dni) VALUES ('HENGROEN', 'Ganador de primera', 'Rojo', 0, '35.7', 'MIRABELLA', 10000102, 10000101);
INSERT INTO equino(nombre, tipo, pelaje, sexo, handicap, stud_nombre, cuidador_persona_dni, entrenador_persona_dni) VALUES ('KANTAKA', 'Ganador de primera', 'Rubio', 1, '30.3', 'L.A. (LP)', 10000105, 10000104);
INSERT INTO equino(nombre, tipo, pelaje, sexo, handicap, stud_nombre, cuidador_persona_dni, entrenador_persona_dni) VALUES ('PASTOR', 'Ganador de primera', 'Gris', 0, '48.7', 'LE FRAGOLE', 10000108, 10000107);
INSERT INTO equino(nombre, tipo, pelaje, sexo, handicap, stud_nombre, cuidador_persona_dni, entrenador_persona_dni) VALUES ('JINN', 'Ganador de primera', 'Gris', 0, '83.6', 'LA PROVIDENCIA', 10000111, 10000110);
INSERT INTO equino(nombre, tipo, pelaje, sexo, handicap, stud_nombre, cuidador_persona_dni, entrenador_persona_dni) VALUES ('PASCASAS', 'Ganador de primera', 'Marron oscuro', 1, '26.6', 'ASAYE', 10000114, 10000113);
INSERT INTO equino(nombre, tipo, pelaje, sexo, handicap, stud_nombre, cuidador_persona_dni, entrenador_persona_dni) VALUES ('MARENGO', 'Ganador de primera', 'Rojo', 1, '29.0', '27 DE ABRIL', 10000117, 10000116);
INSERT INTO equino(nombre, tipo, pelaje, sexo, handicap, stud_nombre, cuidador_persona_dni, entrenador_persona_dni) VALUES ('MR. ED', 'Ganador de primera', 'Marron', 0, '20.6', 'PINO SOLO', 10000120, 10000119);
INSERT INTO equino(nombre, tipo, pelaje, sexo, handicap, stud_nombre, cuidador_persona_dni, entrenador_persona_dni) VALUES ('PEGASO', 'Ganador de primera', 'Gris', 0, '48.1', 'QUEREUQUEN', 10000123, 10000122);
INSERT INTO equino(nombre, tipo, pelaje, sexo, handicap, stud_nombre, cuidador_persona_dni, entrenador_persona_dni) VALUES ('KASZTANKA', 'Ganador de primera', 'Rubio', 1, '35.7', 'LINDA SIEMPRE', 10000126, 10000125);


-- Encuentro
INSERT INTO encuentro(numero, hipodromo_nombre, fecha) VALUES (1017425945, 'Hipodromo de San Isidro', '2013-05-15 07:00:29.329');
INSERT INTO encuentro(numero, hipodromo_nombre, fecha) VALUES (78206380, 'Hipodromo de Palermo', '2013-05-16 08:00:29.343');
INSERT INTO encuentro(numero, hipodromo_nombre, fecha) VALUES (264492362, 'Hipodromo de Palermo', '2013-05-17 07:00:29.343');
INSERT INTO encuentro(numero, hipodromo_nombre, fecha) VALUES (2012936677, 'Hipodromo de Palermo', '2013-05-18 08:00:29.343');
INSERT INTO encuentro(numero, hipodromo_nombre, fecha) VALUES (143450356, 'Hipodromo de San Isidro', '2013-05-19 08:00:29.343');
INSERT INTO encuentro(numero, hipodromo_nombre, fecha) VALUES (321564211, 'Hipodromo de Palermo', '2013-05-20 07:30:29.343');
INSERT INTO encuentro(numero, hipodromo_nombre, fecha) VALUES (692020953, 'Hipodromo de Palermo', '2013-05-21 09:00:29.344');
INSERT INTO encuentro(numero, hipodromo_nombre, fecha) VALUES (1887368405, 'Hipodromo de Palermo', '2013-05-22 08:30:29.344');
INSERT INTO encuentro(numero, hipodromo_nombre, fecha) VALUES (345657844, 'Hipodromo de San Isidro', '2013-05-23 09:00:29.344');
INSERT INTO encuentro(numero, hipodromo_nombre, fecha) VALUES (1452661528, 'Hipodromo de Palermo', '2013-05-24 07:00:29.344');
INSERT INTO encuentro(numero, hipodromo_nombre, fecha) VALUES (1826540431, 'Hipodromo de La Plata', '2013-05-25 08:00:29.344');
INSERT INTO encuentro(numero, hipodromo_nombre, fecha) VALUES (1306321049, 'Hipodromo de San Isidro', '2013-05-26 09:30:29.345');
INSERT INTO encuentro(numero, hipodromo_nombre, fecha) VALUES (425534416, 'Hipodromo de Palermo', '2013-05-27 09:30:29.345');
INSERT INTO encuentro(numero, hipodromo_nombre, fecha) VALUES (601022376, 'Hipodromo de La Plata', '2013-05-28 07:00:29.345');
INSERT INTO encuentro(numero, hipodromo_nombre, fecha) VALUES (688634187, 'Hipodromo de Palermo', '2013-05-29 08:30:29.345');
INSERT INTO encuentro(numero, hipodromo_nombre, fecha) VALUES (1653863749, 'Hipodromo de La Plata', '2013-05-30 08:00:29.345');
INSERT INTO encuentro(numero, hipodromo_nombre, fecha) VALUES (682090868, 'Hipodromo de San Isidro', '2013-05-31 09:30:29.346');
INSERT INTO encuentro(numero, hipodromo_nombre, fecha) VALUES (1664051485, 'Hipodromo de La Plata', '2013-06-01 08:30:29.346');
INSERT INTO encuentro(numero, hipodromo_nombre, fecha) VALUES (1658900422, 'Hipodromo de San Isidro', '2013-06-02 09:30:29.346');
INSERT INTO encuentro(numero, hipodromo_nombre, fecha) VALUES (1095210290, 'Hipodromo de La Plata', '2013-06-03 07:30:29.346');
INSERT INTO encuentro(numero, hipodromo_nombre, fecha) VALUES (554467110, 'Hipodromo de La Plata', '2013-06-04 09:30:29.346');
INSERT INTO encuentro(numero, hipodromo_nombre, fecha) VALUES (377212534, 'Hipodromo de Palermo', '2013-06-05 09:30:29.347');
INSERT INTO encuentro(numero, hipodromo_nombre, fecha) VALUES (585537718, 'Hipodromo de Palermo', '2013-06-06 09:30:29.347');
INSERT INTO encuentro(numero, hipodromo_nombre, fecha) VALUES (68963443, 'Hipodromo de Palermo', '2013-06-07 08:00:29.347');
INSERT INTO encuentro(numero, hipodromo_nombre, fecha) VALUES (601447428, 'Hipodromo de Palermo', '2013-06-08 09:30:29.347');
INSERT INTO encuentro(numero, hipodromo_nombre, fecha) VALUES (833098046, 'Hipodromo de Palermo', '2013-06-09 07:00:29.347');
INSERT INTO encuentro(numero, hipodromo_nombre, fecha) VALUES (1682999223, 'Hipodromo de Palermo', '2013-06-10 07:00:29.348');
INSERT INTO encuentro(numero, hipodromo_nombre, fecha) VALUES (110416228, 'Hipodromo de San Isidro', '2013-06-11 07:00:29.348');
INSERT INTO encuentro(numero, hipodromo_nombre, fecha) VALUES (1301692606, 'Hipodromo de San Isidro', '2013-06-12 08:00:29.348');
INSERT INTO encuentro(numero, hipodromo_nombre, fecha) VALUES (98622557, 'Hipodromo de Palermo', '2013-06-13 07:30:29.348');
INSERT INTO encuentro(numero, hipodromo_nombre, fecha) VALUES (1723464339, 'Hipodromo de La Plata', '2013-06-14 08:00:29.348');
INSERT INTO encuentro(numero, hipodromo_nombre, fecha) VALUES (1374618649, 'Hipodromo de La Plata', '2013-06-15 07:30:29.349');
INSERT INTO encuentro(numero, hipodromo_nombre, fecha) VALUES (1895915443, 'Hipodromo de Palermo', '2013-06-16 07:00:29.349');
INSERT INTO encuentro(numero, hipodromo_nombre, fecha) VALUES (2133624102, 'Hipodromo de La Plata', '2013-06-17 08:30:29.349');
INSERT INTO encuentro(numero, hipodromo_nombre, fecha) VALUES (576927987, 'Hipodromo de La Plata', '2013-06-18 09:30:29.349');
INSERT INTO encuentro(numero, hipodromo_nombre, fecha) VALUES (2080435929, 'Hipodromo de La Plata', '2013-06-19 09:30:29.349');
INSERT INTO encuentro(numero, hipodromo_nombre, fecha) VALUES (344741339, 'Hipodromo de La Plata', '2013-06-20 07:30:29.350');
INSERT INTO encuentro(numero, hipodromo_nombre, fecha) VALUES (1955072712, 'Hipodromo de San Isidro', '2013-06-21 08:30:29.350');
INSERT INTO encuentro(numero, hipodromo_nombre, fecha) VALUES (518943856, 'Hipodromo de Palermo', '2013-06-22 09:30:29.350');
INSERT INTO encuentro(numero, hipodromo_nombre, fecha) VALUES (949339611, 'Hipodromo de Palermo', '2013-06-23 09:00:29.350');
INSERT INTO encuentro(numero, hipodromo_nombre, fecha) VALUES (1918446008, 'Hipodromo de La Plata', '2013-06-24 07:00:29.350');
INSERT INTO encuentro(numero, hipodromo_nombre, fecha) VALUES (1250170522, 'Hipodromo de La Plata', '2013-06-25 08:00:29.351');


-- Carrera
INSERT INTO carrera(numero, encuentro_numero, tipo, estado_pista, estado_tiempo, sexo_equinos, distancia, hora, pista_nombre, pista_hipodromo_nombre) VALUES (0, 1017425945, 'Clasicas', 'Resvalosa', 'Bueno', 1, 430, '07:00:29.329', 'Pista 6', 'Hipodromo de San Isidro');
INSERT INTO carrera(numero, encuentro_numero, tipo, estado_pista, estado_tiempo, sexo_equinos, distancia, hora, pista_nombre, pista_hipodromo_nombre) VALUES (17, 1017425945, 'De grado', 'Buena', 'Bueno', 1, 463, '07:00:29.329', 'Pista 5', 'Hipodromo de San Isidro');
INSERT INTO carrera(numero, encuentro_numero, tipo, estado_pista, estado_tiempo, sexo_equinos, distancia, hora, pista_nombre, pista_hipodromo_nombre) VALUES (27, 1017425945, 'Handicap', 'Excelente', 'Bueno', 2, 437, '07:00:29.329', 'Pista 5', 'Hipodromo de San Isidro');
INSERT INTO carrera(numero, encuentro_numero, tipo, estado_pista, estado_tiempo, sexo_equinos, distancia, hora, pista_nombre, pista_hipodromo_nombre) VALUES (35, 1017425945, 'Clasicas', 'Excelente', 'Bueno', 0, 472, '07:00:29.329', 'Pista 6', 'Hipodromo de San Isidro');
INSERT INTO carrera(numero, encuentro_numero, tipo, estado_pista, estado_tiempo, sexo_equinos, distancia, hora, pista_nombre, pista_hipodromo_nombre) VALUES (41, 1017425945, 'De grado', 'Buena', 'Bueno', 2, 508, '07:00:29.329', 'Pista 5', 'Hipodromo de San Isidro');
INSERT INTO carrera(numero, encuentro_numero, tipo, estado_pista, estado_tiempo, sexo_equinos, distancia, hora, pista_nombre, pista_hipodromo_nombre) VALUES (13, 78206380, 'Perdedores', 'Excelente', 'Bueno', 2, 462, '08:00:29.343', 'Pista 8', 'Hipodromo de Palermo');
INSERT INTO carrera(numero, encuentro_numero, tipo, estado_pista, estado_tiempo, sexo_equinos, distancia, hora, pista_nombre, pista_hipodromo_nombre) VALUES (22, 78206380, 'Handicap', 'Resvalosa', 'Bueno', 1, 422, '08:00:29.343', 'Pista 7', 'Hipodromo de Palermo');
INSERT INTO carrera(numero, encuentro_numero, tipo, estado_pista, estado_tiempo, sexo_equinos, distancia, hora, pista_nombre, pista_hipodromo_nombre) VALUES (34, 78206380, 'De grado', 'Resvalosa', 'Bueno', 1, 431, '08:00:29.343', 'Pista 7', 'Hipodromo de Palermo');
INSERT INTO carrera(numero, encuentro_numero, tipo, estado_pista, estado_tiempo, sexo_equinos, distancia, hora, pista_nombre, pista_hipodromo_nombre) VALUES (42, 78206380, 'De grado', 'Resvalosa', 'Bueno', 1, 451, '08:00:29.343', 'Pista 7', 'Hipodromo de Palermo');
INSERT INTO carrera(numero, encuentro_numero, tipo, estado_pista, estado_tiempo, sexo_equinos, distancia, hora, pista_nombre, pista_hipodromo_nombre) VALUES (52, 78206380, 'Perdedores', 'Buena', 'Bueno', 2, 569, '08:00:29.343', 'Pista 8', 'Hipodromo de Palermo');
INSERT INTO carrera(numero, encuentro_numero, tipo, estado_pista, estado_tiempo, sexo_equinos, distancia, hora, pista_nombre, pista_hipodromo_nombre) VALUES (22, 264492362, 'Handicap', 'Buena', 'Bueno', 1, 596, '07:00:29.343', 'Pista 8', 'Hipodromo de Palermo');
INSERT INTO carrera(numero, encuentro_numero, tipo, estado_pista, estado_tiempo, sexo_equinos, distancia, hora, pista_nombre, pista_hipodromo_nombre) VALUES (36, 264492362, 'Handicap', 'Buena', 'Bueno', 1, 536, '07:00:29.343', 'Pista 8', 'Hipodromo de Palermo');
INSERT INTO carrera(numero, encuentro_numero, tipo, estado_pista, estado_tiempo, sexo_equinos, distancia, hora, pista_nombre, pista_hipodromo_nombre) VALUES (46, 264492362, 'Clasicas', 'Embarrada', 'Bueno', 1, 460, '07:00:29.343', 'Pista 8', 'Hipodromo de Palermo');
INSERT INTO carrera(numero, encuentro_numero, tipo, estado_pista, estado_tiempo, sexo_equinos, distancia, hora, pista_nombre, pista_hipodromo_nombre) VALUES (52, 264492362, 'Perdedores', 'Excelente', 'Bueno', 2, 498, '07:00:29.343', 'Pista 8', 'Hipodromo de Palermo');
INSERT INTO carrera(numero, encuentro_numero, tipo, estado_pista, estado_tiempo, sexo_equinos, distancia, hora, pista_nombre, pista_hipodromo_nombre) VALUES (63, 264492362, 'De grado', 'Embarrada', 'Bueno', 2, 400, '07:00:29.343', 'Pista 7', 'Hipodromo de Palermo');
INSERT INTO carrera(numero, encuentro_numero, tipo, estado_pista, estado_tiempo, sexo_equinos, distancia, hora, pista_nombre, pista_hipodromo_nombre) VALUES (30, 2012936677, 'Handicap', 'Buena', 'Bueno', 2, 447, '08:00:29.343', 'Pista 7', 'Hipodromo de Palermo');
INSERT INTO carrera(numero, encuentro_numero, tipo, estado_pista, estado_tiempo, sexo_equinos, distancia, hora, pista_nombre, pista_hipodromo_nombre) VALUES (41, 2012936677, 'Perdedores', 'Excelente', 'Bueno', 2, 514, '08:00:29.343', 'Pista 8', 'Hipodromo de Palermo');
INSERT INTO carrera(numero, encuentro_numero, tipo, estado_pista, estado_tiempo, sexo_equinos, distancia, hora, pista_nombre, pista_hipodromo_nombre) VALUES (51, 2012936677, 'Handicap', 'Embarrada', 'Bueno', 1, 442, '08:00:29.343', 'Pista 8', 'Hipodromo de Palermo');
INSERT INTO carrera(numero, encuentro_numero, tipo, estado_pista, estado_tiempo, sexo_equinos, distancia, hora, pista_nombre, pista_hipodromo_nombre) VALUES (67, 2012936677, 'Perdedores', 'Resvalosa', 'Bueno', 0, 437, '08:00:29.343', 'Pista 8', 'Hipodromo de Palermo');
INSERT INTO carrera(numero, encuentro_numero, tipo, estado_pista, estado_tiempo, sexo_equinos, distancia, hora, pista_nombre, pista_hipodromo_nombre) VALUES (76, 2012936677, 'Handicap', 'Resvalosa', 'Bueno', 0, 486, '08:00:29.343', 'Pista 7', 'Hipodromo de Palermo');
INSERT INTO carrera(numero, encuentro_numero, tipo, estado_pista, estado_tiempo, sexo_equinos, distancia, hora, pista_nombre, pista_hipodromo_nombre) VALUES (41, 143450356, 'Handicap', 'Resvalosa', 'Bueno', 2, 558, '08:00:29.343', 'Pista 6', 'Hipodromo de San Isidro');
INSERT INTO carrera(numero, encuentro_numero, tipo, estado_pista, estado_tiempo, sexo_equinos, distancia, hora, pista_nombre, pista_hipodromo_nombre) VALUES (50, 143450356, 'Handicap', 'Resvalosa', 'Bueno', 1, 500, '08:00:29.343', 'Pista 5', 'Hipodromo de San Isidro');
INSERT INTO carrera(numero, encuentro_numero, tipo, estado_pista, estado_tiempo, sexo_equinos, distancia, hora, pista_nombre, pista_hipodromo_nombre) VALUES (62, 143450356, 'Clasicas', 'Buena', 'Bueno', 2, 421, '08:00:29.343', 'Pista 5', 'Hipodromo de San Isidro');
INSERT INTO carrera(numero, encuentro_numero, tipo, estado_pista, estado_tiempo, sexo_equinos, distancia, hora, pista_nombre, pista_hipodromo_nombre) VALUES (75, 143450356, 'Handicap', 'Resvalosa', 'Bueno', 1, 520, '08:00:29.343', 'Pista 5', 'Hipodromo de San Isidro');
INSERT INTO carrera(numero, encuentro_numero, tipo, estado_pista, estado_tiempo, sexo_equinos, distancia, hora, pista_nombre, pista_hipodromo_nombre) VALUES (85, 143450356, 'Handicap', 'Excelente', 'Bueno', 0, 446, '08:00:29.343', 'Pista 5', 'Hipodromo de San Isidro');
INSERT INTO carrera(numero, encuentro_numero, tipo, estado_pista, estado_tiempo, sexo_equinos, distancia, hora, pista_nombre, pista_hipodromo_nombre) VALUES (58, 321564211, 'Perdedores', 'Buena', 'Bueno', 2, 465, '07:30:29.343', 'Pista 8', 'Hipodromo de Palermo');
INSERT INTO carrera(numero, encuentro_numero, tipo, estado_pista, estado_tiempo, sexo_equinos, distancia, hora, pista_nombre, pista_hipodromo_nombre) VALUES (66, 321564211, 'Handicap', 'Excelente', 'Bueno', 0, 533, '07:30:29.343', 'Pista 8', 'Hipodromo de Palermo');
INSERT INTO carrera(numero, encuentro_numero, tipo, estado_pista, estado_tiempo, sexo_equinos, distancia, hora, pista_nombre, pista_hipodromo_nombre) VALUES (74, 321564211, 'Perdedores', 'Excelente', 'Bueno', 2, 566, '07:30:29.343', 'Pista 7', 'Hipodromo de Palermo');
INSERT INTO carrera(numero, encuentro_numero, tipo, estado_pista, estado_tiempo, sexo_equinos, distancia, hora, pista_nombre, pista_hipodromo_nombre) VALUES (82, 321564211, 'Clasicas', 'Buena', 'Bueno', 2, 547, '07:30:29.343', 'Pista 7', 'Hipodromo de Palermo');
INSERT INTO carrera(numero, encuentro_numero, tipo, estado_pista, estado_tiempo, sexo_equinos, distancia, hora, pista_nombre, pista_hipodromo_nombre) VALUES (92, 321564211, 'De grado', 'Embarrada', 'Bueno', 1, 528, '07:30:29.343', 'Pista 7', 'Hipodromo de Palermo');
INSERT INTO carrera(numero, encuentro_numero, tipo, estado_pista, estado_tiempo, sexo_equinos, distancia, hora, pista_nombre, pista_hipodromo_nombre) VALUES (60, 692020953, 'Clasicas', 'Resvalosa', 'Bueno', 2, 445, '09:00:29.344', 'Pista 7', 'Hipodromo de Palermo');
INSERT INTO carrera(numero, encuentro_numero, tipo, estado_pista, estado_tiempo, sexo_equinos, distancia, hora, pista_nombre, pista_hipodromo_nombre) VALUES (75, 692020953, 'De grado', 'Embarrada', 'Bueno', 1, 412, '09:00:29.344', 'Pista 7', 'Hipodromo de Palermo');
INSERT INTO carrera(numero, encuentro_numero, tipo, estado_pista, estado_tiempo, sexo_equinos, distancia, hora, pista_nombre, pista_hipodromo_nombre) VALUES (89, 692020953, 'Perdedores', 'Resvalosa', 'Bueno', 2, 448, '09:00:29.344', 'Pista 8', 'Hipodromo de Palermo');
INSERT INTO carrera(numero, encuentro_numero, tipo, estado_pista, estado_tiempo, sexo_equinos, distancia, hora, pista_nombre, pista_hipodromo_nombre) VALUES (90, 692020953, 'Clasicas', 'Embarrada', 'Bueno', 1, 512, '09:00:29.344', 'Pista 7', 'Hipodromo de Palermo');
INSERT INTO carrera(numero, encuentro_numero, tipo, estado_pista, estado_tiempo, sexo_equinos, distancia, hora, pista_nombre, pista_hipodromo_nombre) VALUES (108, 692020953, 'Clasicas', 'Buena', 'Bueno', 2, 493, '09:00:29.344', 'Pista 8', 'Hipodromo de Palermo');
INSERT INTO carrera(numero, encuentro_numero, tipo, estado_pista, estado_tiempo, sexo_equinos, distancia, hora, pista_nombre, pista_hipodromo_nombre) VALUES (79, 1887368405, 'Perdedores', 'Resvalosa', 'Bueno', 2, 594, '08:30:29.344', 'Pista 7', 'Hipodromo de Palermo');
INSERT INTO carrera(numero, encuentro_numero, tipo, estado_pista, estado_tiempo, sexo_equinos, distancia, hora, pista_nombre, pista_hipodromo_nombre) VALUES (86, 1887368405, 'Perdedores', 'Resvalosa', 'Bueno', 0, 476, '08:30:29.344', 'Pista 8', 'Hipodromo de Palermo');
INSERT INTO carrera(numero, encuentro_numero, tipo, estado_pista, estado_tiempo, sexo_equinos, distancia, hora, pista_nombre, pista_hipodromo_nombre) VALUES (92, 1887368405, 'De grado', 'Excelente', 'Bueno', 2, 493, '08:30:29.344', 'Pista 8', 'Hipodromo de Palermo');
INSERT INTO carrera(numero, encuentro_numero, tipo, estado_pista, estado_tiempo, sexo_equinos, distancia, hora, pista_nombre, pista_hipodromo_nombre) VALUES (105, 1887368405, 'Perdedores', 'Buena', 'Bueno', 1, 430, '08:30:29.344', 'Pista 8', 'Hipodromo de Palermo');
INSERT INTO carrera(numero, encuentro_numero, tipo, estado_pista, estado_tiempo, sexo_equinos, distancia, hora, pista_nombre, pista_hipodromo_nombre) VALUES (117, 1887368405, 'Clasicas', 'Embarrada', 'Bueno', 2, 474, '08:30:29.344', 'Pista 8', 'Hipodromo de Palermo');
INSERT INTO carrera(numero, encuentro_numero, tipo, estado_pista, estado_tiempo, sexo_equinos, distancia, hora, pista_nombre, pista_hipodromo_nombre) VALUES (86, 345657844, 'De grado', 'Excelente', 'Bueno', 1, 599, '09:00:29.344', 'Pista 5', 'Hipodromo de San Isidro');
INSERT INTO carrera(numero, encuentro_numero, tipo, estado_pista, estado_tiempo, sexo_equinos, distancia, hora, pista_nombre, pista_hipodromo_nombre) VALUES (95, 345657844, 'Handicap', 'Resvalosa', 'Bueno', 1, 422, '09:00:29.344', 'Pista 5', 'Hipodromo de San Isidro');
INSERT INTO carrera(numero, encuentro_numero, tipo, estado_pista, estado_tiempo, sexo_equinos, distancia, hora, pista_nombre, pista_hipodromo_nombre) VALUES (101, 345657844, 'Clasicas', 'Resvalosa', 'Bueno', 1, 439, '09:00:29.344', 'Pista 6', 'Hipodromo de San Isidro');
INSERT INTO carrera(numero, encuentro_numero, tipo, estado_pista, estado_tiempo, sexo_equinos, distancia, hora, pista_nombre, pista_hipodromo_nombre) VALUES (112, 345657844, 'Clasicas', 'Embarrada', 'Bueno', 2, 433, '09:00:29.344', 'Pista 5', 'Hipodromo de San Isidro');
INSERT INTO carrera(numero, encuentro_numero, tipo, estado_pista, estado_tiempo, sexo_equinos, distancia, hora, pista_nombre, pista_hipodromo_nombre) VALUES (123, 345657844, 'Handicap', 'Embarrada', 'Bueno', 0, 569, '09:00:29.344', 'Pista 6', 'Hipodromo de San Isidro');
INSERT INTO carrera(numero, encuentro_numero, tipo, estado_pista, estado_tiempo, sexo_equinos, distancia, hora, pista_nombre, pista_hipodromo_nombre) VALUES (90, 1452661528, 'Clasicas', 'Buena', 'Bueno', 1, 551, '07:00:29.344', 'Pista 7', 'Hipodromo de Palermo');
INSERT INTO carrera(numero, encuentro_numero, tipo, estado_pista, estado_tiempo, sexo_equinos, distancia, hora, pista_nombre, pista_hipodromo_nombre) VALUES (109, 1452661528, 'De grado', 'Excelente', 'Bueno', 2, 494, '07:00:29.344', 'Pista 7', 'Hipodromo de Palermo');
INSERT INTO carrera(numero, encuentro_numero, tipo, estado_pista, estado_tiempo, sexo_equinos, distancia, hora, pista_nombre, pista_hipodromo_nombre) VALUES (111, 1452661528, 'Clasicas', 'Excelente', 'Bueno', 1, 409, '07:00:29.344', 'Pista 7', 'Hipodromo de Palermo');
INSERT INTO carrera(numero, encuentro_numero, tipo, estado_pista, estado_tiempo, sexo_equinos, distancia, hora, pista_nombre, pista_hipodromo_nombre) VALUES (124, 1452661528, 'Perdedores', 'Embarrada', 'Bueno', 2, 509, '07:00:29.344', 'Pista 8', 'Hipodromo de Palermo');
INSERT INTO carrera(numero, encuentro_numero, tipo, estado_pista, estado_tiempo, sexo_equinos, distancia, hora, pista_nombre, pista_hipodromo_nombre) VALUES (139, 1452661528, 'De grado', 'Buena', 'Bueno', 0, 565, '07:00:29.344', 'Pista 7', 'Hipodromo de Palermo');
INSERT INTO carrera(numero, encuentro_numero, tipo, estado_pista, estado_tiempo, sexo_equinos, distancia, hora, pista_nombre, pista_hipodromo_nombre) VALUES (109, 1826540431, 'De grado', 'Resvalosa', 'Bueno', 1, 571, '08:00:29.344', 'Pista 3', 'Hipodromo de La Plata');
INSERT INTO carrera(numero, encuentro_numero, tipo, estado_pista, estado_tiempo, sexo_equinos, distancia, hora, pista_nombre, pista_hipodromo_nombre) VALUES (110, 1826540431, 'Perdedores', 'Embarrada', 'Bueno', 1, 516, '08:00:29.344', 'Pista 1', 'Hipodromo de La Plata');
INSERT INTO carrera(numero, encuentro_numero, tipo, estado_pista, estado_tiempo, sexo_equinos, distancia, hora, pista_nombre, pista_hipodromo_nombre) VALUES (120, 1826540431, 'Handicap', 'Buena', 'Bueno', 0, 451, '08:00:29.344', 'Pista 4', 'Hipodromo de La Plata');
INSERT INTO carrera(numero, encuentro_numero, tipo, estado_pista, estado_tiempo, sexo_equinos, distancia, hora, pista_nombre, pista_hipodromo_nombre) VALUES (138, 1826540431, 'De grado', 'Buena', 'Bueno', 2, 562, '08:00:29.344', 'Pista 4', 'Hipodromo de La Plata');
INSERT INTO carrera(numero, encuentro_numero, tipo, estado_pista, estado_tiempo, sexo_equinos, distancia, hora, pista_nombre, pista_hipodromo_nombre) VALUES (149, 1826540431, 'Perdedores', 'Resvalosa', 'Bueno', 0, 412, '08:00:29.344', 'Pista 2', 'Hipodromo de La Plata');
INSERT INTO carrera(numero, encuentro_numero, tipo, estado_pista, estado_tiempo, sexo_equinos, distancia, hora, pista_nombre, pista_hipodromo_nombre) VALUES (113, 1306321049, 'Perdedores', 'Resvalosa', 'Bueno', 0, 438, '09:30:29.345', 'Pista 5', 'Hipodromo de San Isidro');
INSERT INTO carrera(numero, encuentro_numero, tipo, estado_pista, estado_tiempo, sexo_equinos, distancia, hora, pista_nombre, pista_hipodromo_nombre) VALUES (123, 1306321049, 'Perdedores', 'Buena', 'Bueno', 1, 528, '09:30:29.345', 'Pista 6', 'Hipodromo de San Isidro');
INSERT INTO carrera(numero, encuentro_numero, tipo, estado_pista, estado_tiempo, sexo_equinos, distancia, hora, pista_nombre, pista_hipodromo_nombre) VALUES (137, 1306321049, 'De grado', 'Buena', 'Bueno', 2, 470, '09:30:29.345', 'Pista 6', 'Hipodromo de San Isidro');
INSERT INTO carrera(numero, encuentro_numero, tipo, estado_pista, estado_tiempo, sexo_equinos, distancia, hora, pista_nombre, pista_hipodromo_nombre) VALUES (143, 1306321049, 'Perdedores', 'Embarrada', 'Bueno', 0, 471, '09:30:29.345', 'Pista 6', 'Hipodromo de San Isidro');
INSERT INTO carrera(numero, encuentro_numero, tipo, estado_pista, estado_tiempo, sexo_equinos, distancia, hora, pista_nombre, pista_hipodromo_nombre) VALUES (156, 1306321049, 'Handicap', 'Excelente', 'Bueno', 2, 497, '09:30:29.345', 'Pista 6', 'Hipodromo de San Isidro');
INSERT INTO carrera(numero, encuentro_numero, tipo, estado_pista, estado_tiempo, sexo_equinos, distancia, hora, pista_nombre, pista_hipodromo_nombre) VALUES (124, 425534416, 'Handicap', 'Resvalosa', 'Bueno', 2, 532, '09:30:29.345', 'Pista 7', 'Hipodromo de Palermo');
INSERT INTO carrera(numero, encuentro_numero, tipo, estado_pista, estado_tiempo, sexo_equinos, distancia, hora, pista_nombre, pista_hipodromo_nombre) VALUES (132, 425534416, 'Handicap', 'Resvalosa', 'Bueno', 1, 469, '09:30:29.345', 'Pista 7', 'Hipodromo de Palermo');
INSERT INTO carrera(numero, encuentro_numero, tipo, estado_pista, estado_tiempo, sexo_equinos, distancia, hora, pista_nombre, pista_hipodromo_nombre) VALUES (149, 425534416, 'De grado', 'Embarrada', 'Bueno', 0, 598, '09:30:29.345', 'Pista 7', 'Hipodromo de Palermo');
INSERT INTO carrera(numero, encuentro_numero, tipo, estado_pista, estado_tiempo, sexo_equinos, distancia, hora, pista_nombre, pista_hipodromo_nombre) VALUES (151, 425534416, 'Handicap', 'Buena', 'Bueno', 0, 458, '09:30:29.345', 'Pista 7', 'Hipodromo de Palermo');
INSERT INTO carrera(numero, encuentro_numero, tipo, estado_pista, estado_tiempo, sexo_equinos, distancia, hora, pista_nombre, pista_hipodromo_nombre) VALUES (162, 425534416, 'Clasicas', 'Resvalosa', 'Bueno', 2, 481, '09:30:29.345', 'Pista 8', 'Hipodromo de Palermo');
INSERT INTO carrera(numero, encuentro_numero, tipo, estado_pista, estado_tiempo, sexo_equinos, distancia, hora, pista_nombre, pista_hipodromo_nombre) VALUES (138, 601022376, 'Perdedores', 'Excelente', 'Bueno', 1, 513, '07:00:29.345', 'Pista 2', 'Hipodromo de La Plata');
INSERT INTO carrera(numero, encuentro_numero, tipo, estado_pista, estado_tiempo, sexo_equinos, distancia, hora, pista_nombre, pista_hipodromo_nombre) VALUES (144, 601022376, 'De grado', 'Buena', 'Bueno', 1, 418, '07:00:29.345', 'Pista 3', 'Hipodromo de La Plata');
INSERT INTO carrera(numero, encuentro_numero, tipo, estado_pista, estado_tiempo, sexo_equinos, distancia, hora, pista_nombre, pista_hipodromo_nombre) VALUES (155, 601022376, 'De grado', 'Excelente', 'Bueno', 1, 556, '07:00:29.345', 'Pista 2', 'Hipodromo de La Plata');
INSERT INTO carrera(numero, encuentro_numero, tipo, estado_pista, estado_tiempo, sexo_equinos, distancia, hora, pista_nombre, pista_hipodromo_nombre) VALUES (161, 601022376, 'Handicap', 'Buena', 'Bueno', 1, 457, '07:00:29.345', 'Pista 3', 'Hipodromo de La Plata');
INSERT INTO carrera(numero, encuentro_numero, tipo, estado_pista, estado_tiempo, sexo_equinos, distancia, hora, pista_nombre, pista_hipodromo_nombre) VALUES (176, 601022376, 'Perdedores', 'Buena', 'Bueno', 1, 524, '07:00:29.345', 'Pista 3', 'Hipodromo de La Plata');
INSERT INTO carrera(numero, encuentro_numero, tipo, estado_pista, estado_tiempo, sexo_equinos, distancia, hora, pista_nombre, pista_hipodromo_nombre) VALUES (140, 688634187, 'De grado', 'Excelente', 'Bueno', 1, 563, '08:30:29.345', 'Pista 8', 'Hipodromo de Palermo');
INSERT INTO carrera(numero, encuentro_numero, tipo, estado_pista, estado_tiempo, sexo_equinos, distancia, hora, pista_nombre, pista_hipodromo_nombre) VALUES (158, 688634187, 'Handicap', 'Resvalosa', 'Bueno', 2, 411, '08:30:29.345', 'Pista 7', 'Hipodromo de Palermo');
INSERT INTO carrera(numero, encuentro_numero, tipo, estado_pista, estado_tiempo, sexo_equinos, distancia, hora, pista_nombre, pista_hipodromo_nombre) VALUES (164, 688634187, 'Handicap', 'Embarrada', 'Bueno', 0, 530, '08:30:29.345', 'Pista 7', 'Hipodromo de Palermo');
INSERT INTO carrera(numero, encuentro_numero, tipo, estado_pista, estado_tiempo, sexo_equinos, distancia, hora, pista_nombre, pista_hipodromo_nombre) VALUES (170, 688634187, 'Perdedores', 'Excelente', 'Bueno', 2, 525, '08:30:29.345', 'Pista 8', 'Hipodromo de Palermo');
INSERT INTO carrera(numero, encuentro_numero, tipo, estado_pista, estado_tiempo, sexo_equinos, distancia, hora, pista_nombre, pista_hipodromo_nombre) VALUES (182, 688634187, 'Clasicas', 'Excelente', 'Bueno', 0, 556, '08:30:29.345', 'Pista 7', 'Hipodromo de Palermo');
INSERT INTO carrera(numero, encuentro_numero, tipo, estado_pista, estado_tiempo, sexo_equinos, distancia, hora, pista_nombre, pista_hipodromo_nombre) VALUES (152, 1653863749, 'Perdedores', 'Resvalosa', 'Bueno', 1, 544, '08:00:29.345', 'Pista 3', 'Hipodromo de La Plata');
INSERT INTO carrera(numero, encuentro_numero, tipo, estado_pista, estado_tiempo, sexo_equinos, distancia, hora, pista_nombre, pista_hipodromo_nombre) VALUES (169, 1653863749, 'Handicap', 'Resvalosa', 'Bueno', 0, 538, '08:00:29.345', 'Pista 3', 'Hipodromo de La Plata');
INSERT INTO carrera(numero, encuentro_numero, tipo, estado_pista, estado_tiempo, sexo_equinos, distancia, hora, pista_nombre, pista_hipodromo_nombre) VALUES (171, 1653863749, 'De grado', 'Resvalosa', 'Bueno', 1, 491, '08:00:29.345', 'Pista 4', 'Hipodromo de La Plata');
INSERT INTO carrera(numero, encuentro_numero, tipo, estado_pista, estado_tiempo, sexo_equinos, distancia, hora, pista_nombre, pista_hipodromo_nombre) VALUES (181, 1653863749, 'De grado', 'Buena', 'Bueno', 2, 540, '08:00:29.345', 'Pista 2', 'Hipodromo de La Plata');
INSERT INTO carrera(numero, encuentro_numero, tipo, estado_pista, estado_tiempo, sexo_equinos, distancia, hora, pista_nombre, pista_hipodromo_nombre) VALUES (198, 1653863749, 'De grado', 'Embarrada', 'Bueno', 0, 420, '08:00:29.345', 'Pista 4', 'Hipodromo de La Plata');
INSERT INTO carrera(numero, encuentro_numero, tipo, estado_pista, estado_tiempo, sexo_equinos, distancia, hora, pista_nombre, pista_hipodromo_nombre) VALUES (164, 682090868, 'Perdedores', 'Resvalosa', 'Bueno', 2, 566, '09:30:29.346', 'Pista 5', 'Hipodromo de San Isidro');
INSERT INTO carrera(numero, encuentro_numero, tipo, estado_pista, estado_tiempo, sexo_equinos, distancia, hora, pista_nombre, pista_hipodromo_nombre) VALUES (178, 682090868, 'Handicap', 'Buena', 'Bueno', 2, 539, '09:30:29.346', 'Pista 5', 'Hipodromo de San Isidro');
INSERT INTO carrera(numero, encuentro_numero, tipo, estado_pista, estado_tiempo, sexo_equinos, distancia, hora, pista_nombre, pista_hipodromo_nombre) VALUES (189, 682090868, 'Perdedores', 'Resvalosa', 'Bueno', 2, 491, '09:30:29.346', 'Pista 5', 'Hipodromo de San Isidro');
INSERT INTO carrera(numero, encuentro_numero, tipo, estado_pista, estado_tiempo, sexo_equinos, distancia, hora, pista_nombre, pista_hipodromo_nombre) VALUES (195, 682090868, 'De grado', 'Embarrada', 'Bueno', 2, 558, '09:30:29.346', 'Pista 5', 'Hipodromo de San Isidro');
INSERT INTO carrera(numero, encuentro_numero, tipo, estado_pista, estado_tiempo, sexo_equinos, distancia, hora, pista_nombre, pista_hipodromo_nombre) VALUES (203, 682090868, 'Handicap', 'Embarrada', 'Bueno', 2, 481, '09:30:29.346', 'Pista 6', 'Hipodromo de San Isidro');
INSERT INTO carrera(numero, encuentro_numero, tipo, estado_pista, estado_tiempo, sexo_equinos, distancia, hora, pista_nombre, pista_hipodromo_nombre) VALUES (179, 1664051485, 'Handicap', 'Buena', 'Bueno', 1, 448, '08:30:29.346', 'Pista 4', 'Hipodromo de La Plata');
INSERT INTO carrera(numero, encuentro_numero, tipo, estado_pista, estado_tiempo, sexo_equinos, distancia, hora, pista_nombre, pista_hipodromo_nombre) VALUES (184, 1664051485, 'Clasicas', 'Buena', 'Bueno', 2, 492, '08:30:29.346', 'Pista 4', 'Hipodromo de La Plata');
INSERT INTO carrera(numero, encuentro_numero, tipo, estado_pista, estado_tiempo, sexo_equinos, distancia, hora, pista_nombre, pista_hipodromo_nombre) VALUES (190, 1664051485, 'Handicap', 'Excelente', 'Bueno', 2, 594, '08:30:29.346', 'Pista 2', 'Hipodromo de La Plata');
INSERT INTO carrera(numero, encuentro_numero, tipo, estado_pista, estado_tiempo, sexo_equinos, distancia, hora, pista_nombre, pista_hipodromo_nombre) VALUES (205, 1664051485, 'De grado', 'Resvalosa', 'Bueno', 1, 494, '08:30:29.346', 'Pista 3', 'Hipodromo de La Plata');
INSERT INTO carrera(numero, encuentro_numero, tipo, estado_pista, estado_tiempo, sexo_equinos, distancia, hora, pista_nombre, pista_hipodromo_nombre) VALUES (216, 1664051485, 'Clasicas', 'Excelente', 'Bueno', 0, 571, '08:30:29.346', 'Pista 3', 'Hipodromo de La Plata');
INSERT INTO carrera(numero, encuentro_numero, tipo, estado_pista, estado_tiempo, sexo_equinos, distancia, hora, pista_nombre, pista_hipodromo_nombre) VALUES (181, 1658900422, 'De grado', 'Embarrada', 'Bueno', 2, 540, '09:30:29.346', 'Pista 5', 'Hipodromo de San Isidro');
INSERT INTO carrera(numero, encuentro_numero, tipo, estado_pista, estado_tiempo, sexo_equinos, distancia, hora, pista_nombre, pista_hipodromo_nombre) VALUES (194, 1658900422, 'Handicap', 'Resvalosa', 'Bueno', 1, 523, '09:30:29.346', 'Pista 5', 'Hipodromo de San Isidro');
INSERT INTO carrera(numero, encuentro_numero, tipo, estado_pista, estado_tiempo, sexo_equinos, distancia, hora, pista_nombre, pista_hipodromo_nombre) VALUES (204, 1658900422, 'Perdedores', 'Embarrada', 'Bueno', 2, 542, '09:30:29.346', 'Pista 6', 'Hipodromo de San Isidro');
INSERT INTO carrera(numero, encuentro_numero, tipo, estado_pista, estado_tiempo, sexo_equinos, distancia, hora, pista_nombre, pista_hipodromo_nombre) VALUES (212, 1658900422, 'Handicap', 'Buena', 'Bueno', 2, 507, '09:30:29.346', 'Pista 5', 'Hipodromo de San Isidro');
INSERT INTO carrera(numero, encuentro_numero, tipo, estado_pista, estado_tiempo, sexo_equinos, distancia, hora, pista_nombre, pista_hipodromo_nombre) VALUES (224, 1658900422, 'De grado', 'Buena', 'Bueno', 1, 535, '09:30:29.346', 'Pista 6', 'Hipodromo de San Isidro');
INSERT INTO carrera(numero, encuentro_numero, tipo, estado_pista, estado_tiempo, sexo_equinos, distancia, hora, pista_nombre, pista_hipodromo_nombre) VALUES (195, 1095210290, 'Clasicas', 'Buena', 'Bueno', 0, 561, '07:30:29.346', 'Pista 1', 'Hipodromo de La Plata');
INSERT INTO carrera(numero, encuentro_numero, tipo, estado_pista, estado_tiempo, sexo_equinos, distancia, hora, pista_nombre, pista_hipodromo_nombre) VALUES (204, 1095210290, 'Perdedores', 'Buena', 'Bueno', 1, 449, '07:30:29.346', 'Pista 4', 'Hipodromo de La Plata');
INSERT INTO carrera(numero, encuentro_numero, tipo, estado_pista, estado_tiempo, sexo_equinos, distancia, hora, pista_nombre, pista_hipodromo_nombre) VALUES (211, 1095210290, 'Perdedores', 'Excelente', 'Bueno', 0, 426, '07:30:29.346', 'Pista 3', 'Hipodromo de La Plata');
INSERT INTO carrera(numero, encuentro_numero, tipo, estado_pista, estado_tiempo, sexo_equinos, distancia, hora, pista_nombre, pista_hipodromo_nombre) VALUES (229, 1095210290, 'Handicap', 'Buena', 'Bueno', 2, 488, '07:30:29.346', 'Pista 2', 'Hipodromo de La Plata');
INSERT INTO carrera(numero, encuentro_numero, tipo, estado_pista, estado_tiempo, sexo_equinos, distancia, hora, pista_nombre, pista_hipodromo_nombre) VALUES (238, 1095210290, 'De grado', 'Buena', 'Bueno', 1, 598, '07:30:29.346', 'Pista 4', 'Hipodromo de La Plata');
INSERT INTO carrera(numero, encuentro_numero, tipo, estado_pista, estado_tiempo, sexo_equinos, distancia, hora, pista_nombre, pista_hipodromo_nombre) VALUES (207, 554467110, 'Handicap', 'Embarrada', 'Bueno', 2, 586, '09:30:29.346', 'Pista 2', 'Hipodromo de La Plata');
INSERT INTO carrera(numero, encuentro_numero, tipo, estado_pista, estado_tiempo, sexo_equinos, distancia, hora, pista_nombre, pista_hipodromo_nombre) VALUES (218, 554467110, 'De grado', 'Buena', 'Bueno', 2, 474, '09:30:29.346', 'Pista 1', 'Hipodromo de La Plata');
INSERT INTO carrera(numero, encuentro_numero, tipo, estado_pista, estado_tiempo, sexo_equinos, distancia, hora, pista_nombre, pista_hipodromo_nombre) VALUES (223, 554467110, 'Perdedores', 'Embarrada', 'Bueno', 1, 481, '09:30:29.346', 'Pista 4', 'Hipodromo de La Plata');
INSERT INTO carrera(numero, encuentro_numero, tipo, estado_pista, estado_tiempo, sexo_equinos, distancia, hora, pista_nombre, pista_hipodromo_nombre) VALUES (239, 554467110, 'Handicap', 'Resvalosa', 'Bueno', 1, 436, '09:30:29.346', 'Pista 3', 'Hipodromo de La Plata');
INSERT INTO carrera(numero, encuentro_numero, tipo, estado_pista, estado_tiempo, sexo_equinos, distancia, hora, pista_nombre, pista_hipodromo_nombre) VALUES (240, 554467110, 'Perdedores', 'Embarrada', 'Bueno', 2, 568, '09:30:29.346', 'Pista 4', 'Hipodromo de La Plata');
INSERT INTO carrera(numero, encuentro_numero, tipo, estado_pista, estado_tiempo, sexo_equinos, distancia, hora, pista_nombre, pista_hipodromo_nombre) VALUES (213, 377212534, 'Clasicas', 'Resvalosa', 'Bueno', 1, 487, '09:30:29.347', 'Pista 8', 'Hipodromo de Palermo');
INSERT INTO carrera(numero, encuentro_numero, tipo, estado_pista, estado_tiempo, sexo_equinos, distancia, hora, pista_nombre, pista_hipodromo_nombre) VALUES (221, 377212534, 'Perdedores', 'Resvalosa', 'Bueno', 2, 469, '09:30:29.347', 'Pista 8', 'Hipodromo de Palermo');
INSERT INTO carrera(numero, encuentro_numero, tipo, estado_pista, estado_tiempo, sexo_equinos, distancia, hora, pista_nombre, pista_hipodromo_nombre) VALUES (230, 377212534, 'Perdedores', 'Embarrada', 'Bueno', 0, 442, '09:30:29.347', 'Pista 7', 'Hipodromo de Palermo');
INSERT INTO carrera(numero, encuentro_numero, tipo, estado_pista, estado_tiempo, sexo_equinos, distancia, hora, pista_nombre, pista_hipodromo_nombre) VALUES (249, 377212534, 'Perdedores', 'Excelente', 'Bueno', 2, 478, '09:30:29.347', 'Pista 7', 'Hipodromo de Palermo');
INSERT INTO carrera(numero, encuentro_numero, tipo, estado_pista, estado_tiempo, sexo_equinos, distancia, hora, pista_nombre, pista_hipodromo_nombre) VALUES (255, 377212534, 'Clasicas', 'Resvalosa', 'Bueno', 2, 546, '09:30:29.347', 'Pista 7', 'Hipodromo de Palermo');
INSERT INTO carrera(numero, encuentro_numero, tipo, estado_pista, estado_tiempo, sexo_equinos, distancia, hora, pista_nombre, pista_hipodromo_nombre) VALUES (224, 585537718, 'Perdedores', 'Excelente', 'Bueno', 2, 421, '09:30:29.347', 'Pista 8', 'Hipodromo de Palermo');
INSERT INTO carrera(numero, encuentro_numero, tipo, estado_pista, estado_tiempo, sexo_equinos, distancia, hora, pista_nombre, pista_hipodromo_nombre) VALUES (231, 585537718, 'Clasicas', 'Resvalosa', 'Bueno', 2, 476, '09:30:29.347', 'Pista 7', 'Hipodromo de Palermo');
INSERT INTO carrera(numero, encuentro_numero, tipo, estado_pista, estado_tiempo, sexo_equinos, distancia, hora, pista_nombre, pista_hipodromo_nombre) VALUES (240, 585537718, 'De grado', 'Buena', 'Bueno', 1, 434, '09:30:29.347', 'Pista 7', 'Hipodromo de Palermo');
INSERT INTO carrera(numero, encuentro_numero, tipo, estado_pista, estado_tiempo, sexo_equinos, distancia, hora, pista_nombre, pista_hipodromo_nombre) VALUES (254, 585537718, 'Handicap', 'Embarrada', 'Bueno', 1, 509, '09:30:29.347', 'Pista 8', 'Hipodromo de Palermo');
INSERT INTO carrera(numero, encuentro_numero, tipo, estado_pista, estado_tiempo, sexo_equinos, distancia, hora, pista_nombre, pista_hipodromo_nombre) VALUES (264, 585537718, 'Handicap', 'Excelente', 'Bueno', 0, 539, '09:30:29.347', 'Pista 8', 'Hipodromo de Palermo');
INSERT INTO carrera(numero, encuentro_numero, tipo, estado_pista, estado_tiempo, sexo_equinos, distancia, hora, pista_nombre, pista_hipodromo_nombre) VALUES (234, 68963443, 'Perdedores', 'Buena', 'Bueno', 1, 531, '08:00:29.347', 'Pista 7', 'Hipodromo de Palermo');
INSERT INTO carrera(numero, encuentro_numero, tipo, estado_pista, estado_tiempo, sexo_equinos, distancia, hora, pista_nombre, pista_hipodromo_nombre) VALUES (240, 68963443, 'Perdedores', 'Resvalosa', 'Bueno', 0, 547, '08:00:29.347', 'Pista 8', 'Hipodromo de Palermo');
INSERT INTO carrera(numero, encuentro_numero, tipo, estado_pista, estado_tiempo, sexo_equinos, distancia, hora, pista_nombre, pista_hipodromo_nombre) VALUES (253, 68963443, 'Perdedores', 'Buena', 'Bueno', 2, 578, '08:00:29.347', 'Pista 7', 'Hipodromo de Palermo');
INSERT INTO carrera(numero, encuentro_numero, tipo, estado_pista, estado_tiempo, sexo_equinos, distancia, hora, pista_nombre, pista_hipodromo_nombre) VALUES (264, 68963443, 'Clasicas', 'Buena', 'Bueno', 2, 494, '08:00:29.347', 'Pista 7', 'Hipodromo de Palermo');
INSERT INTO carrera(numero, encuentro_numero, tipo, estado_pista, estado_tiempo, sexo_equinos, distancia, hora, pista_nombre, pista_hipodromo_nombre) VALUES (277, 68963443, 'Perdedores', 'Buena', 'Bueno', 0, 463, '08:00:29.347', 'Pista 8', 'Hipodromo de Palermo');
INSERT INTO carrera(numero, encuentro_numero, tipo, estado_pista, estado_tiempo, sexo_equinos, distancia, hora, pista_nombre, pista_hipodromo_nombre) VALUES (241, 601447428, 'Perdedores', 'Embarrada', 'Bueno', 0, 579, '09:30:29.347', 'Pista 8', 'Hipodromo de Palermo');
INSERT INTO carrera(numero, encuentro_numero, tipo, estado_pista, estado_tiempo, sexo_equinos, distancia, hora, pista_nombre, pista_hipodromo_nombre) VALUES (257, 601447428, 'Clasicas', 'Excelente', 'Bueno', 1, 413, '09:30:29.347', 'Pista 8', 'Hipodromo de Palermo');
INSERT INTO carrera(numero, encuentro_numero, tipo, estado_pista, estado_tiempo, sexo_equinos, distancia, hora, pista_nombre, pista_hipodromo_nombre) VALUES (269, 601447428, 'De grado', 'Buena', 'Bueno', 2, 489, '09:30:29.347', 'Pista 7', 'Hipodromo de Palermo');
INSERT INTO carrera(numero, encuentro_numero, tipo, estado_pista, estado_tiempo, sexo_equinos, distancia, hora, pista_nombre, pista_hipodromo_nombre) VALUES (271, 601447428, 'Handicap', 'Excelente', 'Bueno', 1, 485, '09:30:29.347', 'Pista 8', 'Hipodromo de Palermo');
INSERT INTO carrera(numero, encuentro_numero, tipo, estado_pista, estado_tiempo, sexo_equinos, distancia, hora, pista_nombre, pista_hipodromo_nombre) VALUES (280, 601447428, 'Handicap', 'Embarrada', 'Bueno', 2, 497, '09:30:29.347', 'Pista 7', 'Hipodromo de Palermo');
INSERT INTO carrera(numero, encuentro_numero, tipo, estado_pista, estado_tiempo, sexo_equinos, distancia, hora, pista_nombre, pista_hipodromo_nombre) VALUES (255, 833098046, 'Handicap', 'Excelente', 'Bueno', 1, 458, '07:00:29.347', 'Pista 8', 'Hipodromo de Palermo');
INSERT INTO carrera(numero, encuentro_numero, tipo, estado_pista, estado_tiempo, sexo_equinos, distancia, hora, pista_nombre, pista_hipodromo_nombre) VALUES (265, 833098046, 'Clasicas', 'Embarrada', 'Bueno', 0, 539, '07:00:29.347', 'Pista 7', 'Hipodromo de Palermo');
INSERT INTO carrera(numero, encuentro_numero, tipo, estado_pista, estado_tiempo, sexo_equinos, distancia, hora, pista_nombre, pista_hipodromo_nombre) VALUES (273, 833098046, 'Clasicas', 'Resvalosa', 'Bueno', 1, 473, '07:00:29.347', 'Pista 7', 'Hipodromo de Palermo');
INSERT INTO carrera(numero, encuentro_numero, tipo, estado_pista, estado_tiempo, sexo_equinos, distancia, hora, pista_nombre, pista_hipodromo_nombre) VALUES (289, 833098046, 'Perdedores', 'Embarrada', 'Bueno', 0, 444, '07:00:29.347', 'Pista 7', 'Hipodromo de Palermo');
INSERT INTO carrera(numero, encuentro_numero, tipo, estado_pista, estado_tiempo, sexo_equinos, distancia, hora, pista_nombre, pista_hipodromo_nombre) VALUES (293, 833098046, 'Clasicas', 'Excelente', 'Bueno', 0, 449, '07:00:29.347', 'Pista 8', 'Hipodromo de Palermo');
INSERT INTO carrera(numero, encuentro_numero, tipo, estado_pista, estado_tiempo, sexo_equinos, distancia, hora, pista_nombre, pista_hipodromo_nombre) VALUES (260, 1682999223, 'Perdedores', 'Resvalosa', 'Bueno', 1, 478, '07:00:29.348', 'Pista 8', 'Hipodromo de Palermo');
INSERT INTO carrera(numero, encuentro_numero, tipo, estado_pista, estado_tiempo, sexo_equinos, distancia, hora, pista_nombre, pista_hipodromo_nombre) VALUES (279, 1682999223, 'Clasicas', 'Excelente', 'Bueno', 2, 447, '07:00:29.348', 'Pista 8', 'Hipodromo de Palermo');
INSERT INTO carrera(numero, encuentro_numero, tipo, estado_pista, estado_tiempo, sexo_equinos, distancia, hora, pista_nombre, pista_hipodromo_nombre) VALUES (280, 1682999223, 'Clasicas', 'Buena', 'Bueno', 1, 514, '07:00:29.348', 'Pista 7', 'Hipodromo de Palermo');
INSERT INTO carrera(numero, encuentro_numero, tipo, estado_pista, estado_tiempo, sexo_equinos, distancia, hora, pista_nombre, pista_hipodromo_nombre) VALUES (298, 1682999223, 'Clasicas', 'Excelente', 'Bueno', 1, 479, '07:00:29.348', 'Pista 8', 'Hipodromo de Palermo');
INSERT INTO carrera(numero, encuentro_numero, tipo, estado_pista, estado_tiempo, sexo_equinos, distancia, hora, pista_nombre, pista_hipodromo_nombre) VALUES (304, 1682999223, 'Perdedores', 'Buena', 'Bueno', 1, 539, '07:00:29.348', 'Pista 8', 'Hipodromo de Palermo');
INSERT INTO carrera(numero, encuentro_numero, tipo, estado_pista, estado_tiempo, sexo_equinos, distancia, hora, pista_nombre, pista_hipodromo_nombre) VALUES (279, 110416228, 'De grado', 'Resvalosa', 'Bueno', 1, 488, '07:00:29.348', 'Pista 5', 'Hipodromo de San Isidro');
INSERT INTO carrera(numero, encuentro_numero, tipo, estado_pista, estado_tiempo, sexo_equinos, distancia, hora, pista_nombre, pista_hipodromo_nombre) VALUES (284, 110416228, 'Perdedores', 'Buena', 'Bueno', 2, 566, '07:00:29.348', 'Pista 5', 'Hipodromo de San Isidro');
INSERT INTO carrera(numero, encuentro_numero, tipo, estado_pista, estado_tiempo, sexo_equinos, distancia, hora, pista_nombre, pista_hipodromo_nombre) VALUES (292, 110416228, 'Handicap', 'Excelente', 'Bueno', 2, 566, '07:00:29.348', 'Pista 6', 'Hipodromo de San Isidro');
INSERT INTO carrera(numero, encuentro_numero, tipo, estado_pista, estado_tiempo, sexo_equinos, distancia, hora, pista_nombre, pista_hipodromo_nombre) VALUES (304, 110416228, 'Clasicas', 'Embarrada', 'Bueno', 1, 567, '07:00:29.348', 'Pista 6', 'Hipodromo de San Isidro');
INSERT INTO carrera(numero, encuentro_numero, tipo, estado_pista, estado_tiempo, sexo_equinos, distancia, hora, pista_nombre, pista_hipodromo_nombre) VALUES (315, 110416228, 'Perdedores', 'Excelente', 'Bueno', 2, 538, '07:00:29.348', 'Pista 6', 'Hipodromo de San Isidro');
INSERT INTO carrera(numero, encuentro_numero, tipo, estado_pista, estado_tiempo, sexo_equinos, distancia, hora, pista_nombre, pista_hipodromo_nombre) VALUES (286, 1301692606, 'De grado', 'Excelente', 'Bueno', 1, 512, '08:00:29.348', 'Pista 5', 'Hipodromo de San Isidro');
INSERT INTO carrera(numero, encuentro_numero, tipo, estado_pista, estado_tiempo, sexo_equinos, distancia, hora, pista_nombre, pista_hipodromo_nombre) VALUES (290, 1301692606, 'De grado', 'Buena', 'Bueno', 1, 527, '08:00:29.348', 'Pista 6', 'Hipodromo de San Isidro');
INSERT INTO carrera(numero, encuentro_numero, tipo, estado_pista, estado_tiempo, sexo_equinos, distancia, hora, pista_nombre, pista_hipodromo_nombre) VALUES (301, 1301692606, 'De grado', 'Excelente', 'Bueno', 0, 415, '08:00:29.348', 'Pista 6', 'Hipodromo de San Isidro');
INSERT INTO carrera(numero, encuentro_numero, tipo, estado_pista, estado_tiempo, sexo_equinos, distancia, hora, pista_nombre, pista_hipodromo_nombre) VALUES (312, 1301692606, 'Handicap', 'Embarrada', 'Bueno', 2, 550, '08:00:29.348', 'Pista 5', 'Hipodromo de San Isidro');
INSERT INTO carrera(numero, encuentro_numero, tipo, estado_pista, estado_tiempo, sexo_equinos, distancia, hora, pista_nombre, pista_hipodromo_nombre) VALUES (328, 1301692606, 'Handicap', 'Buena', 'Bueno', 2, 418, '08:00:29.348', 'Pista 5', 'Hipodromo de San Isidro');
INSERT INTO carrera(numero, encuentro_numero, tipo, estado_pista, estado_tiempo, sexo_equinos, distancia, hora, pista_nombre, pista_hipodromo_nombre) VALUES (297, 98622557, 'Perdedores', 'Buena', 'Bueno', 2, 587, '07:30:29.348', 'Pista 7', 'Hipodromo de Palermo');
INSERT INTO carrera(numero, encuentro_numero, tipo, estado_pista, estado_tiempo, sexo_equinos, distancia, hora, pista_nombre, pista_hipodromo_nombre) VALUES (306, 98622557, 'Perdedores', 'Buena', 'Bueno', 0, 432, '07:30:29.348', 'Pista 7', 'Hipodromo de Palermo');
INSERT INTO carrera(numero, encuentro_numero, tipo, estado_pista, estado_tiempo, sexo_equinos, distancia, hora, pista_nombre, pista_hipodromo_nombre) VALUES (311, 98622557, 'Clasicas', 'Buena', 'Bueno', 2, 430, '07:30:29.348', 'Pista 8', 'Hipodromo de Palermo');
INSERT INTO carrera(numero, encuentro_numero, tipo, estado_pista, estado_tiempo, sexo_equinos, distancia, hora, pista_nombre, pista_hipodromo_nombre) VALUES (329, 98622557, 'Clasicas', 'Buena', 'Bueno', 0, 519, '07:30:29.348', 'Pista 8', 'Hipodromo de Palermo');
INSERT INTO carrera(numero, encuentro_numero, tipo, estado_pista, estado_tiempo, sexo_equinos, distancia, hora, pista_nombre, pista_hipodromo_nombre) VALUES (337, 98622557, 'Handicap', 'Excelente', 'Bueno', 2, 406, '07:30:29.348', 'Pista 8', 'Hipodromo de Palermo');
INSERT INTO carrera(numero, encuentro_numero, tipo, estado_pista, estado_tiempo, sexo_equinos, distancia, hora, pista_nombre, pista_hipodromo_nombre) VALUES (307, 1723464339, 'Clasicas', 'Excelente', 'Bueno', 0, 426, '08:00:29.348', 'Pista 1', 'Hipodromo de La Plata');
INSERT INTO carrera(numero, encuentro_numero, tipo, estado_pista, estado_tiempo, sexo_equinos, distancia, hora, pista_nombre, pista_hipodromo_nombre) VALUES (314, 1723464339, 'Perdedores', 'Embarrada', 'Bueno', 2, 592, '08:00:29.348', 'Pista 1', 'Hipodromo de La Plata');
INSERT INTO carrera(numero, encuentro_numero, tipo, estado_pista, estado_tiempo, sexo_equinos, distancia, hora, pista_nombre, pista_hipodromo_nombre) VALUES (320, 1723464339, 'Clasicas', 'Resvalosa', 'Bueno', 1, 402, '08:00:29.348', 'Pista 4', 'Hipodromo de La Plata');
INSERT INTO carrera(numero, encuentro_numero, tipo, estado_pista, estado_tiempo, sexo_equinos, distancia, hora, pista_nombre, pista_hipodromo_nombre) VALUES (333, 1723464339, 'Handicap', 'Resvalosa', 'Bueno', 1, 528, '08:00:29.348', 'Pista 2', 'Hipodromo de La Plata');
INSERT INTO carrera(numero, encuentro_numero, tipo, estado_pista, estado_tiempo, sexo_equinos, distancia, hora, pista_nombre, pista_hipodromo_nombre) VALUES (342, 1723464339, 'Handicap', 'Embarrada', 'Bueno', 1, 488, '08:00:29.348', 'Pista 4', 'Hipodromo de La Plata');
INSERT INTO carrera(numero, encuentro_numero, tipo, estado_pista, estado_tiempo, sexo_equinos, distancia, hora, pista_nombre, pista_hipodromo_nombre) VALUES (310, 1374618649, 'Clasicas', 'Excelente', 'Bueno', 1, 408, '07:30:29.349', 'Pista 4', 'Hipodromo de La Plata');
INSERT INTO carrera(numero, encuentro_numero, tipo, estado_pista, estado_tiempo, sexo_equinos, distancia, hora, pista_nombre, pista_hipodromo_nombre) VALUES (320, 1374618649, 'Clasicas', 'Resvalosa', 'Bueno', 0, 579, '07:30:29.349', 'Pista 2', 'Hipodromo de La Plata');
INSERT INTO carrera(numero, encuentro_numero, tipo, estado_pista, estado_tiempo, sexo_equinos, distancia, hora, pista_nombre, pista_hipodromo_nombre) VALUES (334, 1374618649, 'Clasicas', 'Buena', 'Bueno', 1, 585, '07:30:29.349', 'Pista 3', 'Hipodromo de La Plata');
INSERT INTO carrera(numero, encuentro_numero, tipo, estado_pista, estado_tiempo, sexo_equinos, distancia, hora, pista_nombre, pista_hipodromo_nombre) VALUES (342, 1374618649, 'Handicap', 'Excelente', 'Bueno', 1, 414, '07:30:29.349', 'Pista 1', 'Hipodromo de La Plata');
INSERT INTO carrera(numero, encuentro_numero, tipo, estado_pista, estado_tiempo, sexo_equinos, distancia, hora, pista_nombre, pista_hipodromo_nombre) VALUES (359, 1374618649, 'De grado', 'Embarrada', 'Bueno', 0, 531, '07:30:29.349', 'Pista 3', 'Hipodromo de La Plata');
INSERT INTO carrera(numero, encuentro_numero, tipo, estado_pista, estado_tiempo, sexo_equinos, distancia, hora, pista_nombre, pista_hipodromo_nombre) VALUES (326, 1895915443, 'De grado', 'Excelente', 'Bueno', 0, 573, '07:00:29.349', 'Pista 8', 'Hipodromo de Palermo');
INSERT INTO carrera(numero, encuentro_numero, tipo, estado_pista, estado_tiempo, sexo_equinos, distancia, hora, pista_nombre, pista_hipodromo_nombre) VALUES (334, 1895915443, 'Handicap', 'Resvalosa', 'Bueno', 0, 414, '07:00:29.349', 'Pista 8', 'Hipodromo de Palermo');
INSERT INTO carrera(numero, encuentro_numero, tipo, estado_pista, estado_tiempo, sexo_equinos, distancia, hora, pista_nombre, pista_hipodromo_nombre) VALUES (346, 1895915443, 'Handicap', 'Buena', 'Bueno', 1, 538, '07:00:29.349', 'Pista 8', 'Hipodromo de Palermo');
INSERT INTO carrera(numero, encuentro_numero, tipo, estado_pista, estado_tiempo, sexo_equinos, distancia, hora, pista_nombre, pista_hipodromo_nombre) VALUES (359, 1895915443, 'Clasicas', 'Resvalosa', 'Bueno', 2, 417, '07:00:29.349', 'Pista 8', 'Hipodromo de Palermo');
INSERT INTO carrera(numero, encuentro_numero, tipo, estado_pista, estado_tiempo, sexo_equinos, distancia, hora, pista_nombre, pista_hipodromo_nombre) VALUES (364, 1895915443, 'Perdedores', 'Resvalosa', 'Bueno', 2, 462, '07:00:29.349', 'Pista 7', 'Hipodromo de Palermo');
INSERT INTO carrera(numero, encuentro_numero, tipo, estado_pista, estado_tiempo, sexo_equinos, distancia, hora, pista_nombre, pista_hipodromo_nombre) VALUES (331, 2133624102, 'Clasicas', 'Embarrada', 'Bueno', 2, 425, '08:30:29.349', 'Pista 1', 'Hipodromo de La Plata');
INSERT INTO carrera(numero, encuentro_numero, tipo, estado_pista, estado_tiempo, sexo_equinos, distancia, hora, pista_nombre, pista_hipodromo_nombre) VALUES (340, 2133624102, 'Clasicas', 'Embarrada', 'Bueno', 2, 512, '08:30:29.349', 'Pista 2', 'Hipodromo de La Plata');
INSERT INTO carrera(numero, encuentro_numero, tipo, estado_pista, estado_tiempo, sexo_equinos, distancia, hora, pista_nombre, pista_hipodromo_nombre) VALUES (354, 2133624102, 'De grado', 'Buena', 'Bueno', 0, 565, '08:30:29.349', 'Pista 4', 'Hipodromo de La Plata');
INSERT INTO carrera(numero, encuentro_numero, tipo, estado_pista, estado_tiempo, sexo_equinos, distancia, hora, pista_nombre, pista_hipodromo_nombre) VALUES (362, 2133624102, 'Clasicas', 'Excelente', 'Bueno', 1, 409, '08:30:29.349', 'Pista 4', 'Hipodromo de La Plata');
INSERT INTO carrera(numero, encuentro_numero, tipo, estado_pista, estado_tiempo, sexo_equinos, distancia, hora, pista_nombre, pista_hipodromo_nombre) VALUES (377, 2133624102, 'Perdedores', 'Buena', 'Bueno', 2, 459, '08:30:29.349', 'Pista 1', 'Hipodromo de La Plata');
INSERT INTO carrera(numero, encuentro_numero, tipo, estado_pista, estado_tiempo, sexo_equinos, distancia, hora, pista_nombre, pista_hipodromo_nombre) VALUES (344, 576927987, 'Perdedores', 'Excelente', 'Bueno', 1, 400, '09:30:29.349', 'Pista 1', 'Hipodromo de La Plata');
INSERT INTO carrera(numero, encuentro_numero, tipo, estado_pista, estado_tiempo, sexo_equinos, distancia, hora, pista_nombre, pista_hipodromo_nombre) VALUES (356, 576927987, 'Perdedores', 'Resvalosa', 'Bueno', 0, 598, '09:30:29.349', 'Pista 2', 'Hipodromo de La Plata');
INSERT INTO carrera(numero, encuentro_numero, tipo, estado_pista, estado_tiempo, sexo_equinos, distancia, hora, pista_nombre, pista_hipodromo_nombre) VALUES (368, 576927987, 'Handicap', 'Buena', 'Bueno', 2, 469, '09:30:29.349', 'Pista 1', 'Hipodromo de La Plata');
INSERT INTO carrera(numero, encuentro_numero, tipo, estado_pista, estado_tiempo, sexo_equinos, distancia, hora, pista_nombre, pista_hipodromo_nombre) VALUES (374, 576927987, 'Clasicas', 'Buena', 'Bueno', 1, 517, '09:30:29.349', 'Pista 4', 'Hipodromo de La Plata');
INSERT INTO carrera(numero, encuentro_numero, tipo, estado_pista, estado_tiempo, sexo_equinos, distancia, hora, pista_nombre, pista_hipodromo_nombre) VALUES (385, 576927987, 'Clasicas', 'Buena', 'Bueno', 2, 590, '09:30:29.349', 'Pista 1', 'Hipodromo de La Plata');
INSERT INTO carrera(numero, encuentro_numero, tipo, estado_pista, estado_tiempo, sexo_equinos, distancia, hora, pista_nombre, pista_hipodromo_nombre) VALUES (354, 2080435929, 'De grado', 'Resvalosa', 'Bueno', 0, 494, '09:30:29.349', 'Pista 2', 'Hipodromo de La Plata');
INSERT INTO carrera(numero, encuentro_numero, tipo, estado_pista, estado_tiempo, sexo_equinos, distancia, hora, pista_nombre, pista_hipodromo_nombre) VALUES (366, 2080435929, 'Clasicas', 'Excelente', 'Bueno', 2, 530, '09:30:29.349', 'Pista 1', 'Hipodromo de La Plata');
INSERT INTO carrera(numero, encuentro_numero, tipo, estado_pista, estado_tiempo, sexo_equinos, distancia, hora, pista_nombre, pista_hipodromo_nombre) VALUES (373, 2080435929, 'De grado', 'Buena', 'Bueno', 1, 460, '09:30:29.349', 'Pista 3', 'Hipodromo de La Plata');
INSERT INTO carrera(numero, encuentro_numero, tipo, estado_pista, estado_tiempo, sexo_equinos, distancia, hora, pista_nombre, pista_hipodromo_nombre) VALUES (381, 2080435929, 'De grado', 'Embarrada', 'Bueno', 2, 585, '09:30:29.349', 'Pista 1', 'Hipodromo de La Plata');
INSERT INTO carrera(numero, encuentro_numero, tipo, estado_pista, estado_tiempo, sexo_equinos, distancia, hora, pista_nombre, pista_hipodromo_nombre) VALUES (396, 2080435929, 'Clasicas', 'Excelente', 'Bueno', 1, 509, '09:30:29.349', 'Pista 4', 'Hipodromo de La Plata');
INSERT INTO carrera(numero, encuentro_numero, tipo, estado_pista, estado_tiempo, sexo_equinos, distancia, hora, pista_nombre, pista_hipodromo_nombre) VALUES (360, 344741339, 'De grado', 'Excelente', 'Bueno', 1, 496, '07:30:29.350', 'Pista 4', 'Hipodromo de La Plata');
INSERT INTO carrera(numero, encuentro_numero, tipo, estado_pista, estado_tiempo, sexo_equinos, distancia, hora, pista_nombre, pista_hipodromo_nombre) VALUES (374, 344741339, 'De grado', 'Buena', 'Bueno', 2, 523, '07:30:29.350', 'Pista 2', 'Hipodromo de La Plata');
INSERT INTO carrera(numero, encuentro_numero, tipo, estado_pista, estado_tiempo, sexo_equinos, distancia, hora, pista_nombre, pista_hipodromo_nombre) VALUES (387, 344741339, 'De grado', 'Excelente', 'Bueno', 2, 447, '07:30:29.350', 'Pista 4', 'Hipodromo de La Plata');
INSERT INTO carrera(numero, encuentro_numero, tipo, estado_pista, estado_tiempo, sexo_equinos, distancia, hora, pista_nombre, pista_hipodromo_nombre) VALUES (394, 344741339, 'Clasicas', 'Buena', 'Bueno', 1, 543, '07:30:29.350', 'Pista 3', 'Hipodromo de La Plata');
INSERT INTO carrera(numero, encuentro_numero, tipo, estado_pista, estado_tiempo, sexo_equinos, distancia, hora, pista_nombre, pista_hipodromo_nombre) VALUES (400, 344741339, 'De grado', 'Excelente', 'Bueno', 2, 402, '07:30:29.350', 'Pista 3', 'Hipodromo de La Plata');
INSERT INTO carrera(numero, encuentro_numero, tipo, estado_pista, estado_tiempo, sexo_equinos, distancia, hora, pista_nombre, pista_hipodromo_nombre) VALUES (375, 1955072712, 'Handicap', 'Buena', 'Bueno', 2, 423, '08:30:29.350', 'Pista 5', 'Hipodromo de San Isidro');
INSERT INTO carrera(numero, encuentro_numero, tipo, estado_pista, estado_tiempo, sexo_equinos, distancia, hora, pista_nombre, pista_hipodromo_nombre) VALUES (386, 1955072712, 'Clasicas', 'Embarrada', 'Bueno', 2, 517, '08:30:29.350', 'Pista 5', 'Hipodromo de San Isidro');
INSERT INTO carrera(numero, encuentro_numero, tipo, estado_pista, estado_tiempo, sexo_equinos, distancia, hora, pista_nombre, pista_hipodromo_nombre) VALUES (391, 1955072712, 'Handicap', 'Excelente', 'Bueno', 1, 584, '08:30:29.350', 'Pista 5', 'Hipodromo de San Isidro');
INSERT INTO carrera(numero, encuentro_numero, tipo, estado_pista, estado_tiempo, sexo_equinos, distancia, hora, pista_nombre, pista_hipodromo_nombre) VALUES (403, 1955072712, 'De grado', 'Embarrada', 'Bueno', 0, 477, '08:30:29.350', 'Pista 5', 'Hipodromo de San Isidro');
INSERT INTO carrera(numero, encuentro_numero, tipo, estado_pista, estado_tiempo, sexo_equinos, distancia, hora, pista_nombre, pista_hipodromo_nombre) VALUES (410, 1955072712, 'Handicap', 'Embarrada', 'Bueno', 2, 474, '08:30:29.350', 'Pista 5', 'Hipodromo de San Isidro');
INSERT INTO carrera(numero, encuentro_numero, tipo, estado_pista, estado_tiempo, sexo_equinos, distancia, hora, pista_nombre, pista_hipodromo_nombre) VALUES (386, 518943856, 'Clasicas', 'Resvalosa', 'Bueno', 1, 482, '09:30:29.350', 'Pista 7', 'Hipodromo de Palermo');
INSERT INTO carrera(numero, encuentro_numero, tipo, estado_pista, estado_tiempo, sexo_equinos, distancia, hora, pista_nombre, pista_hipodromo_nombre) VALUES (391, 518943856, 'Handicap', 'Excelente', 'Bueno', 2, 553, '09:30:29.350', 'Pista 8', 'Hipodromo de Palermo');
INSERT INTO carrera(numero, encuentro_numero, tipo, estado_pista, estado_tiempo, sexo_equinos, distancia, hora, pista_nombre, pista_hipodromo_nombre) VALUES (406, 518943856, 'Handicap', 'Excelente', 'Bueno', 2, 411, '09:30:29.350', 'Pista 7', 'Hipodromo de Palermo');
INSERT INTO carrera(numero, encuentro_numero, tipo, estado_pista, estado_tiempo, sexo_equinos, distancia, hora, pista_nombre, pista_hipodromo_nombre) VALUES (416, 518943856, 'Clasicas', 'Excelente', 'Bueno', 2, 519, '09:30:29.350', 'Pista 8', 'Hipodromo de Palermo');
INSERT INTO carrera(numero, encuentro_numero, tipo, estado_pista, estado_tiempo, sexo_equinos, distancia, hora, pista_nombre, pista_hipodromo_nombre) VALUES (428, 518943856, 'Clasicas', 'Resvalosa', 'Bueno', 0, 513, '09:30:29.350', 'Pista 7', 'Hipodromo de Palermo');
INSERT INTO carrera(numero, encuentro_numero, tipo, estado_pista, estado_tiempo, sexo_equinos, distancia, hora, pista_nombre, pista_hipodromo_nombre) VALUES (398, 949339611, 'Clasicas', 'Embarrada', 'Bueno', 1, 584, '09:00:29.350', 'Pista 8', 'Hipodromo de Palermo');
INSERT INTO carrera(numero, encuentro_numero, tipo, estado_pista, estado_tiempo, sexo_equinos, distancia, hora, pista_nombre, pista_hipodromo_nombre) VALUES (403, 949339611, 'Perdedores', 'Excelente', 'Bueno', 1, 543, '09:00:29.350', 'Pista 7', 'Hipodromo de Palermo');
INSERT INTO carrera(numero, encuentro_numero, tipo, estado_pista, estado_tiempo, sexo_equinos, distancia, hora, pista_nombre, pista_hipodromo_nombre) VALUES (419, 949339611, 'Clasicas', 'Excelente', 'Bueno', 1, 539, '09:00:29.350', 'Pista 7', 'Hipodromo de Palermo');
INSERT INTO carrera(numero, encuentro_numero, tipo, estado_pista, estado_tiempo, sexo_equinos, distancia, hora, pista_nombre, pista_hipodromo_nombre) VALUES (424, 949339611, 'Handicap', 'Buena', 'Bueno', 1, 502, '09:00:29.350', 'Pista 8', 'Hipodromo de Palermo');
INSERT INTO carrera(numero, encuentro_numero, tipo, estado_pista, estado_tiempo, sexo_equinos, distancia, hora, pista_nombre, pista_hipodromo_nombre) VALUES (433, 949339611, 'De grado', 'Resvalosa', 'Bueno', 1, 555, '09:00:29.350', 'Pista 8', 'Hipodromo de Palermo');
INSERT INTO carrera(numero, encuentro_numero, tipo, estado_pista, estado_tiempo, sexo_equinos, distancia, hora, pista_nombre, pista_hipodromo_nombre) VALUES (403, 1918446008, 'De grado', 'Excelente', 'Bueno', 0, 409, '07:00:29.350', 'Pista 4', 'Hipodromo de La Plata');
INSERT INTO carrera(numero, encuentro_numero, tipo, estado_pista, estado_tiempo, sexo_equinos, distancia, hora, pista_nombre, pista_hipodromo_nombre) VALUES (417, 1918446008, 'Perdedores', 'Excelente', 'Bueno', 2, 529, '07:00:29.350', 'Pista 4', 'Hipodromo de La Plata');
INSERT INTO carrera(numero, encuentro_numero, tipo, estado_pista, estado_tiempo, sexo_equinos, distancia, hora, pista_nombre, pista_hipodromo_nombre) VALUES (428, 1918446008, 'Perdedores', 'Resvalosa', 'Bueno', 1, 530, '07:00:29.350', 'Pista 2', 'Hipodromo de La Plata');
INSERT INTO carrera(numero, encuentro_numero, tipo, estado_pista, estado_tiempo, sexo_equinos, distancia, hora, pista_nombre, pista_hipodromo_nombre) VALUES (436, 1918446008, 'Perdedores', 'Buena', 'Bueno', 0, 597, '07:00:29.350', 'Pista 3', 'Hipodromo de La Plata');
INSERT INTO carrera(numero, encuentro_numero, tipo, estado_pista, estado_tiempo, sexo_equinos, distancia, hora, pista_nombre, pista_hipodromo_nombre) VALUES (443, 1918446008, 'Clasicas', 'Embarrada', 'Bueno', 0, 598, '07:00:29.350', 'Pista 2', 'Hipodromo de La Plata');
INSERT INTO carrera(numero, encuentro_numero, tipo, estado_pista, estado_tiempo, sexo_equinos, distancia, hora, pista_nombre, pista_hipodromo_nombre) VALUES (411, 1250170522, 'De grado', 'Buena', 'Bueno', 0, 568, '08:00:29.351', 'Pista 1', 'Hipodromo de La Plata');
INSERT INTO carrera(numero, encuentro_numero, tipo, estado_pista, estado_tiempo, sexo_equinos, distancia, hora, pista_nombre, pista_hipodromo_nombre) VALUES (424, 1250170522, 'De grado', 'Resvalosa', 'Bueno', 0, 509, '08:00:29.351', 'Pista 1', 'Hipodromo de La Plata');
INSERT INTO carrera(numero, encuentro_numero, tipo, estado_pista, estado_tiempo, sexo_equinos, distancia, hora, pista_nombre, pista_hipodromo_nombre) VALUES (435, 1250170522, 'De grado', 'Buena', 'Bueno', 2, 576, '08:00:29.351', 'Pista 3', 'Hipodromo de La Plata');
INSERT INTO carrera(numero, encuentro_numero, tipo, estado_pista, estado_tiempo, sexo_equinos, distancia, hora, pista_nombre, pista_hipodromo_nombre) VALUES (445, 1250170522, 'Clasicas', 'Embarrada', 'Bueno', 1, 532, '08:00:29.351', 'Pista 3', 'Hipodromo de La Plata');
INSERT INTO carrera(numero, encuentro_numero, tipo, estado_pista, estado_tiempo, sexo_equinos, distancia, hora, pista_nombre, pista_hipodromo_nombre) VALUES (458, 1250170522, 'Clasicas', 'Embarrada', 'Bueno', 0, 424, '08:00:29.351', 'Pista 3', 'Hipodromo de La Plata');


-- Participacion
INSERT INTO participacion(jockey_persona_dni, equino_nombre, carrera_numero, carrera_encuentro_numero, stud_nombre, tiempo, andarivel, peso_jockey, talla_jockey, handicap_equino, descalificado) VALUES (10000043, 'AS DE OROS', 0, 1017425945, 'EL MAXI', 124075, 1, '61.09', '143.12', '31.8', false);
INSERT INTO participacion(jockey_persona_dni, equino_nombre, carrera_numero, carrera_encuentro_numero, stud_nombre, tiempo, andarivel, peso_jockey, talla_jockey, handicap_equino, descalificado) VALUES (10000001, 'IMPERIOSO', 17, 1017425945, 'CAITO', 127846, 1, '48.01', '152.03', '55.4', false);
INSERT INTO participacion(jockey_persona_dni, equino_nombre, carrera_numero, carrera_encuentro_numero, stud_nombre, tiempo, andarivel, peso_jockey, talla_jockey, handicap_equino, descalificado) VALUES (10000109, 'JINN', 17, 1017425945, 'LA PROVIDENCIA', 131909, 2, '49.37', '149.66', '83.4', false);
INSERT INTO participacion(jockey_persona_dni, equino_nombre, carrera_numero, carrera_encuentro_numero, stud_nombre, tiempo, andarivel, peso_jockey, talla_jockey, handicap_equino, descalificado) VALUES (10000046, 'NELSON', 17, 1017425945, 'EL PADRINO', 132578, 3, '45.44', '147.57', '28.3', false);
INSERT INTO participacion(jockey_persona_dni, equino_nombre, carrera_numero, carrera_encuentro_numero, stud_nombre, tiempo, andarivel, peso_jockey, talla_jockey, handicap_equino, descalificado) VALUES (10000091, 'HIPOGRIFO', 17, 1017425945, 'EL ZAINO', 148617, 4, '53.82', '142.43', '58.9', false);
INSERT INTO participacion(jockey_persona_dni, equino_nombre, carrera_numero, carrera_encuentro_numero, stud_nombre, tiempo, andarivel, peso_jockey, talla_jockey, handicap_equino, descalificado) VALUES (10000004, 'PAMPERO', 17, 1017425945, 'MAM', 148775, 5, '56.66', '157.06', '25.5', false);
INSERT INTO participacion(jockey_persona_dni, equino_nombre, carrera_numero, carrera_encuentro_numero, stud_nombre, tiempo, andarivel, peso_jockey, talla_jockey, handicap_equino, descalificado) VALUES (10000094, 'RED FOX', 27, 1017425945, 'VALLE DE LA LUNA', 138391, 1, '61.32', '143.58', '59.0', false);
INSERT INTO participacion(jockey_persona_dni, equino_nombre, carrera_numero, carrera_encuentro_numero, stud_nombre, tiempo, andarivel, peso_jockey, talla_jockey, handicap_equino, descalificado) VALUES (10000040, 'LA JACA PACA', 35, 1017425945, 'JUBAFER', 154621, 1, '47.90', '154.62', '67.0', false);
INSERT INTO participacion(jockey_persona_dni, equino_nombre, carrera_numero, carrera_encuentro_numero, stud_nombre, tiempo, andarivel, peso_jockey, talla_jockey, handicap_equino, descalificado) VALUES (10000010, 'LA LEYENDA BEDUINA DE LA CREACION DEL CABALLO', 35, 1017425945, 'B.J.(Vguay.)', 137573, 2, '55.72', '145.58', '28.0', false);
INSERT INTO participacion(jockey_persona_dni, equino_nombre, carrera_numero, carrera_encuentro_numero, stud_nombre, tiempo, andarivel, peso_jockey, talla_jockey, handicap_equino, descalificado) VALUES (10000016, 'MARSALA', 35, 1017425945, 'VAS-QUITO', 138721, 3, '64.30', '141.32', '30.8', false);
INSERT INTO participacion(jockey_persona_dni, equino_nombre, carrera_numero, carrera_encuentro_numero, stud_nombre, tiempo, andarivel, peso_jockey, talla_jockey, handicap_equino, descalificado) VALUES (10000037, 'CHING', 35, 1017425945, 'DON LEOPOLDO', 169195, 4, '63.57', '148.40', '19.3', false);
INSERT INTO participacion(jockey_persona_dni, equino_nombre, carrera_numero, carrera_encuentro_numero, stud_nombre, tiempo, andarivel, peso_jockey, talla_jockey, handicap_equino, descalificado) VALUES (10000067, 'DILU', 35, 1017425945, 'LOS HERMANITOS (S.Fe)', 135631, 5, '53.67', '157.43', '60.2', false);
INSERT INTO participacion(jockey_persona_dni, equino_nombre, carrera_numero, carrera_encuentro_numero, stud_nombre, tiempo, andarivel, peso_jockey, talla_jockey, handicap_equino, descalificado) VALUES (10000115, 'MARENGO', 35, 1017425945, '27 DE ABRIL', 164815, 6, '52.87', '153.38', '26.0', false);
INSERT INTO participacion(jockey_persona_dni, equino_nombre, carrera_numero, carrera_encuentro_numero, stud_nombre, tiempo, andarivel, peso_jockey, talla_jockey, handicap_equino, descalificado) VALUES (10000100, 'HENGROEN', 41, 1017425945, 'MIRABELLA', 159812, 1, '52.20', '149.11', '28.4', false);
INSERT INTO participacion(jockey_persona_dni, equino_nombre, carrera_numero, carrera_encuentro_numero, stud_nombre, tiempo, andarivel, peso_jockey, talla_jockey, handicap_equino, descalificado) VALUES (10000109, 'JINN', 13, 78206380, 'LA PROVIDENCIA', 149728, 1, '59.76', '151.90', '77.5', false);
INSERT INTO participacion(jockey_persona_dni, equino_nombre, carrera_numero, carrera_encuentro_numero, stud_nombre, tiempo, andarivel, peso_jockey, talla_jockey, handicap_equino, descalificado) VALUES (10000061, 'BLAKIE', 13, 78206380, 'FIRMAMENTO', 147790, 2, '65.60', '149.13', '74.6', false);
INSERT INTO participacion(jockey_persona_dni, equino_nombre, carrera_numero, carrera_encuentro_numero, stud_nombre, tiempo, andarivel, peso_jockey, talla_jockey, handicap_equino, descalificado) VALUES (10000049, 'BUCEFALO', 13, 78206380, 'LAS TUTIS', 143759, 3, '60.74', '145.53', '56.5', false);
INSERT INTO participacion(jockey_persona_dni, equino_nombre, carrera_numero, carrera_encuentro_numero, stud_nombre, tiempo, andarivel, peso_jockey, talla_jockey, handicap_equino, descalificado) VALUES (10000103, 'KANTAKA', 13, 78206380, 'L.A. (LP)', 161914, 4, '52.52', '151.19', '25.5', false);
INSERT INTO participacion(jockey_persona_dni, equino_nombre, carrera_numero, carrera_encuentro_numero, stud_nombre, tiempo, andarivel, peso_jockey, talla_jockey, handicap_equino, descalificado) VALUES (10000028, 'ZAHAREÑO', 13, 78206380, 'MOZO BACAN', 168727, 5, '49.12', '159.99', '49.0', false);
INSERT INTO participacion(jockey_persona_dni, equino_nombre, carrera_numero, carrera_encuentro_numero, stud_nombre, tiempo, andarivel, peso_jockey, talla_jockey, handicap_equino, descalificado) VALUES (10000073, 'SILVER', 13, 78206380, 'LA CHUMBEADA', 160211, 6, '49.00', '150.31', '22.4', false);
INSERT INTO participacion(jockey_persona_dni, equino_nombre, carrera_numero, carrera_encuentro_numero, stud_nombre, tiempo, andarivel, peso_jockey, talla_jockey, handicap_equino, descalificado) VALUES (10000076, 'SALVADOR', 13, 78206380, 'LOS 4 ASES', 132182, 7, '52.38', '146.07', '77.1', false);
INSERT INTO participacion(jockey_persona_dni, equino_nombre, carrera_numero, carrera_encuentro_numero, stud_nombre, tiempo, andarivel, peso_jockey, talla_jockey, handicap_equino, descalificado) VALUES (10000079, 'GENITOR', 22, 78206380, 'LA CAMPANA', 141458, 1, '47.38', '149.00', '26.0', false);
INSERT INTO participacion(jockey_persona_dni, equino_nombre, carrera_numero, carrera_encuentro_numero, stud_nombre, tiempo, andarivel, peso_jockey, talla_jockey, handicap_equino, descalificado) VALUES (10000109, 'JINN', 34, 78206380, 'LA PROVIDENCIA', 175514, 1, '58.92', '155.09', '77.4', false);
INSERT INTO participacion(jockey_persona_dni, equino_nombre, carrera_numero, carrera_encuentro_numero, stud_nombre, tiempo, andarivel, peso_jockey, talla_jockey, handicap_equino, descalificado) VALUES (10000082, 'SILVER BLAZE', 42, 78206380, 'LA QUEBRADA', 125244, 1, '49.91', '157.49', '17.6', false);
INSERT INTO participacion(jockey_persona_dni, equino_nombre, carrera_numero, carrera_encuentro_numero, stud_nombre, tiempo, andarivel, peso_jockey, talla_jockey, handicap_equino, descalificado) VALUES (10000076, 'SALVADOR', 42, 78206380, 'LOS 4 ASES', 130344, 2, '51.36', '144.51', '75.6', false);
INSERT INTO participacion(jockey_persona_dni, equino_nombre, carrera_numero, carrera_encuentro_numero, stud_nombre, tiempo, andarivel, peso_jockey, talla_jockey, handicap_equino, descalificado) VALUES (10000052, 'CABALLO DE TROYA', 42, 78206380, 'CABO ALARCON', 174984, 3, '58.23', '153.03', '63.9', false);
INSERT INTO participacion(jockey_persona_dni, equino_nombre, carrera_numero, carrera_encuentro_numero, stud_nombre, tiempo, andarivel, peso_jockey, talla_jockey, handicap_equino, descalificado) VALUES (10000097, 'TORDILLO', 42, 78206380, 'ESEERREEFE', 169526, 4, '59.18', '146.42', '26.2', false);
INSERT INTO participacion(jockey_persona_dni, equino_nombre, carrera_numero, carrera_encuentro_numero, stud_nombre, tiempo, andarivel, peso_jockey, talla_jockey, handicap_equino, descalificado) VALUES (10000019, 'HAIZUN', 42, 78206380, 'LOS GATEADOS (MDP)', 178719, 5, '48.30', '147.68', '49.8', false);
INSERT INTO participacion(jockey_persona_dni, equino_nombre, carrera_numero, carrera_encuentro_numero, stud_nombre, tiempo, andarivel, peso_jockey, talla_jockey, handicap_equino, descalificado) VALUES (10000004, 'PAMPERO', 42, 78206380, 'MAM', 161828, 6, '51.32', '157.78', '25.9', false);
INSERT INTO participacion(jockey_persona_dni, equino_nombre, carrera_numero, carrera_encuentro_numero, stud_nombre, tiempo, andarivel, peso_jockey, talla_jockey, handicap_equino, descalificado) VALUES (10000064, 'JANTO/BALIO', 42, 78206380, 'BEVA-ALCA', 166037, 7, '53.58', '148.60', '28.1', false);
INSERT INTO participacion(jockey_persona_dni, equino_nombre, carrera_numero, carrera_encuentro_numero, stud_nombre, tiempo, andarivel, peso_jockey, talla_jockey, handicap_equino, descalificado) VALUES (10000013, 'MAGNOLIA', 52, 78206380, 'GENTE DE TURF', 160011, 1, '60.87', '162.93', '39.0', false);
INSERT INTO participacion(jockey_persona_dni, equino_nombre, carrera_numero, carrera_encuentro_numero, stud_nombre, tiempo, andarivel, peso_jockey, talla_jockey, handicap_equino, descalificado) VALUES (10000079, 'GENITOR', 52, 78206380, 'LA CAMPANA', 125420, 2, '49.79', '142.52', '25.9', false);
INSERT INTO participacion(jockey_persona_dni, equino_nombre, carrera_numero, carrera_encuentro_numero, stud_nombre, tiempo, andarivel, peso_jockey, talla_jockey, handicap_equino, descalificado) VALUES (10000109, 'JINN', 52, 78206380, 'LA PROVIDENCIA', 167257, 3, '51.92', '164.82', '80.3', false);
INSERT INTO participacion(jockey_persona_dni, equino_nombre, carrera_numero, carrera_encuentro_numero, stud_nombre, tiempo, andarivel, peso_jockey, talla_jockey, handicap_equino, descalificado) VALUES (10000025, 'STRYMON', 52, 78206380, 'PASO LOPEZ (Azul)', 132937, 4, '54.63', '146.70', '21.0', false);
INSERT INTO participacion(jockey_persona_dni, equino_nombre, carrera_numero, carrera_encuentro_numero, stud_nombre, tiempo, andarivel, peso_jockey, talla_jockey, handicap_equino, descalificado) VALUES (10000016, 'MARSALA', 52, 78206380, 'VAS-QUITO', 173398, 5, '58.61', '149.48', '23.5', false);
INSERT INTO participacion(jockey_persona_dni, equino_nombre, carrera_numero, carrera_encuentro_numero, stud_nombre, tiempo, andarivel, peso_jockey, talla_jockey, handicap_equino, descalificado) VALUES (10000034, 'PEQUEÑO TIO', 22, 264492362, 'EL NEGRO', 133779, 2, '52.39', '150.22', '50.9', false);
INSERT INTO participacion(jockey_persona_dni, equino_nombre, carrera_numero, carrera_encuentro_numero, stud_nombre, tiempo, andarivel, peso_jockey, talla_jockey, handicap_equino, descalificado) VALUES (10000094, 'RED FOX', 22, 264492362, 'VALLE DE LA LUNA', 155378, 3, '53.43', '149.88', '59.0', false);
INSERT INTO participacion(jockey_persona_dni, equino_nombre, carrera_numero, carrera_encuentro_numero, stud_nombre, tiempo, andarivel, peso_jockey, talla_jockey, handicap_equino, descalificado) VALUES (10000073, 'SILVER', 36, 264492362, 'LA CHUMBEADA', 150219, 1, '57.85', '154.63', '27.6', false);
INSERT INTO participacion(jockey_persona_dni, equino_nombre, carrera_numero, carrera_encuentro_numero, stud_nombre, tiempo, andarivel, peso_jockey, talla_jockey, handicap_equino, descalificado) VALUES (10000064, 'JANTO/BALIO', 36, 264492362, 'BEVA-ALCA', 130267, 2, '51.65', '146.33', '28.5', false);
INSERT INTO participacion(jockey_persona_dni, equino_nombre, carrera_numero, carrera_encuentro_numero, stud_nombre, tiempo, andarivel, peso_jockey, talla_jockey, handicap_equino, descalificado) VALUES (10000007, 'PALMICHE', 36, 264492362, 'GAUCHITO GIL', 129353, 3, '49.38', '141.49', '68.3', false);
INSERT INTO participacion(jockey_persona_dni, equino_nombre, carrera_numero, carrera_encuentro_numero, stud_nombre, tiempo, andarivel, peso_jockey, talla_jockey, handicap_equino, descalificado) VALUES (10000034, 'PEQUEÑO TIO', 46, 264492362, 'EL NEGRO', 134191, 1, '58.71', '153.07', '41.4', false);
INSERT INTO participacion(jockey_persona_dni, equino_nombre, carrera_numero, carrera_encuentro_numero, stud_nombre, tiempo, andarivel, peso_jockey, talla_jockey, handicap_equino, descalificado) VALUES (10000091, 'HIPOGRIFO', 46, 264492362, 'EL ZAINO', 137823, 2, '51.15', '136.88', '63.3', false);
INSERT INTO participacion(jockey_persona_dni, equino_nombre, carrera_numero, carrera_encuentro_numero, stud_nombre, tiempo, andarivel, peso_jockey, talla_jockey, handicap_equino, descalificado) VALUES (10000082, 'SILVER BLAZE', 46, 264492362, 'LA QUEBRADA', 166792, 3, '53.01', '163.20', '21.3', false);
INSERT INTO participacion(jockey_persona_dni, equino_nombre, carrera_numero, carrera_encuentro_numero, stud_nombre, tiempo, andarivel, peso_jockey, talla_jockey, handicap_equino, descalificado) VALUES (10000118, 'MR. ED', 52, 264492362, 'PINO SOLO', 137289, 6, '56.23', '150.98', '19.3', false);
INSERT INTO participacion(jockey_persona_dni, equino_nombre, carrera_numero, carrera_encuentro_numero, stud_nombre, tiempo, andarivel, peso_jockey, talla_jockey, handicap_equino, descalificado) VALUES (10000112, 'PASCASAS', 52, 264492362, 'ASAYE', 173861, 7, '60.27', '158.86', '25.0', false);
INSERT INTO participacion(jockey_persona_dni, equino_nombre, carrera_numero, carrera_encuentro_numero, stud_nombre, tiempo, andarivel, peso_jockey, talla_jockey, handicap_equino, descalificado) VALUES (10000124, 'KASZTANKA', 52, 264492362, 'LINDA SIEMPRE', 175153, 8, '45.78', '146.39', '29.6', false);
INSERT INTO participacion(jockey_persona_dni, equino_nombre, carrera_numero, carrera_encuentro_numero, stud_nombre, tiempo, andarivel, peso_jockey, talla_jockey, handicap_equino, descalificado) VALUES (10000079, 'GENITOR', 52, 264492362, 'LA CAMPANA', 150952, 9, '48.07', '138.51', '24.6', false);
INSERT INTO participacion(jockey_persona_dni, equino_nombre, carrera_numero, carrera_encuentro_numero, stud_nombre, tiempo, andarivel, peso_jockey, talla_jockey, handicap_equino, descalificado) VALUES (10000031, 'CAGANCHO', 52, 264492362, 'FEDEX (Azul)', 159590, 10, '55.33', '148.65', '68.0', false);
INSERT INTO participacion(jockey_persona_dni, equino_nombre, carrera_numero, carrera_encuentro_numero, stud_nombre, tiempo, andarivel, peso_jockey, talla_jockey, handicap_equino, descalificado) VALUES (10000085, 'JOLLY JUMPER', 52, 264492362, 'CUMENEYEN', 147581, 11, '66.44', '151.64', '35.9', false);
INSERT INTO participacion(jockey_persona_dni, equino_nombre, carrera_numero, carrera_encuentro_numero, stud_nombre, tiempo, andarivel, peso_jockey, talla_jockey, handicap_equino, descalificado) VALUES (10000088, 'EL PRIETO', 63, 264492362, 'CUCUNITO', 159989, 1, '62.19', '145.00', '72.4', false);
INSERT INTO participacion(jockey_persona_dni, equino_nombre, carrera_numero, carrera_encuentro_numero, stud_nombre, tiempo, andarivel, peso_jockey, talla_jockey, handicap_equino, descalificado) VALUES (10000067, 'DILU', 30, 2012936677, 'LOS HERMANITOS (S.Fe)', 150641, 1, '59.53', '151.49', '67.9', false);
INSERT INTO participacion(jockey_persona_dni, equino_nombre, carrera_numero, carrera_encuentro_numero, stud_nombre, tiempo, andarivel, peso_jockey, talla_jockey, handicap_equino, descalificado) VALUES (10000076, 'SALVADOR', 30, 2012936677, 'LOS 4 ASES', 162655, 2, '52.97', '139.29', '70.8', false);
INSERT INTO participacion(jockey_persona_dni, equino_nombre, carrera_numero, carrera_encuentro_numero, stud_nombre, tiempo, andarivel, peso_jockey, talla_jockey, handicap_equino, descalificado) VALUES (10000085, 'JOLLY JUMPER', 30, 2012936677, 'CUMENEYEN', 126589, 3, '61.76', '151.71', '34.9', false);
INSERT INTO participacion(jockey_persona_dni, equino_nombre, carrera_numero, carrera_encuentro_numero, stud_nombre, tiempo, andarivel, peso_jockey, talla_jockey, handicap_equino, descalificado) VALUES (10000055, 'MORZILLO', 30, 2012936677, 'NOE MAR', 127172, 4, '55.35', '147.00', '33.5', false);
INSERT INTO participacion(jockey_persona_dni, equino_nombre, carrera_numero, carrera_encuentro_numero, stud_nombre, tiempo, andarivel, peso_jockey, talla_jockey, handicap_equino, descalificado) VALUES (10000004, 'PAMPERO', 30, 2012936677, 'MAM', 175388, 5, '48.29', '151.65', '26.2', false);
INSERT INTO participacion(jockey_persona_dni, equino_nombre, carrera_numero, carrera_encuentro_numero, stud_nombre, tiempo, andarivel, peso_jockey, talla_jockey, handicap_equino, descalificado) VALUES (10000094, 'RED FOX', 30, 2012936677, 'VALLE DE LA LUNA', 175881, 6, '68.56', '145.81', '62.7', false);
INSERT INTO participacion(jockey_persona_dni, equino_nombre, carrera_numero, carrera_encuentro_numero, stud_nombre, tiempo, andarivel, peso_jockey, talla_jockey, handicap_equino, descalificado) VALUES (10000001, 'IMPERIOSO', 30, 2012936677, 'CAITO', 128123, 7, '50.85', '156.22', '56.9', false);
INSERT INTO participacion(jockey_persona_dni, equino_nombre, carrera_numero, carrera_encuentro_numero, stud_nombre, tiempo, andarivel, peso_jockey, talla_jockey, handicap_equino, descalificado) VALUES (10000109, 'JINN', 41, 2012936677, 'LA PROVIDENCIA', 123271, 2, '50.85', '163.87', '75.5', false);
INSERT INTO participacion(jockey_persona_dni, equino_nombre, carrera_numero, carrera_encuentro_numero, stud_nombre, tiempo, andarivel, peso_jockey, talla_jockey, handicap_equino, descalificado) VALUES (10000067, 'DILU', 41, 2012936677, 'LOS HERMANITOS (S.Fe)', 141203, 3, '52.61', '162.95', '66.1', false);
INSERT INTO participacion(jockey_persona_dni, equino_nombre, carrera_numero, carrera_encuentro_numero, stud_nombre, tiempo, andarivel, peso_jockey, talla_jockey, handicap_equino, descalificado) VALUES (10000043, 'AS DE OROS', 41, 2012936677, 'EL MAXI', 141196, 4, '55.94', '139.98', '34.5', false);
INSERT INTO participacion(jockey_persona_dni, equino_nombre, carrera_numero, carrera_encuentro_numero, stud_nombre, tiempo, andarivel, peso_jockey, talla_jockey, handicap_equino, descalificado) VALUES (10000046, 'NELSON', 41, 2012936677, 'EL PADRINO', 161137, 5, '52.12', '152.48', '35.3', false);
INSERT INTO participacion(jockey_persona_dni, equino_nombre, carrera_numero, carrera_encuentro_numero, stud_nombre, tiempo, andarivel, peso_jockey, talla_jockey, handicap_equino, descalificado) VALUES (10000034, 'PEQUEÑO TIO', 41, 2012936677, 'EL NEGRO', 156596, 6, '50.99', '154.27', '46.3', false);
INSERT INTO participacion(jockey_persona_dni, equino_nombre, carrera_numero, carrera_encuentro_numero, stud_nombre, tiempo, andarivel, peso_jockey, talla_jockey, handicap_equino, descalificado) VALUES (10000007, 'PALMICHE', 51, 2012936677, 'GAUCHITO GIL', 141395, 1, '53.48', '142.77', '63.8', false);
INSERT INTO participacion(jockey_persona_dni, equino_nombre, carrera_numero, carrera_encuentro_numero, stud_nombre, tiempo, andarivel, peso_jockey, talla_jockey, handicap_equino, descalificado) VALUES (10000004, 'PAMPERO', 51, 2012936677, 'MAM', 139993, 2, '46.95', '152.38', '26.4', false);
INSERT INTO participacion(jockey_persona_dni, equino_nombre, carrera_numero, carrera_encuentro_numero, stud_nombre, tiempo, andarivel, peso_jockey, talla_jockey, handicap_equino, descalificado) VALUES (10000094, 'RED FOX', 51, 2012936677, 'VALLE DE LA LUNA', 144848, 3, '59.28', '147.96', '57.2', false);
INSERT INTO participacion(jockey_persona_dni, equino_nombre, carrera_numero, carrera_encuentro_numero, stud_nombre, tiempo, andarivel, peso_jockey, talla_jockey, handicap_equino, descalificado) VALUES (10000055, 'MORZILLO', 51, 2012936677, 'NOE MAR', 129371, 4, '60.22', '150.36', '28.1', false);
INSERT INTO participacion(jockey_persona_dni, equino_nombre, carrera_numero, carrera_encuentro_numero, stud_nombre, tiempo, andarivel, peso_jockey, talla_jockey, handicap_equino, descalificado) VALUES (10000013, 'MAGNOLIA', 67, 2012936677, 'GENTE DE TURF', 134985, 1, '58.52', '155.88', '34.8', false);
INSERT INTO participacion(jockey_persona_dni, equino_nombre, carrera_numero, carrera_encuentro_numero, stud_nombre, tiempo, andarivel, peso_jockey, talla_jockey, handicap_equino, descalificado) VALUES (10000016, 'MARSALA', 67, 2012936677, 'VAS-QUITO', 129879, 2, '60.53', '141.44', '28.4', false);
INSERT INTO participacion(jockey_persona_dni, equino_nombre, carrera_numero, carrera_encuentro_numero, stud_nombre, tiempo, andarivel, peso_jockey, talla_jockey, handicap_equino, descalificado) VALUES (10000124, 'KASZTANKA', 76, 2012936677, 'LINDA SIEMPRE', 137994, 1, '51.75', '141.60', '29.9', false);
INSERT INTO participacion(jockey_persona_dni, equino_nombre, carrera_numero, carrera_encuentro_numero, stud_nombre, tiempo, andarivel, peso_jockey, talla_jockey, handicap_equino, descalificado) VALUES (10000103, 'KANTAKA', 76, 2012936677, 'L.A. (LP)', 136749, 2, '58.82', '155.89', '22.6', false);
INSERT INTO participacion(jockey_persona_dni, equino_nombre, carrera_numero, carrera_encuentro_numero, stud_nombre, tiempo, andarivel, peso_jockey, talla_jockey, handicap_equino, descalificado) VALUES (10000010, 'LA LEYENDA BEDUINA DE LA CREACION DEL CABALLO', 76, 2012936677, 'B.J.(Vguay.)', 176084, 3, '57.54', '149.36', '27.1', false);
INSERT INTO participacion(jockey_persona_dni, equino_nombre, carrera_numero, carrera_encuentro_numero, stud_nombre, tiempo, andarivel, peso_jockey, talla_jockey, handicap_equino, descalificado) VALUES (10000013, 'MAGNOLIA', 76, 2012936677, 'GENTE DE TURF', 168459, 4, '57.68', '156.07', '39.2', false);
INSERT INTO participacion(jockey_persona_dni, equino_nombre, carrera_numero, carrera_encuentro_numero, stud_nombre, tiempo, andarivel, peso_jockey, talla_jockey, handicap_equino, descalificado) VALUES (10000040, 'LA JACA PACA', 76, 2012936677, 'JUBAFER', 150403, 5, '55.64', '152.19', '68.6', false);
INSERT INTO participacion(jockey_persona_dni, equino_nombre, carrera_numero, carrera_encuentro_numero, stud_nombre, tiempo, andarivel, peso_jockey, talla_jockey, handicap_equino, descalificado) VALUES (10000016, 'MARSALA', 76, 2012936677, 'VAS-QUITO', 177044, 6, '64.82', '150.29', '32.5', false);
INSERT INTO participacion(jockey_persona_dni, equino_nombre, carrera_numero, carrera_encuentro_numero, stud_nombre, tiempo, andarivel, peso_jockey, talla_jockey, handicap_equino, descalificado) VALUES (10000067, 'DILU', 41, 143450356, 'LOS HERMANITOS (S.Fe)', 136978, 7, '52.73', '152.78', '63.0', false);
INSERT INTO participacion(jockey_persona_dni, equino_nombre, carrera_numero, carrera_encuentro_numero, stud_nombre, tiempo, andarivel, peso_jockey, talla_jockey, handicap_equino, descalificado) VALUES (10000058, 'SOMBRA GRIS', 41, 143450356, 'LOS COLORADOS', 158082, 8, '58.67', '145.76', '60.4', false);
INSERT INTO participacion(jockey_persona_dni, equino_nombre, carrera_numero, carrera_encuentro_numero, stud_nombre, tiempo, andarivel, peso_jockey, talla_jockey, handicap_equino, descalificado) VALUES (10000118, 'MR. ED', 50, 143450356, 'PINO SOLO', 138471, 1, '59.61', '149.48', '15.5', false);
INSERT INTO participacion(jockey_persona_dni, equino_nombre, carrera_numero, carrera_encuentro_numero, stud_nombre, tiempo, andarivel, peso_jockey, talla_jockey, handicap_equino, descalificado) VALUES (10000004, 'PAMPERO', 62, 143450356, 'MAM', 139636, 1, '52.25', '152.76', '26.8', false);
INSERT INTO participacion(jockey_persona_dni, equino_nombre, carrera_numero, carrera_encuentro_numero, stud_nombre, tiempo, andarivel, peso_jockey, talla_jockey, handicap_equino, descalificado) VALUES (10000100, 'HENGROEN', 62, 143450356, 'MIRABELLA', 140496, 2, '53.24', '142.21', '30.9', false);
INSERT INTO participacion(jockey_persona_dni, equino_nombre, carrera_numero, carrera_encuentro_numero, stud_nombre, tiempo, andarivel, peso_jockey, talla_jockey, handicap_equino, descalificado) VALUES (10000106, 'PASTOR', 75, 143450356, 'LE FRAGOLE', 159876, 1, '54.55', '144.27', '44.6', false);
INSERT INTO participacion(jockey_persona_dni, equino_nombre, carrera_numero, carrera_encuentro_numero, stud_nombre, tiempo, andarivel, peso_jockey, talla_jockey, handicap_equino, descalificado) VALUES (10000034, 'PEQUEÑO TIO', 75, 143450356, 'EL NEGRO', 178552, 2, '61.09', '149.78', '46.9', false);
INSERT INTO participacion(jockey_persona_dni, equino_nombre, carrera_numero, carrera_encuentro_numero, stud_nombre, tiempo, andarivel, peso_jockey, talla_jockey, handicap_equino, descalificado) VALUES (10000019, 'HAIZUN', 75, 143450356, 'LOS GATEADOS (MDP)', 169669, 3, '60.96', '137.95', '52.6', false);
INSERT INTO participacion(jockey_persona_dni, equino_nombre, carrera_numero, carrera_encuentro_numero, stud_nombre, tiempo, andarivel, peso_jockey, talla_jockey, handicap_equino, descalificado) VALUES (10000082, 'SILVER BLAZE', 75, 143450356, 'LA QUEBRADA', 171014, 4, '59.53', '158.19', '23.1', false);
INSERT INTO participacion(jockey_persona_dni, equino_nombre, carrera_numero, carrera_encuentro_numero, stud_nombre, tiempo, andarivel, peso_jockey, talla_jockey, handicap_equino, descalificado) VALUES (10000064, 'JANTO/BALIO', 75, 143450356, 'BEVA-ALCA', 146085, 5, '50.42', '141.06', '22.6', false);
INSERT INTO participacion(jockey_persona_dni, equino_nombre, carrera_numero, carrera_encuentro_numero, stud_nombre, tiempo, andarivel, peso_jockey, talla_jockey, handicap_equino, descalificado) VALUES (10000094, 'RED FOX', 75, 143450356, 'VALLE DE LA LUNA', 130715, 6, '61.30', '149.48', '58.8', false);
INSERT INTO participacion(jockey_persona_dni, equino_nombre, carrera_numero, carrera_encuentro_numero, stud_nombre, tiempo, andarivel, peso_jockey, talla_jockey, handicap_equino, descalificado) VALUES (10000070, 'PALOMO', 75, 143450356, 'EL GUASO', 170681, 7, '53.16', '146.80', '74.4', false);
INSERT INTO participacion(jockey_persona_dni, equino_nombre, carrera_numero, carrera_encuentro_numero, stud_nombre, tiempo, andarivel, peso_jockey, talla_jockey, handicap_equino, descalificado) VALUES (10000010, 'LA LEYENDA BEDUINA DE LA CREACION DEL CABALLO', 85, 143450356, 'B.J.(Vguay.)', 166714, 1, '62.55', '146.78', '24.2', false);
INSERT INTO participacion(jockey_persona_dni, equino_nombre, carrera_numero, carrera_encuentro_numero, stud_nombre, tiempo, andarivel, peso_jockey, talla_jockey, handicap_equino, descalificado) VALUES (10000097, 'TORDILLO', 58, 321564211, 'ESEERREEFE', 139868, 1, '47.74', '149.04', '23.4', false);
INSERT INTO participacion(jockey_persona_dni, equino_nombre, carrera_numero, carrera_encuentro_numero, stud_nombre, tiempo, andarivel, peso_jockey, talla_jockey, handicap_equino, descalificado) VALUES (10000022, 'TIRO AL BLANCO', 58, 321564211, 'HARAS LAS EMMAS', 162324, 2, '49.56', '148.00', '4.3', false);
INSERT INTO participacion(jockey_persona_dni, equino_nombre, carrera_numero, carrera_encuentro_numero, stud_nombre, tiempo, andarivel, peso_jockey, talla_jockey, handicap_equino, descalificado) VALUES (10000067, 'DILU', 58, 321564211, 'LOS HERMANITOS (S.Fe)', 154980, 3, '57.31', '152.16', '60.6', false);
INSERT INTO participacion(jockey_persona_dni, equino_nombre, carrera_numero, carrera_encuentro_numero, stud_nombre, tiempo, andarivel, peso_jockey, talla_jockey, handicap_equino, descalificado) VALUES (10000085, 'JOLLY JUMPER', 58, 321564211, 'CUMENEYEN', 131042, 4, '66.48', '148.64', '32.1', false);
INSERT INTO participacion(jockey_persona_dni, equino_nombre, carrera_numero, carrera_encuentro_numero, stud_nombre, tiempo, andarivel, peso_jockey, talla_jockey, handicap_equino, descalificado) VALUES (10000040, 'LA JACA PACA', 66, 321564211, 'JUBAFER', 156271, 1, '51.29', '155.59', '62.4', false);
INSERT INTO participacion(jockey_persona_dni, equino_nombre, carrera_numero, carrera_encuentro_numero, stud_nombre, tiempo, andarivel, peso_jockey, talla_jockey, handicap_equino, descalificado) VALUES (10000085, 'JOLLY JUMPER', 74, 321564211, 'CUMENEYEN', 120931, 1, '58.24', '149.97', '38.2', false);
INSERT INTO participacion(jockey_persona_dni, equino_nombre, carrera_numero, carrera_encuentro_numero, stud_nombre, tiempo, andarivel, peso_jockey, talla_jockey, handicap_equino, descalificado) VALUES (10000061, 'BLAKIE', 74, 321564211, 'FIRMAMENTO', 167146, 2, '55.84', '150.97', '71.0', false);
INSERT INTO participacion(jockey_persona_dni, equino_nombre, carrera_numero, carrera_encuentro_numero, stud_nombre, tiempo, andarivel, peso_jockey, talla_jockey, handicap_equino, descalificado) VALUES (10000010, 'LA LEYENDA BEDUINA DE LA CREACION DEL CABALLO', 74, 321564211, 'B.J.(Vguay.)', 133100, 3, '59.74', '154.01', '30.1', false);
INSERT INTO participacion(jockey_persona_dni, equino_nombre, carrera_numero, carrera_encuentro_numero, stud_nombre, tiempo, andarivel, peso_jockey, talla_jockey, handicap_equino, descalificado) VALUES (10000001, 'IMPERIOSO', 74, 321564211, 'CAITO', 167482, 4, '54.13', '152.09', '55.1', false);
INSERT INTO participacion(jockey_persona_dni, equino_nombre, carrera_numero, carrera_encuentro_numero, stud_nombre, tiempo, andarivel, peso_jockey, talla_jockey, handicap_equino, descalificado) VALUES (10000055, 'MORZILLO', 74, 321564211, 'NOE MAR', 147610, 5, '65.40', '140.81', '32.7', false);
INSERT INTO participacion(jockey_persona_dni, equino_nombre, carrera_numero, carrera_encuentro_numero, stud_nombre, tiempo, andarivel, peso_jockey, talla_jockey, handicap_equino, descalificado) VALUES (10000124, 'KASZTANKA', 74, 321564211, 'LINDA SIEMPRE', 126673, 6, '52.16', '150.38', '28.8', false);
INSERT INTO participacion(jockey_persona_dni, equino_nombre, carrera_numero, carrera_encuentro_numero, stud_nombre, tiempo, andarivel, peso_jockey, talla_jockey, handicap_equino, descalificado) VALUES (10000037, 'CHING', 74, 321564211, 'DON LEOPOLDO', 173196, 7, '62.18', '140.45', '25.3', false);
INSERT INTO participacion(jockey_persona_dni, equino_nombre, carrera_numero, carrera_encuentro_numero, stud_nombre, tiempo, andarivel, peso_jockey, talla_jockey, handicap_equino, descalificado) VALUES (10000091, 'HIPOGRIFO', 82, 321564211, 'EL ZAINO', 140845, 1, '53.57', '137.84', '55.5', false);
INSERT INTO participacion(jockey_persona_dni, equino_nombre, carrera_numero, carrera_encuentro_numero, stud_nombre, tiempo, andarivel, peso_jockey, talla_jockey, handicap_equino, descalificado) VALUES (10000022, 'TIRO AL BLANCO', 82, 321564211, 'HARAS LAS EMMAS', 175312, 2, '52.49', '159.81', '2.4', false);
INSERT INTO participacion(jockey_persona_dni, equino_nombre, carrera_numero, carrera_encuentro_numero, stud_nombre, tiempo, andarivel, peso_jockey, talla_jockey, handicap_equino, descalificado) VALUES (10000070, 'PALOMO', 82, 321564211, 'EL GUASO', 179537, 3, '52.59', '153.82', '74.5', false);
INSERT INTO participacion(jockey_persona_dni, equino_nombre, carrera_numero, carrera_encuentro_numero, stud_nombre, tiempo, andarivel, peso_jockey, talla_jockey, handicap_equino, descalificado) VALUES (10000049, 'BUCEFALO', 82, 321564211, 'LAS TUTIS', 151325, 4, '59.27', '151.38', '49.5', false);
INSERT INTO participacion(jockey_persona_dni, equino_nombre, carrera_numero, carrera_encuentro_numero, stud_nombre, tiempo, andarivel, peso_jockey, talla_jockey, handicap_equino, descalificado) VALUES (10000085, 'JOLLY JUMPER', 82, 321564211, 'CUMENEYEN', 153981, 5, '63.39', '149.31', '36.6', false);
INSERT INTO participacion(jockey_persona_dni, equino_nombre, carrera_numero, carrera_encuentro_numero, stud_nombre, tiempo, andarivel, peso_jockey, talla_jockey, handicap_equino, descalificado) VALUES (10000001, 'IMPERIOSO', 92, 321564211, 'CAITO', 176377, 1, '46.87', '150.80', '58.9', false);
INSERT INTO participacion(jockey_persona_dni, equino_nombre, carrera_numero, carrera_encuentro_numero, stud_nombre, tiempo, andarivel, peso_jockey, talla_jockey, handicap_equino, descalificado) VALUES (10000031, 'CAGANCHO', 92, 321564211, 'FEDEX (Azul)', 162548, 2, '54.81', '148.65', '68.5', false);
INSERT INTO participacion(jockey_persona_dni, equino_nombre, carrera_numero, carrera_encuentro_numero, stud_nombre, tiempo, andarivel, peso_jockey, talla_jockey, handicap_equino, descalificado) VALUES (10000049, 'BUCEFALO', 92, 321564211, 'LAS TUTIS', 122337, 3, '57.56', '136.61', '56.5', false);
INSERT INTO participacion(jockey_persona_dni, equino_nombre, carrera_numero, carrera_encuentro_numero, stud_nombre, tiempo, andarivel, peso_jockey, talla_jockey, handicap_equino, descalificado) VALUES (10000004, 'PAMPERO', 92, 321564211, 'MAM', 174437, 4, '49.07', '148.25', '27.6', false);
INSERT INTO participacion(jockey_persona_dni, equino_nombre, carrera_numero, carrera_encuentro_numero, stud_nombre, tiempo, andarivel, peso_jockey, talla_jockey, handicap_equino, descalificado) VALUES (10000106, 'PASTOR', 92, 321564211, 'LE FRAGOLE', 178203, 5, '55.24', '151.91', '40.2', false);
INSERT INTO participacion(jockey_persona_dni, equino_nombre, carrera_numero, carrera_encuentro_numero, stud_nombre, tiempo, andarivel, peso_jockey, talla_jockey, handicap_equino, descalificado) VALUES (10000085, 'JOLLY JUMPER', 92, 321564211, 'CUMENEYEN', 155779, 6, '66.61', '151.42', '37.0', false);
INSERT INTO participacion(jockey_persona_dni, equino_nombre, carrera_numero, carrera_encuentro_numero, stud_nombre, tiempo, andarivel, peso_jockey, talla_jockey, handicap_equino, descalificado) VALUES (10000025, 'STRYMON', 60, 692020953, 'PASO LOPEZ (Azul)', 141864, 1, '52.84', '153.23', '16.2', false);
INSERT INTO participacion(jockey_persona_dni, equino_nombre, carrera_numero, carrera_encuentro_numero, stud_nombre, tiempo, andarivel, peso_jockey, talla_jockey, handicap_equino, descalificado) VALUES (10000091, 'HIPOGRIFO', 60, 692020953, 'EL ZAINO', 166380, 2, '57.21', '144.93', '62.1', false);
INSERT INTO participacion(jockey_persona_dni, equino_nombre, carrera_numero, carrera_encuentro_numero, stud_nombre, tiempo, andarivel, peso_jockey, talla_jockey, handicap_equino, descalificado) VALUES (10000028, 'ZAHAREÑO', 75, 692020953, 'MOZO BACAN', 134575, 8, '47.39', '158.01', '51.0', false);
INSERT INTO participacion(jockey_persona_dni, equino_nombre, carrera_numero, carrera_encuentro_numero, stud_nombre, tiempo, andarivel, peso_jockey, talla_jockey, handicap_equino, descalificado) VALUES (10000058, 'SOMBRA GRIS', 75, 692020953, 'LOS COLORADOS', 135011, 9, '57.56', '141.40', '69.4', false);
INSERT INTO participacion(jockey_persona_dni, equino_nombre, carrera_numero, carrera_encuentro_numero, stud_nombre, tiempo, andarivel, peso_jockey, talla_jockey, handicap_equino, descalificado) VALUES (10000121, 'PEGASO', 75, 692020953, 'QUEREUQUEN', 123506, 10, '57.53', '143.00', '39.6', false);
INSERT INTO participacion(jockey_persona_dni, equino_nombre, carrera_numero, carrera_encuentro_numero, stud_nombre, tiempo, andarivel, peso_jockey, talla_jockey, handicap_equino, descalificado) VALUES (10000052, 'CABALLO DE TROYA', 75, 692020953, 'CABO ALARCON', 172408, 11, '54.66', '160.97', '59.0', false);
INSERT INTO participacion(jockey_persona_dni, equino_nombre, carrera_numero, carrera_encuentro_numero, stud_nombre, tiempo, andarivel, peso_jockey, talla_jockey, handicap_equino, descalificado) VALUES (10000118, 'MR. ED', 75, 692020953, 'PINO SOLO', 148833, 12, '51.08', '155.86', '12.3', false);
INSERT INTO participacion(jockey_persona_dni, equino_nombre, carrera_numero, carrera_encuentro_numero, stud_nombre, tiempo, andarivel, peso_jockey, talla_jockey, handicap_equino, descalificado) VALUES (10000046, 'NELSON', 75, 692020953, 'EL PADRINO', 136233, 13, '48.47', '150.79', '34.9', false);
INSERT INTO participacion(jockey_persona_dni, equino_nombre, carrera_numero, carrera_encuentro_numero, stud_nombre, tiempo, andarivel, peso_jockey, talla_jockey, handicap_equino, descalificado) VALUES (10000049, 'BUCEFALO', 75, 692020953, 'LAS TUTIS', 136531, 14, '59.64', '147.82', '57.5', false);
INSERT INTO participacion(jockey_persona_dni, equino_nombre, carrera_numero, carrera_encuentro_numero, stud_nombre, tiempo, andarivel, peso_jockey, talla_jockey, handicap_equino, descalificado) VALUES (10000043, 'AS DE OROS', 89, 692020953, 'EL MAXI', 141546, 1, '50.66', '146.20', '32.2', false);
INSERT INTO participacion(jockey_persona_dni, equino_nombre, carrera_numero, carrera_encuentro_numero, stud_nombre, tiempo, andarivel, peso_jockey, talla_jockey, handicap_equino, descalificado) VALUES (10000106, 'PASTOR', 90, 692020953, 'LE FRAGOLE', 135160, 1, '51.51', '143.75', '41.4', false);
INSERT INTO participacion(jockey_persona_dni, equino_nombre, carrera_numero, carrera_encuentro_numero, stud_nombre, tiempo, andarivel, peso_jockey, talla_jockey, handicap_equino, descalificado) VALUES (10000091, 'HIPOGRIFO', 90, 692020953, 'EL ZAINO', 143337, 2, '52.06', '151.28', '64.3', false);
INSERT INTO participacion(jockey_persona_dni, equino_nombre, carrera_numero, carrera_encuentro_numero, stud_nombre, tiempo, andarivel, peso_jockey, talla_jockey, handicap_equino, descalificado) VALUES (10000079, 'GENITOR', 90, 692020953, 'LA CAMPANA', 121142, 3, '53.87', '148.38', '28.3', false);
INSERT INTO participacion(jockey_persona_dni, equino_nombre, carrera_numero, carrera_encuentro_numero, stud_nombre, tiempo, andarivel, peso_jockey, talla_jockey, handicap_equino, descalificado) VALUES (10000001, 'IMPERIOSO', 90, 692020953, 'CAITO', 154652, 4, '49.84', '150.55', '60.8', false);
INSERT INTO participacion(jockey_persona_dni, equino_nombre, carrera_numero, carrera_encuentro_numero, stud_nombre, tiempo, andarivel, peso_jockey, talla_jockey, handicap_equino, descalificado) VALUES (10000073, 'SILVER', 90, 692020953, 'LA CHUMBEADA', 175793, 5, '62.75', '149.83', '28.5', false);
INSERT INTO participacion(jockey_persona_dni, equino_nombre, carrera_numero, carrera_encuentro_numero, stud_nombre, tiempo, andarivel, peso_jockey, talla_jockey, handicap_equino, descalificado) VALUES (10000022, 'TIRO AL BLANCO', 108, 692020953, 'HARAS LAS EMMAS', 142126, 1, '57.06', '152.04', '6.7', false);
INSERT INTO participacion(jockey_persona_dni, equino_nombre, carrera_numero, carrera_encuentro_numero, stud_nombre, tiempo, andarivel, peso_jockey, talla_jockey, handicap_equino, descalificado) VALUES (10000115, 'MARENGO', 108, 692020953, '27 DE ABRIL', 152554, 2, '58.60', '154.25', '19.5', false);
INSERT INTO participacion(jockey_persona_dni, equino_nombre, carrera_numero, carrera_encuentro_numero, stud_nombre, tiempo, andarivel, peso_jockey, talla_jockey, handicap_equino, descalificado) VALUES (10000046, 'NELSON', 108, 692020953, 'EL PADRINO', 145773, 3, '49.31', '143.42', '32.8', false);
INSERT INTO participacion(jockey_persona_dni, equino_nombre, carrera_numero, carrera_encuentro_numero, stud_nombre, tiempo, andarivel, peso_jockey, talla_jockey, handicap_equino, descalificado) VALUES (10000121, 'PEGASO', 108, 692020953, 'QUEREUQUEN', 174804, 4, '58.09', '145.38', '43.7', false);
INSERT INTO participacion(jockey_persona_dni, equino_nombre, carrera_numero, carrera_encuentro_numero, stud_nombre, tiempo, andarivel, peso_jockey, talla_jockey, handicap_equino, descalificado) VALUES (10000088, 'EL PRIETO', 79, 1887368405, 'CUCUNITO', 128343, 1, '61.40', '152.01', '72.5', false);
INSERT INTO participacion(jockey_persona_dni, equino_nombre, carrera_numero, carrera_encuentro_numero, stud_nombre, tiempo, andarivel, peso_jockey, talla_jockey, handicap_equino, descalificado) VALUES (10000025, 'STRYMON', 79, 1887368405, 'PASO LOPEZ (Azul)', 174032, 2, '59.32', '148.83', '13.9', false);
INSERT INTO participacion(jockey_persona_dni, equino_nombre, carrera_numero, carrera_encuentro_numero, stud_nombre, tiempo, andarivel, peso_jockey, talla_jockey, handicap_equino, descalificado) VALUES (10000118, 'MR. ED', 79, 1887368405, 'PINO SOLO', 145461, 3, '46.71', '155.08', '14.3', false);
INSERT INTO participacion(jockey_persona_dni, equino_nombre, carrera_numero, carrera_encuentro_numero, stud_nombre, tiempo, andarivel, peso_jockey, talla_jockey, handicap_equino, descalificado) VALUES (10000115, 'MARENGO', 79, 1887368405, '27 DE ABRIL', 133541, 4, '56.10', '162.65', '27.2', false);
INSERT INTO participacion(jockey_persona_dni, equino_nombre, carrera_numero, carrera_encuentro_numero, stud_nombre, tiempo, andarivel, peso_jockey, talla_jockey, handicap_equino, descalificado) VALUES (10000007, 'PALMICHE', 79, 1887368405, 'GAUCHITO GIL', 169054, 5, '49.83', '148.51', '71.0', false);
INSERT INTO participacion(jockey_persona_dni, equino_nombre, carrera_numero, carrera_encuentro_numero, stud_nombre, tiempo, andarivel, peso_jockey, talla_jockey, handicap_equino, descalificado) VALUES (10000106, 'PASTOR', 79, 1887368405, 'LE FRAGOLE', 124420, 6, '58.38', '144.26', '46.8', false);
INSERT INTO participacion(jockey_persona_dni, equino_nombre, carrera_numero, carrera_encuentro_numero, stud_nombre, tiempo, andarivel, peso_jockey, talla_jockey, handicap_equino, descalificado) VALUES (10000019, 'HAIZUN', 79, 1887368405, 'LOS GATEADOS (MDP)', 173181, 7, '54.75', '148.97', '51.3', false);
INSERT INTO participacion(jockey_persona_dni, equino_nombre, carrera_numero, carrera_encuentro_numero, stud_nombre, tiempo, andarivel, peso_jockey, talla_jockey, handicap_equino, descalificado) VALUES (10000115, 'MARENGO', 86, 1887368405, '27 DE ABRIL', 147858, 1, '64.71', '165.28', '22.1', false);
INSERT INTO participacion(jockey_persona_dni, equino_nombre, carrera_numero, carrera_encuentro_numero, stud_nombre, tiempo, andarivel, peso_jockey, talla_jockey, handicap_equino, descalificado) VALUES (10000103, 'KANTAKA', 86, 1887368405, 'L.A. (LP)', 121194, 2, '53.34', '163.52', '23.3', false);
INSERT INTO participacion(jockey_persona_dni, equino_nombre, carrera_numero, carrera_encuentro_numero, stud_nombre, tiempo, andarivel, peso_jockey, talla_jockey, handicap_equino, descalificado) VALUES (10000010, 'LA LEYENDA BEDUINA DE LA CREACION DEL CABALLO', 86, 1887368405, 'B.J.(Vguay.)', 146166, 3, '63.81', '151.44', '29.1', false);
INSERT INTO participacion(jockey_persona_dni, equino_nombre, carrera_numero, carrera_encuentro_numero, stud_nombre, tiempo, andarivel, peso_jockey, talla_jockey, handicap_equino, descalificado) VALUES (10000040, 'LA JACA PACA', 86, 1887368405, 'JUBAFER', 122461, 4, '50.07', '153.93', '65.2', false);
INSERT INTO participacion(jockey_persona_dni, equino_nombre, carrera_numero, carrera_encuentro_numero, stud_nombre, tiempo, andarivel, peso_jockey, talla_jockey, handicap_equino, descalificado) VALUES (10000124, 'KASZTANKA', 86, 1887368405, 'LINDA SIEMPRE', 169814, 5, '43.40', '151.42', '26.1', false);
INSERT INTO participacion(jockey_persona_dni, equino_nombre, carrera_numero, carrera_encuentro_numero, stud_nombre, tiempo, andarivel, peso_jockey, talla_jockey, handicap_equino, descalificado) VALUES (10000058, 'SOMBRA GRIS', 92, 1887368405, 'LOS COLORADOS', 141242, 7, '59.44', '146.48', '69.0', false);
INSERT INTO participacion(jockey_persona_dni, equino_nombre, carrera_numero, carrera_encuentro_numero, stud_nombre, tiempo, andarivel, peso_jockey, talla_jockey, handicap_equino, descalificado) VALUES (10000019, 'HAIZUN', 92, 1887368405, 'LOS GATEADOS (MDP)', 165198, 8, '57.56', '142.77', '55.5', false);
INSERT INTO participacion(jockey_persona_dni, equino_nombre, carrera_numero, carrera_encuentro_numero, stud_nombre, tiempo, andarivel, peso_jockey, talla_jockey, handicap_equino, descalificado) VALUES (10000001, 'IMPERIOSO', 105, 1887368405, 'CAITO', 148486, 1, '47.54', '153.39', '54.7', false);
INSERT INTO participacion(jockey_persona_dni, equino_nombre, carrera_numero, carrera_encuentro_numero, stud_nombre, tiempo, andarivel, peso_jockey, talla_jockey, handicap_equino, descalificado) VALUES (10000088, 'EL PRIETO', 117, 1887368405, 'CUCUNITO', 152079, 1, '47.09', '144.09', '72.9', false);
INSERT INTO participacion(jockey_persona_dni, equino_nombre, carrera_numero, carrera_encuentro_numero, stud_nombre, tiempo, andarivel, peso_jockey, talla_jockey, handicap_equino, descalificado) VALUES (10000058, 'SOMBRA GRIS', 86, 345657844, 'LOS COLORADOS', 172765, 6, '54.33', '149.15', '61.0', false);
INSERT INTO participacion(jockey_persona_dni, equino_nombre, carrera_numero, carrera_encuentro_numero, stud_nombre, tiempo, andarivel, peso_jockey, talla_jockey, handicap_equino, descalificado) VALUES (10000070, 'PALOMO', 86, 345657844, 'EL GUASO', 139909, 7, '50.12', '142.07', '67.5', false);
INSERT INTO participacion(jockey_persona_dni, equino_nombre, carrera_numero, carrera_encuentro_numero, stud_nombre, tiempo, andarivel, peso_jockey, talla_jockey, handicap_equino, descalificado) VALUES (10000097, 'TORDILLO', 86, 345657844, 'ESEERREEFE', 130887, 8, '59.95', '142.67', '23.9', false);
INSERT INTO participacion(jockey_persona_dni, equino_nombre, carrera_numero, carrera_encuentro_numero, stud_nombre, tiempo, andarivel, peso_jockey, talla_jockey, handicap_equino, descalificado) VALUES (10000109, 'JINN', 95, 345657844, 'LA PROVIDENCIA', 144862, 1, '51.60', '161.16', '77.5', false);
INSERT INTO participacion(jockey_persona_dni, equino_nombre, carrera_numero, carrera_encuentro_numero, stud_nombre, tiempo, andarivel, peso_jockey, talla_jockey, handicap_equino, descalificado) VALUES (10000034, 'PEQUEÑO TIO', 95, 345657844, 'EL NEGRO', 146225, 2, '54.89', '153.85', '41.3', false);
INSERT INTO participacion(jockey_persona_dni, equino_nombre, carrera_numero, carrera_encuentro_numero, stud_nombre, tiempo, andarivel, peso_jockey, talla_jockey, handicap_equino, descalificado) VALUES (10000076, 'SALVADOR', 95, 345657844, 'LOS 4 ASES', 148758, 3, '58.94', '138.96', '78.0', false);
INSERT INTO participacion(jockey_persona_dni, equino_nombre, carrera_numero, carrera_encuentro_numero, stud_nombre, tiempo, andarivel, peso_jockey, talla_jockey, handicap_equino, descalificado) VALUES (10000073, 'SILVER', 95, 345657844, 'LA CHUMBEADA', 145743, 4, '56.08', '149.03', '24.3', false);
INSERT INTO participacion(jockey_persona_dni, equino_nombre, carrera_numero, carrera_encuentro_numero, stud_nombre, tiempo, andarivel, peso_jockey, talla_jockey, handicap_equino, descalificado) VALUES (10000088, 'EL PRIETO', 101, 345657844, 'CUCUNITO', 128387, 1, '64.08', '142.04', '68.6', false);
INSERT INTO participacion(jockey_persona_dni, equino_nombre, carrera_numero, carrera_encuentro_numero, stud_nombre, tiempo, andarivel, peso_jockey, talla_jockey, handicap_equino, descalificado) VALUES (10000118, 'MR. ED', 101, 345657844, 'PINO SOLO', 143612, 2, '51.65', '153.53', '13.4', false);
INSERT INTO participacion(jockey_persona_dni, equino_nombre, carrera_numero, carrera_encuentro_numero, stud_nombre, tiempo, andarivel, peso_jockey, talla_jockey, handicap_equino, descalificado) VALUES (10000076, 'SALVADOR', 101, 345657844, 'LOS 4 ASES', 158872, 3, '48.87', '134.91', '70.1', false);
INSERT INTO participacion(jockey_persona_dni, equino_nombre, carrera_numero, carrera_encuentro_numero, stud_nombre, tiempo, andarivel, peso_jockey, talla_jockey, handicap_equino, descalificado) VALUES (10000079, 'GENITOR', 101, 345657844, 'LA CAMPANA', 150559, 4, '57.37', '146.22', '24.2', false);
INSERT INTO participacion(jockey_persona_dni, equino_nombre, carrera_numero, carrera_encuentro_numero, stud_nombre, tiempo, andarivel, peso_jockey, talla_jockey, handicap_equino, descalificado) VALUES (10000094, 'RED FOX', 101, 345657844, 'VALLE DE LA LUNA', 137683, 5, '56.23', '139.10', '62.7', false);
INSERT INTO participacion(jockey_persona_dni, equino_nombre, carrera_numero, carrera_encuentro_numero, stud_nombre, tiempo, andarivel, peso_jockey, talla_jockey, handicap_equino, descalificado) VALUES (10000028, 'ZAHAREÑO', 112, 345657844, 'MOZO BACAN', 141573, 1, '46.65', '157.92', '53.3', false);
INSERT INTO participacion(jockey_persona_dni, equino_nombre, carrera_numero, carrera_encuentro_numero, stud_nombre, tiempo, andarivel, peso_jockey, talla_jockey, handicap_equino, descalificado) VALUES (10000019, 'HAIZUN', 112, 345657844, 'LOS GATEADOS (MDP)', 145134, 2, '54.37', '149.53', '50.2', false);
INSERT INTO participacion(jockey_persona_dni, equino_nombre, carrera_numero, carrera_encuentro_numero, stud_nombre, tiempo, andarivel, peso_jockey, talla_jockey, handicap_equino, descalificado) VALUES (10000076, 'SALVADOR', 112, 345657844, 'LOS 4 ASES', 154996, 3, '47.86', '141.36', '77.4', false);
INSERT INTO participacion(jockey_persona_dni, equino_nombre, carrera_numero, carrera_encuentro_numero, stud_nombre, tiempo, andarivel, peso_jockey, talla_jockey, handicap_equino, descalificado) VALUES (10000124, 'KASZTANKA', 112, 345657844, 'LINDA SIEMPRE', 121015, 4, '50.65', '147.64', '28.8', false);
INSERT INTO participacion(jockey_persona_dni, equino_nombre, carrera_numero, carrera_encuentro_numero, stud_nombre, tiempo, andarivel, peso_jockey, talla_jockey, handicap_equino, descalificado) VALUES (10000115, 'MARENGO', 123, 345657844, '27 DE ABRIL', 138120, 1, '58.38', '155.03', '24.3', false);
INSERT INTO participacion(jockey_persona_dni, equino_nombre, carrera_numero, carrera_encuentro_numero, stud_nombre, tiempo, andarivel, peso_jockey, talla_jockey, handicap_equino, descalificado) VALUES (10000067, 'DILU', 123, 345657844, 'LOS HERMANITOS (S.Fe)', 152194, 2, '60.37', '156.37', '62.9', false);
INSERT INTO participacion(jockey_persona_dni, equino_nombre, carrera_numero, carrera_encuentro_numero, stud_nombre, tiempo, andarivel, peso_jockey, talla_jockey, handicap_equino, descalificado) VALUES (10000010, 'LA LEYENDA BEDUINA DE LA CREACION DEL CABALLO', 123, 345657844, 'B.J.(Vguay.)', 145600, 3, '51.86', '154.16', '30.7', false);
INSERT INTO participacion(jockey_persona_dni, equino_nombre, carrera_numero, carrera_encuentro_numero, stud_nombre, tiempo, andarivel, peso_jockey, talla_jockey, handicap_equino, descalificado) VALUES (10000040, 'LA JACA PACA', 123, 345657844, 'JUBAFER', 150445, 4, '58.93', '160.52', '68.4', false);
INSERT INTO participacion(jockey_persona_dni, equino_nombre, carrera_numero, carrera_encuentro_numero, stud_nombre, tiempo, andarivel, peso_jockey, talla_jockey, handicap_equino, descalificado) VALUES (10000037, 'CHING', 123, 345657844, 'DON LEOPOLDO', 130260, 5, '58.24', '140.75', '21.0', false);
INSERT INTO participacion(jockey_persona_dni, equino_nombre, carrera_numero, carrera_encuentro_numero, stud_nombre, tiempo, andarivel, peso_jockey, talla_jockey, handicap_equino, descalificado) VALUES (10000112, 'PASCASAS', 123, 345657844, 'ASAYE', 165658, 6, '60.81', '157.90', '23.6', false);
INSERT INTO participacion(jockey_persona_dni, equino_nombre, carrera_numero, carrera_encuentro_numero, stud_nombre, tiempo, andarivel, peso_jockey, talla_jockey, handicap_equino, descalificado) VALUES (10000013, 'MAGNOLIA', 123, 345657844, 'GENTE DE TURF', 154282, 7, '62.64', '152.16', '38.0', false);
INSERT INTO participacion(jockey_persona_dni, equino_nombre, carrera_numero, carrera_encuentro_numero, stud_nombre, tiempo, andarivel, peso_jockey, talla_jockey, handicap_equino, descalificado) VALUES (10000034, 'PEQUEÑO TIO', 90, 1452661528, 'EL NEGRO', 127634, 6, '59.38', '160.09', '50.6', false);
INSERT INTO participacion(jockey_persona_dni, equino_nombre, carrera_numero, carrera_encuentro_numero, stud_nombre, tiempo, andarivel, peso_jockey, talla_jockey, handicap_equino, descalificado) VALUES (10000046, 'NELSON', 90, 1452661528, 'EL PADRINO', 135446, 7, '50.56', '147.52', '35.1', false);
INSERT INTO participacion(jockey_persona_dni, equino_nombre, carrera_numero, carrera_encuentro_numero, stud_nombre, tiempo, andarivel, peso_jockey, talla_jockey, handicap_equino, descalificado) VALUES (10000064, 'JANTO/BALIO', 90, 1452661528, 'BEVA-ALCA', 172548, 8, '55.05', '148.67', '20.4', false);
INSERT INTO participacion(jockey_persona_dni, equino_nombre, carrera_numero, carrera_encuentro_numero, stud_nombre, tiempo, andarivel, peso_jockey, talla_jockey, handicap_equino, descalificado) VALUES (10000022, 'TIRO AL BLANCO', 109, 1452661528, 'HARAS LAS EMMAS', 151534, 1, '57.48', '150.09', '9.8', false);
INSERT INTO participacion(jockey_persona_dni, equino_nombre, carrera_numero, carrera_encuentro_numero, stud_nombre, tiempo, andarivel, peso_jockey, talla_jockey, handicap_equino, descalificado) VALUES (10000079, 'GENITOR', 109, 1452661528, 'LA CAMPANA', 139050, 2, '52.02', '142.34', '27.4', false);
INSERT INTO participacion(jockey_persona_dni, equino_nombre, carrera_numero, carrera_encuentro_numero, stud_nombre, tiempo, andarivel, peso_jockey, talla_jockey, handicap_equino, descalificado) VALUES (10000097, 'TORDILLO', 109, 1452661528, 'ESEERREEFE', 176161, 3, '52.69', '137.51', '26.2', false);
INSERT INTO participacion(jockey_persona_dni, equino_nombre, carrera_numero, carrera_encuentro_numero, stud_nombre, tiempo, andarivel, peso_jockey, talla_jockey, handicap_equino, descalificado) VALUES (10000058, 'SOMBRA GRIS', 109, 1452661528, 'LOS COLORADOS', 126918, 4, '61.15', '149.54', '63.5', false);
INSERT INTO participacion(jockey_persona_dni, equino_nombre, carrera_numero, carrera_encuentro_numero, stud_nombre, tiempo, andarivel, peso_jockey, talla_jockey, handicap_equino, descalificado) VALUES (10000028, 'ZAHAREÑO', 111, 1452661528, 'MOZO BACAN', 126892, 1, '52.56', '164.61', '49.5', false);
INSERT INTO participacion(jockey_persona_dni, equino_nombre, carrera_numero, carrera_encuentro_numero, stud_nombre, tiempo, andarivel, peso_jockey, talla_jockey, handicap_equino, descalificado) VALUES (10000058, 'SOMBRA GRIS', 111, 1452661528, 'LOS COLORADOS', 169433, 2, '51.57', '149.81', '60.6', false);
INSERT INTO participacion(jockey_persona_dni, equino_nombre, carrera_numero, carrera_encuentro_numero, stud_nombre, tiempo, andarivel, peso_jockey, talla_jockey, handicap_equino, descalificado) VALUES (10000022, 'TIRO AL BLANCO', 111, 1452661528, 'HARAS LAS EMMAS', 170730, 3, '56.39', '153.92', '11.0', false);
INSERT INTO participacion(jockey_persona_dni, equino_nombre, carrera_numero, carrera_encuentro_numero, stud_nombre, tiempo, andarivel, peso_jockey, talla_jockey, handicap_equino, descalificado) VALUES (10000094, 'RED FOX', 111, 1452661528, 'VALLE DE LA LUNA', 123933, 4, '56.46', '151.26', '59.7', false);
INSERT INTO participacion(jockey_persona_dni, equino_nombre, carrera_numero, carrera_encuentro_numero, stud_nombre, tiempo, andarivel, peso_jockey, talla_jockey, handicap_equino, descalificado) VALUES (10000055, 'MORZILLO', 111, 1452661528, 'NOE MAR', 157853, 5, '59.34', '143.12', '28.9', false);
INSERT INTO participacion(jockey_persona_dni, equino_nombre, carrera_numero, carrera_encuentro_numero, stud_nombre, tiempo, andarivel, peso_jockey, talla_jockey, handicap_equino, descalificado) VALUES (10000031, 'CAGANCHO', 111, 1452661528, 'FEDEX (Azul)', 138467, 6, '58.98', '145.75', '64.9', false);
INSERT INTO participacion(jockey_persona_dni, equino_nombre, carrera_numero, carrera_encuentro_numero, stud_nombre, tiempo, andarivel, peso_jockey, talla_jockey, handicap_equino, descalificado) VALUES (10000064, 'JANTO/BALIO', 111, 1452661528, 'BEVA-ALCA', 178440, 7, '55.96', '146.92', '25.5', false);
INSERT INTO participacion(jockey_persona_dni, equino_nombre, carrera_numero, carrera_encuentro_numero, stud_nombre, tiempo, andarivel, peso_jockey, talla_jockey, handicap_equino, descalificado) VALUES (10000010, 'LA LEYENDA BEDUINA DE LA CREACION DEL CABALLO', 124, 1452661528, 'B.J.(Vguay.)', 160771, 1, '60.62', '151.97', '26.4', false);
INSERT INTO participacion(jockey_persona_dni, equino_nombre, carrera_numero, carrera_encuentro_numero, stud_nombre, tiempo, andarivel, peso_jockey, talla_jockey, handicap_equino, descalificado) VALUES (10000076, 'SALVADOR', 124, 1452661528, 'LOS 4 ASES', 174856, 2, '57.82', '134.87', '71.2', false);
INSERT INTO participacion(jockey_persona_dni, equino_nombre, carrera_numero, carrera_encuentro_numero, stud_nombre, tiempo, andarivel, peso_jockey, talla_jockey, handicap_equino, descalificado) VALUES (10000082, 'SILVER BLAZE', 124, 1452661528, 'LA QUEBRADA', 138140, 3, '59.16', '157.87', '16.8', false);
INSERT INTO participacion(jockey_persona_dni, equino_nombre, carrera_numero, carrera_encuentro_numero, stud_nombre, tiempo, andarivel, peso_jockey, talla_jockey, handicap_equino, descalificado) VALUES (10000070, 'PALOMO', 124, 1452661528, 'EL GUASO', 131370, 4, '53.68', '152.41', '69.0', false);
INSERT INTO participacion(jockey_persona_dni, equino_nombre, carrera_numero, carrera_encuentro_numero, stud_nombre, tiempo, andarivel, peso_jockey, talla_jockey, handicap_equino, descalificado) VALUES (10000061, 'BLAKIE', 124, 1452661528, 'FIRMAMENTO', 128346, 5, '56.61', '147.55', '70.7', false);
INSERT INTO participacion(jockey_persona_dni, equino_nombre, carrera_numero, carrera_encuentro_numero, stud_nombre, tiempo, andarivel, peso_jockey, talla_jockey, handicap_equino, descalificado) VALUES (10000103, 'KANTAKA', 124, 1452661528, 'L.A. (LP)', 152634, 6, '49.43', '155.81', '26.6', false);
INSERT INTO participacion(jockey_persona_dni, equino_nombre, carrera_numero, carrera_encuentro_numero, stud_nombre, tiempo, andarivel, peso_jockey, talla_jockey, handicap_equino, descalificado) VALUES (10000052, 'CABALLO DE TROYA', 124, 1452661528, 'CABO ALARCON', 165178, 7, '54.63', '158.02', '66.4', false);
INSERT INTO participacion(jockey_persona_dni, equino_nombre, carrera_numero, carrera_encuentro_numero, stud_nombre, tiempo, andarivel, peso_jockey, talla_jockey, handicap_equino, descalificado) VALUES (10000016, 'MARSALA', 139, 1452661528, 'VAS-QUITO', 166404, 1, '66.72', '145.81', '29.1', false);
INSERT INTO participacion(jockey_persona_dni, equino_nombre, carrera_numero, carrera_encuentro_numero, stud_nombre, tiempo, andarivel, peso_jockey, talla_jockey, handicap_equino, descalificado) VALUES (10000112, 'PASCASAS', 139, 1452661528, 'ASAYE', 138402, 2, '57.01', '153.72', '21.5', false);
INSERT INTO participacion(jockey_persona_dni, equino_nombre, carrera_numero, carrera_encuentro_numero, stud_nombre, tiempo, andarivel, peso_jockey, talla_jockey, handicap_equino, descalificado) VALUES (10000013, 'MAGNOLIA', 139, 1452661528, 'GENTE DE TURF', 150920, 3, '58.45', '165.01', '33.4', false);
INSERT INTO participacion(jockey_persona_dni, equino_nombre, carrera_numero, carrera_encuentro_numero, stud_nombre, tiempo, andarivel, peso_jockey, talla_jockey, handicap_equino, descalificado) VALUES (10000064, 'JANTO/BALIO', 109, 1826540431, 'BEVA-ALCA', 143100, 5, '57.52', '153.23', '26.0', false);
INSERT INTO participacion(jockey_persona_dni, equino_nombre, carrera_numero, carrera_encuentro_numero, stud_nombre, tiempo, andarivel, peso_jockey, talla_jockey, handicap_equino, descalificado) VALUES (10000106, 'PASTOR', 109, 1826540431, 'LE FRAGOLE', 144020, 6, '58.75', '149.13', '47.0', false);
INSERT INTO participacion(jockey_persona_dni, equino_nombre, carrera_numero, carrera_encuentro_numero, stud_nombre, tiempo, andarivel, peso_jockey, talla_jockey, handicap_equino, descalificado) VALUES (10000094, 'RED FOX', 109, 1826540431, 'VALLE DE LA LUNA', 166519, 7, '54.43', '146.05', '61.5', false);
INSERT INTO participacion(jockey_persona_dni, equino_nombre, carrera_numero, carrera_encuentro_numero, stud_nombre, tiempo, andarivel, peso_jockey, talla_jockey, handicap_equino, descalificado) VALUES (10000004, 'PAMPERO', 109, 1826540431, 'MAM', 151430, 8, '43.58', '152.49', '25.9', false);
INSERT INTO participacion(jockey_persona_dni, equino_nombre, carrera_numero, carrera_encuentro_numero, stud_nombre, tiempo, andarivel, peso_jockey, talla_jockey, handicap_equino, descalificado) VALUES (10000034, 'PEQUEÑO TIO', 109, 1826540431, 'EL NEGRO', 151431, 9, '47.18', '161.79', '49.2', false);
INSERT INTO participacion(jockey_persona_dni, equino_nombre, carrera_numero, carrera_encuentro_numero, stud_nombre, tiempo, andarivel, peso_jockey, talla_jockey, handicap_equino, descalificado) VALUES (10000109, 'JINN', 109, 1826540431, 'LA PROVIDENCIA', 137919, 10, '54.88', '154.76', '81.5', false);
INSERT INTO participacion(jockey_persona_dni, equino_nombre, carrera_numero, carrera_encuentro_numero, stud_nombre, tiempo, andarivel, peso_jockey, talla_jockey, handicap_equino, descalificado) VALUES (10000085, 'JOLLY JUMPER', 109, 1826540431, 'CUMENEYEN', 124701, 11, '58.28', '156.95', '38.9', false);
INSERT INTO participacion(jockey_persona_dni, equino_nombre, carrera_numero, carrera_encuentro_numero, stud_nombre, tiempo, andarivel, peso_jockey, talla_jockey, handicap_equino, descalificado) VALUES (10000058, 'SOMBRA GRIS', 110, 1826540431, 'LOS COLORADOS', 161941, 1, '60.19', '140.73', '60.4', false);
INSERT INTO participacion(jockey_persona_dni, equino_nombre, carrera_numero, carrera_encuentro_numero, stud_nombre, tiempo, andarivel, peso_jockey, talla_jockey, handicap_equino, descalificado) VALUES (10000049, 'BUCEFALO', 110, 1826540431, 'LAS TUTIS', 141524, 2, '59.03', '141.79', '56.0', false);
INSERT INTO participacion(jockey_persona_dni, equino_nombre, carrera_numero, carrera_encuentro_numero, stud_nombre, tiempo, andarivel, peso_jockey, talla_jockey, handicap_equino, descalificado) VALUES (10000025, 'STRYMON', 110, 1826540431, 'PASO LOPEZ (Azul)', 125562, 3, '51.94', '149.65', '23.2', false);
INSERT INTO participacion(jockey_persona_dni, equino_nombre, carrera_numero, carrera_encuentro_numero, stud_nombre, tiempo, andarivel, peso_jockey, talla_jockey, handicap_equino, descalificado) VALUES (10000043, 'AS DE OROS', 110, 1826540431, 'EL MAXI', 169887, 4, '55.20', '140.81', '38.1', false);
INSERT INTO participacion(jockey_persona_dni, equino_nombre, carrera_numero, carrera_encuentro_numero, stud_nombre, tiempo, andarivel, peso_jockey, talla_jockey, handicap_equino, descalificado) VALUES (10000091, 'HIPOGRIFO', 110, 1826540431, 'EL ZAINO', 134519, 5, '49.07', '142.29', '57.1', false);
INSERT INTO participacion(jockey_persona_dni, equino_nombre, carrera_numero, carrera_encuentro_numero, stud_nombre, tiempo, andarivel, peso_jockey, talla_jockey, handicap_equino, descalificado) VALUES (10000067, 'DILU', 120, 1826540431, 'LOS HERMANITOS (S.Fe)', 157085, 1, '55.18', '163.19', '66.6', false);
INSERT INTO participacion(jockey_persona_dni, equino_nombre, carrera_numero, carrera_encuentro_numero, stud_nombre, tiempo, andarivel, peso_jockey, talla_jockey, handicap_equino, descalificado) VALUES (10000040, 'LA JACA PACA', 120, 1826540431, 'JUBAFER', 157576, 2, '54.53', '162.59', '66.0', false);
INSERT INTO participacion(jockey_persona_dni, equino_nombre, carrera_numero, carrera_encuentro_numero, stud_nombre, tiempo, andarivel, peso_jockey, talla_jockey, handicap_equino, descalificado) VALUES (10000055, 'MORZILLO', 138, 1826540431, 'NOE MAR', 163685, 1, '57.27', '146.54', '31.6', false);
INSERT INTO participacion(jockey_persona_dni, equino_nombre, carrera_numero, carrera_encuentro_numero, stud_nombre, tiempo, andarivel, peso_jockey, talla_jockey, handicap_equino, descalificado) VALUES (10000109, 'JINN', 138, 1826540431, 'LA PROVIDENCIA', 156522, 2, '46.00', '152.81', '78.9', false);
INSERT INTO participacion(jockey_persona_dni, equino_nombre, carrera_numero, carrera_encuentro_numero, stud_nombre, tiempo, andarivel, peso_jockey, talla_jockey, handicap_equino, descalificado) VALUES (10000013, 'MAGNOLIA', 138, 1826540431, 'GENTE DE TURF', 153227, 3, '65.91', '160.81', '33.4', false);
INSERT INTO participacion(jockey_persona_dni, equino_nombre, carrera_numero, carrera_encuentro_numero, stud_nombre, tiempo, andarivel, peso_jockey, talla_jockey, handicap_equino, descalificado) VALUES (10000049, 'BUCEFALO', 138, 1826540431, 'LAS TUTIS', 176073, 4, '57.87', '144.32', '51.5', false);
INSERT INTO participacion(jockey_persona_dni, equino_nombre, carrera_numero, carrera_encuentro_numero, stud_nombre, tiempo, andarivel, peso_jockey, talla_jockey, handicap_equino, descalificado) VALUES (10000004, 'PAMPERO', 138, 1826540431, 'MAM', 161854, 5, '47.88', '149.13', '21.3', false);
INSERT INTO participacion(jockey_persona_dni, equino_nombre, carrera_numero, carrera_encuentro_numero, stud_nombre, tiempo, andarivel, peso_jockey, talla_jockey, handicap_equino, descalificado) VALUES (10000094, 'RED FOX', 138, 1826540431, 'VALLE DE LA LUNA', 154641, 6, '65.39', '150.81', '56.4', false);
INSERT INTO participacion(jockey_persona_dni, equino_nombre, carrera_numero, carrera_encuentro_numero, stud_nombre, tiempo, andarivel, peso_jockey, talla_jockey, handicap_equino, descalificado) VALUES (10000115, 'MARENGO', 138, 1826540431, '27 DE ABRIL', 143760, 7, '61.22', '155.92', '25.0', false);
INSERT INTO participacion(jockey_persona_dni, equino_nombre, carrera_numero, carrera_encuentro_numero, stud_nombre, tiempo, andarivel, peso_jockey, talla_jockey, handicap_equino, descalificado) VALUES (10000112, 'PASCASAS', 149, 1826540431, 'ASAYE', 168222, 1, '53.69', '163.41', '22.7', false);
INSERT INTO participacion(jockey_persona_dni, equino_nombre, carrera_numero, carrera_encuentro_numero, stud_nombre, tiempo, andarivel, peso_jockey, talla_jockey, handicap_equino, descalificado) VALUES (10000103, 'KANTAKA', 149, 1826540431, 'L.A. (LP)', 147931, 2, '57.17', '161.65', '23.6', false);
INSERT INTO participacion(jockey_persona_dni, equino_nombre, carrera_numero, carrera_encuentro_numero, stud_nombre, tiempo, andarivel, peso_jockey, talla_jockey, handicap_equino, descalificado) VALUES (10000013, 'MAGNOLIA', 149, 1826540431, 'GENTE DE TURF', 129582, 3, '60.63', '163.94', '35.8', false);
INSERT INTO participacion(jockey_persona_dni, equino_nombre, carrera_numero, carrera_encuentro_numero, stud_nombre, tiempo, andarivel, peso_jockey, talla_jockey, handicap_equino, descalificado) VALUES (10000013, 'MAGNOLIA', 113, 1306321049, 'GENTE DE TURF', 139179, 1, '52.79', '157.89', '40.6', false);
INSERT INTO participacion(jockey_persona_dni, equino_nombre, carrera_numero, carrera_encuentro_numero, stud_nombre, tiempo, andarivel, peso_jockey, talla_jockey, handicap_equino, descalificado) VALUES (10000124, 'KASZTANKA', 113, 1306321049, 'LINDA SIEMPRE', 176672, 2, '52.35', '147.77', '30.0', false);
INSERT INTO participacion(jockey_persona_dni, equino_nombre, carrera_numero, carrera_encuentro_numero, stud_nombre, tiempo, andarivel, peso_jockey, talla_jockey, handicap_equino, descalificado) VALUES (10000016, 'MARSALA', 113, 1306321049, 'VAS-QUITO', 164424, 3, '57.06', '143.35', '33.4', false);
INSERT INTO participacion(jockey_persona_dni, equino_nombre, carrera_numero, carrera_encuentro_numero, stud_nombre, tiempo, andarivel, peso_jockey, talla_jockey, handicap_equino, descalificado) VALUES (10000040, 'LA JACA PACA', 113, 1306321049, 'JUBAFER', 130842, 4, '49.19', '157.27', '64.1', false);
INSERT INTO participacion(jockey_persona_dni, equino_nombre, carrera_numero, carrera_encuentro_numero, stud_nombre, tiempo, andarivel, peso_jockey, talla_jockey, handicap_equino, descalificado) VALUES (10000037, 'CHING', 113, 1306321049, 'DON LEOPOLDO', 159618, 5, '55.83', '148.42', '22.7', false);
INSERT INTO participacion(jockey_persona_dni, equino_nombre, carrera_numero, carrera_encuentro_numero, stud_nombre, tiempo, andarivel, peso_jockey, talla_jockey, handicap_equino, descalificado) VALUES (10000010, 'LA LEYENDA BEDUINA DE LA CREACION DEL CABALLO', 113, 1306321049, 'B.J.(Vguay.)', 179072, 6, '54.87', '147.80', '30.4', false);
INSERT INTO participacion(jockey_persona_dni, equino_nombre, carrera_numero, carrera_encuentro_numero, stud_nombre, tiempo, andarivel, peso_jockey, talla_jockey, handicap_equino, descalificado) VALUES (10000103, 'KANTAKA', 113, 1306321049, 'L.A. (LP)', 143048, 7, '56.21', '154.30', '29.2', false);
INSERT INTO participacion(jockey_persona_dni, equino_nombre, carrera_numero, carrera_encuentro_numero, stud_nombre, tiempo, andarivel, peso_jockey, talla_jockey, handicap_equino, descalificado) VALUES (10000064, 'JANTO/BALIO', 123, 1306321049, 'BEVA-ALCA', 136145, 8, '51.11', '142.44', '20.3', false);
INSERT INTO participacion(jockey_persona_dni, equino_nombre, carrera_numero, carrera_encuentro_numero, stud_nombre, tiempo, andarivel, peso_jockey, talla_jockey, handicap_equino, descalificado) VALUES (10000073, 'SILVER', 137, 1306321049, 'LA CHUMBEADA', 140022, 1, '49.42', '155.93', '24.7', false);
INSERT INTO participacion(jockey_persona_dni, equino_nombre, carrera_numero, carrera_encuentro_numero, stud_nombre, tiempo, andarivel, peso_jockey, talla_jockey, handicap_equino, descalificado) VALUES (10000031, 'CAGANCHO', 137, 1306321049, 'FEDEX (Azul)', 165028, 2, '52.20', '150.32', '71.7', false);
INSERT INTO participacion(jockey_persona_dni, equino_nombre, carrera_numero, carrera_encuentro_numero, stud_nombre, tiempo, andarivel, peso_jockey, talla_jockey, handicap_equino, descalificado) VALUES (10000022, 'TIRO AL BLANCO', 137, 1306321049, 'HARAS LAS EMMAS', 125996, 3, '48.75', '153.16', '6.2', false);
INSERT INTO participacion(jockey_persona_dni, equino_nombre, carrera_numero, carrera_encuentro_numero, stud_nombre, tiempo, andarivel, peso_jockey, talla_jockey, handicap_equino, descalificado) VALUES (10000067, 'DILU', 143, 1306321049, 'LOS HERMANITOS (S.Fe)', 120722, 1, '58.87', '159.48', '63.8', false);
INSERT INTO participacion(jockey_persona_dni, equino_nombre, carrera_numero, carrera_encuentro_numero, stud_nombre, tiempo, andarivel, peso_jockey, talla_jockey, handicap_equino, descalificado) VALUES (10000013, 'MAGNOLIA', 143, 1306321049, 'GENTE DE TURF', 159719, 2, '64.34', '156.52', '34.3', false);
INSERT INTO participacion(jockey_persona_dni, equino_nombre, carrera_numero, carrera_encuentro_numero, stud_nombre, tiempo, andarivel, peso_jockey, talla_jockey, handicap_equino, descalificado) VALUES (10000124, 'KASZTANKA', 143, 1306321049, 'LINDA SIEMPRE', 140943, 3, '55.47', '143.48', '30.2', false);
INSERT INTO participacion(jockey_persona_dni, equino_nombre, carrera_numero, carrera_encuentro_numero, stud_nombre, tiempo, andarivel, peso_jockey, talla_jockey, handicap_equino, descalificado) VALUES (10000010, 'LA LEYENDA BEDUINA DE LA CREACION DEL CABALLO', 143, 1306321049, 'B.J.(Vguay.)', 127750, 4, '61.26', '147.74', '23.5', false);
INSERT INTO participacion(jockey_persona_dni, equino_nombre, carrera_numero, carrera_encuentro_numero, stud_nombre, tiempo, andarivel, peso_jockey, talla_jockey, handicap_equino, descalificado) VALUES (10000037, 'CHING', 143, 1306321049, 'DON LEOPOLDO', 164739, 5, '55.59', '143.61', '20.9', false);
INSERT INTO participacion(jockey_persona_dni, equino_nombre, carrera_numero, carrera_encuentro_numero, stud_nombre, tiempo, andarivel, peso_jockey, talla_jockey, handicap_equino, descalificado) VALUES (10000103, 'KANTAKA', 143, 1306321049, 'L.A. (LP)', 178822, 6, '54.08', '158.22', '30.0', false);
INSERT INTO participacion(jockey_persona_dni, equino_nombre, carrera_numero, carrera_encuentro_numero, stud_nombre, tiempo, andarivel, peso_jockey, talla_jockey, handicap_equino, descalificado) VALUES (10000040, 'LA JACA PACA', 143, 1306321049, 'JUBAFER', 138411, 7, '50.00', '151.40', '63.9', false);
INSERT INTO participacion(jockey_persona_dni, equino_nombre, carrera_numero, carrera_encuentro_numero, stud_nombre, tiempo, andarivel, peso_jockey, talla_jockey, handicap_equino, descalificado) VALUES (10000124, 'KASZTANKA', 156, 1306321049, 'LINDA SIEMPRE', 159377, 1, '51.70', '148.18', '35.5', false);
INSERT INTO participacion(jockey_persona_dni, equino_nombre, carrera_numero, carrera_encuentro_numero, stud_nombre, tiempo, andarivel, peso_jockey, talla_jockey, handicap_equino, descalificado) VALUES (10000013, 'MAGNOLIA', 156, 1306321049, 'GENTE DE TURF', 149532, 2, '56.95', '158.97', '39.6', false);
INSERT INTO participacion(jockey_persona_dni, equino_nombre, carrera_numero, carrera_encuentro_numero, stud_nombre, tiempo, andarivel, peso_jockey, talla_jockey, handicap_equino, descalificado) VALUES (10000058, 'SOMBRA GRIS', 156, 1306321049, 'LOS COLORADOS', 174429, 3, '58.23', '145.71', '64.0', false);
INSERT INTO participacion(jockey_persona_dni, equino_nombre, carrera_numero, carrera_encuentro_numero, stud_nombre, tiempo, andarivel, peso_jockey, talla_jockey, handicap_equino, descalificado) VALUES (10000106, 'PASTOR', 156, 1306321049, 'LE FRAGOLE', 160715, 4, '57.63', '138.41', '45.3', false);
INSERT INTO participacion(jockey_persona_dni, equino_nombre, carrera_numero, carrera_encuentro_numero, stud_nombre, tiempo, andarivel, peso_jockey, talla_jockey, handicap_equino, descalificado) VALUES (10000100, 'HENGROEN', 124, 425534416, 'MIRABELLA', 139563, 8, '50.85', '154.12', '35.5', false);
INSERT INTO participacion(jockey_persona_dni, equino_nombre, carrera_numero, carrera_encuentro_numero, stud_nombre, tiempo, andarivel, peso_jockey, talla_jockey, handicap_equino, descalificado) VALUES (10000106, 'PASTOR', 124, 425534416, 'LE FRAGOLE', 166469, 9, '49.58', '137.43', '39.7', false);
INSERT INTO participacion(jockey_persona_dni, equino_nombre, carrera_numero, carrera_encuentro_numero, stud_nombre, tiempo, andarivel, peso_jockey, talla_jockey, handicap_equino, descalificado) VALUES (10000064, 'JANTO/BALIO', 132, 425534416, 'BEVA-ALCA', 173948, 1, '53.15', '142.39', '20.4', false);
INSERT INTO participacion(jockey_persona_dni, equino_nombre, carrera_numero, carrera_encuentro_numero, stud_nombre, tiempo, andarivel, peso_jockey, talla_jockey, handicap_equino, descalificado) VALUES (10000067, 'DILU', 149, 425534416, 'LOS HERMANITOS (S.Fe)', 154846, 4, '54.06', '158.19', '60.1', false);
INSERT INTO participacion(jockey_persona_dni, equino_nombre, carrera_numero, carrera_encuentro_numero, stud_nombre, tiempo, andarivel, peso_jockey, talla_jockey, handicap_equino, descalificado) VALUES (10000013, 'MAGNOLIA', 149, 425534416, 'GENTE DE TURF', 172537, 5, '59.58', '152.98', '37.2', false);
INSERT INTO participacion(jockey_persona_dni, equino_nombre, carrera_numero, carrera_encuentro_numero, stud_nombre, tiempo, andarivel, peso_jockey, talla_jockey, handicap_equino, descalificado) VALUES (10000040, 'LA JACA PACA', 149, 425534416, 'JUBAFER', 146122, 6, '51.75', '155.29', '66.7', false);
INSERT INTO participacion(jockey_persona_dni, equino_nombre, carrera_numero, carrera_encuentro_numero, stud_nombre, tiempo, andarivel, peso_jockey, talla_jockey, handicap_equino, descalificado) VALUES (10000037, 'CHING', 149, 425534416, 'DON LEOPOLDO', 138013, 7, '61.07', '139.36', '25.7', false);
INSERT INTO participacion(jockey_persona_dni, equino_nombre, carrera_numero, carrera_encuentro_numero, stud_nombre, tiempo, andarivel, peso_jockey, talla_jockey, handicap_equino, descalificado) VALUES (10000010, 'LA LEYENDA BEDUINA DE LA CREACION DEL CABALLO', 151, 425534416, 'B.J.(Vguay.)', 167731, 1, '56.04', '157.39', '24.1', false);
INSERT INTO participacion(jockey_persona_dni, equino_nombre, carrera_numero, carrera_encuentro_numero, stud_nombre, tiempo, andarivel, peso_jockey, talla_jockey, handicap_equino, descalificado) VALUES (10000115, 'MARENGO', 151, 425534416, '27 DE ABRIL', 167570, 2, '61.54', '155.29', '22.7', false);
INSERT INTO participacion(jockey_persona_dni, equino_nombre, carrera_numero, carrera_encuentro_numero, stud_nombre, tiempo, andarivel, peso_jockey, talla_jockey, handicap_equino, descalificado) VALUES (10000016, 'MARSALA', 151, 425534416, 'VAS-QUITO', 146365, 3, '51.37', '148.46', '29.4', false);
INSERT INTO participacion(jockey_persona_dni, equino_nombre, carrera_numero, carrera_encuentro_numero, stud_nombre, tiempo, andarivel, peso_jockey, talla_jockey, handicap_equino, descalificado) VALUES (10000124, 'KASZTANKA', 151, 425534416, 'LINDA SIEMPRE', 159746, 4, '44.41', '143.98', '34.4', false);
INSERT INTO participacion(jockey_persona_dni, equino_nombre, carrera_numero, carrera_encuentro_numero, stud_nombre, tiempo, andarivel, peso_jockey, talla_jockey, handicap_equino, descalificado) VALUES (10000112, 'PASCASAS', 151, 425534416, 'ASAYE', 173964, 5, '56.58', '163.90', '25.1', false);
INSERT INTO participacion(jockey_persona_dni, equino_nombre, carrera_numero, carrera_encuentro_numero, stud_nombre, tiempo, andarivel, peso_jockey, talla_jockey, handicap_equino, descalificado) VALUES (10000007, 'PALMICHE', 162, 425534416, 'GAUCHITO GIL', 131659, 1, '49.06', '145.07', '69.1', false);
INSERT INTO participacion(jockey_persona_dni, equino_nombre, carrera_numero, carrera_encuentro_numero, stud_nombre, tiempo, andarivel, peso_jockey, talla_jockey, handicap_equino, descalificado) VALUES (10000091, 'HIPOGRIFO', 162, 425534416, 'EL ZAINO', 174098, 2, '49.73', '142.46', '59.0', false);
INSERT INTO participacion(jockey_persona_dni, equino_nombre, carrera_numero, carrera_encuentro_numero, stud_nombre, tiempo, andarivel, peso_jockey, talla_jockey, handicap_equino, descalificado) VALUES (10000034, 'PEQUEÑO TIO', 162, 425534416, 'EL NEGRO', 170964, 3, '54.96', '150.11', '43.2', false);
INSERT INTO participacion(jockey_persona_dni, equino_nombre, carrera_numero, carrera_encuentro_numero, stud_nombre, tiempo, andarivel, peso_jockey, talla_jockey, handicap_equino, descalificado) VALUES (10000061, 'BLAKIE', 162, 425534416, 'FIRMAMENTO', 146808, 4, '60.86', '146.52', '71.8', false);
INSERT INTO participacion(jockey_persona_dni, equino_nombre, carrera_numero, carrera_encuentro_numero, stud_nombre, tiempo, andarivel, peso_jockey, talla_jockey, handicap_equino, descalificado) VALUES (10000106, 'PASTOR', 162, 425534416, 'LE FRAGOLE', 134538, 5, '58.35', '146.83', '40.6', false);
INSERT INTO participacion(jockey_persona_dni, equino_nombre, carrera_numero, carrera_encuentro_numero, stud_nombre, tiempo, andarivel, peso_jockey, talla_jockey, handicap_equino, descalificado) VALUES (10000046, 'NELSON', 138, 601022376, 'EL PADRINO', 129723, 8, '56.41', '150.68', '28.5', false);
INSERT INTO participacion(jockey_persona_dni, equino_nombre, carrera_numero, carrera_encuentro_numero, stud_nombre, tiempo, andarivel, peso_jockey, talla_jockey, handicap_equino, descalificado) VALUES (10000082, 'SILVER BLAZE', 138, 601022376, 'LA QUEBRADA', 126780, 9, '62.48', '151.75', '14.1', false);
INSERT INTO participacion(jockey_persona_dni, equino_nombre, carrera_numero, carrera_encuentro_numero, stud_nombre, tiempo, andarivel, peso_jockey, talla_jockey, handicap_equino, descalificado) VALUES (10000094, 'RED FOX', 138, 601022376, 'VALLE DE LA LUNA', 151606, 10, '58.70', '142.48', '61.1', false);
INSERT INTO participacion(jockey_persona_dni, equino_nombre, carrera_numero, carrera_encuentro_numero, stud_nombre, tiempo, andarivel, peso_jockey, talla_jockey, handicap_equino, descalificado) VALUES (10000121, 'PEGASO', 138, 601022376, 'QUEREUQUEN', 149648, 11, '57.72', '144.93', '47.3', false);
INSERT INTO participacion(jockey_persona_dni, equino_nombre, carrera_numero, carrera_encuentro_numero, stud_nombre, tiempo, andarivel, peso_jockey, talla_jockey, handicap_equino, descalificado) VALUES (10000073, 'SILVER', 138, 601022376, 'LA CHUMBEADA', 133167, 12, '57.58', '147.35', '24.9', false);
INSERT INTO participacion(jockey_persona_dni, equino_nombre, carrera_numero, carrera_encuentro_numero, stud_nombre, tiempo, andarivel, peso_jockey, talla_jockey, handicap_equino, descalificado) VALUES (10000079, 'GENITOR', 138, 601022376, 'LA CAMPANA', 169527, 13, '47.40', '138.73', '21.6', false);
INSERT INTO participacion(jockey_persona_dni, equino_nombre, carrera_numero, carrera_encuentro_numero, stud_nombre, tiempo, andarivel, peso_jockey, talla_jockey, handicap_equino, descalificado) VALUES (10000034, 'PEQUEÑO TIO', 138, 601022376, 'EL NEGRO', 143336, 14, '62.15', '148.16', '46.4', false);
INSERT INTO participacion(jockey_persona_dni, equino_nombre, carrera_numero, carrera_encuentro_numero, stud_nombre, tiempo, andarivel, peso_jockey, talla_jockey, handicap_equino, descalificado) VALUES (10000052, 'CABALLO DE TROYA', 144, 601022376, 'CABO ALARCON', 179155, 1, '63.69', '156.40', '65.3', false);
INSERT INTO participacion(jockey_persona_dni, equino_nombre, carrera_numero, carrera_encuentro_numero, stud_nombre, tiempo, andarivel, peso_jockey, talla_jockey, handicap_equino, descalificado) VALUES (10000091, 'HIPOGRIFO', 144, 601022376, 'EL ZAINO', 136514, 2, '54.87', '143.07', '56.8', false);
INSERT INTO participacion(jockey_persona_dni, equino_nombre, carrera_numero, carrera_encuentro_numero, stud_nombre, tiempo, andarivel, peso_jockey, talla_jockey, handicap_equino, descalificado) VALUES (10000043, 'AS DE OROS', 144, 601022376, 'EL MAXI', 131602, 3, '49.72', '145.23', '33.8', false);
INSERT INTO participacion(jockey_persona_dni, equino_nombre, carrera_numero, carrera_encuentro_numero, stud_nombre, tiempo, andarivel, peso_jockey, talla_jockey, handicap_equino, descalificado) VALUES (10000055, 'MORZILLO', 144, 601022376, 'NOE MAR', 122458, 4, '61.43', '149.08', '28.9', false);
INSERT INTO participacion(jockey_persona_dni, equino_nombre, carrera_numero, carrera_encuentro_numero, stud_nombre, tiempo, andarivel, peso_jockey, talla_jockey, handicap_equino, descalificado) VALUES (10000106, 'PASTOR', 144, 601022376, 'LE FRAGOLE', 142532, 5, '52.31', '144.94', '43.6', false);
INSERT INTO participacion(jockey_persona_dni, equino_nombre, carrera_numero, carrera_encuentro_numero, stud_nombre, tiempo, andarivel, peso_jockey, talla_jockey, handicap_equino, descalificado) VALUES (10000100, 'HENGROEN', 144, 601022376, 'MIRABELLA', 158980, 6, '51.42', '147.80', '29.5', false);
INSERT INTO participacion(jockey_persona_dni, equino_nombre, carrera_numero, carrera_encuentro_numero, stud_nombre, tiempo, andarivel, peso_jockey, talla_jockey, handicap_equino, descalificado) VALUES (10000022, 'TIRO AL BLANCO', 144, 601022376, 'HARAS LAS EMMAS', 126321, 7, '52.23', '149.96', '5.1', false);
INSERT INTO participacion(jockey_persona_dni, equino_nombre, carrera_numero, carrera_encuentro_numero, stud_nombre, tiempo, andarivel, peso_jockey, talla_jockey, handicap_equino, descalificado) VALUES (10000025, 'STRYMON', 155, 601022376, 'PASO LOPEZ (Azul)', 142105, 1, '60.00', '151.55', '14.3', false);
INSERT INTO participacion(jockey_persona_dni, equino_nombre, carrera_numero, carrera_encuentro_numero, stud_nombre, tiempo, andarivel, peso_jockey, talla_jockey, handicap_equino, descalificado) VALUES (10000088, 'EL PRIETO', 155, 601022376, 'CUCUNITO', 121383, 2, '55.82', '148.50', '65.3', false);
INSERT INTO participacion(jockey_persona_dni, equino_nombre, carrera_numero, carrera_encuentro_numero, stud_nombre, tiempo, andarivel, peso_jockey, talla_jockey, handicap_equino, descalificado) VALUES (10000070, 'PALOMO', 155, 601022376, 'EL GUASO', 162611, 3, '53.24', '142.84', '65.9', false);
INSERT INTO participacion(jockey_persona_dni, equino_nombre, carrera_numero, carrera_encuentro_numero, stud_nombre, tiempo, andarivel, peso_jockey, talla_jockey, handicap_equino, descalificado) VALUES (10000028, 'ZAHAREÑO', 161, 601022376, 'MOZO BACAN', 140396, 1, '50.25', '154.66', '48.0', false);
INSERT INTO participacion(jockey_persona_dni, equino_nombre, carrera_numero, carrera_encuentro_numero, stud_nombre, tiempo, andarivel, peso_jockey, talla_jockey, handicap_equino, descalificado) VALUES (10000079, 'GENITOR', 161, 601022376, 'LA CAMPANA', 162251, 2, '49.99', '136.83', '28.5', false);
INSERT INTO participacion(jockey_persona_dni, equino_nombre, carrera_numero, carrera_encuentro_numero, stud_nombre, tiempo, andarivel, peso_jockey, talla_jockey, handicap_equino, descalificado) VALUES (10000019, 'HAIZUN', 161, 601022376, 'LOS GATEADOS (MDP)', 154879, 3, '49.96', '143.68', '48.6', false);
INSERT INTO participacion(jockey_persona_dni, equino_nombre, carrera_numero, carrera_encuentro_numero, stud_nombre, tiempo, andarivel, peso_jockey, talla_jockey, handicap_equino, descalificado) VALUES (10000022, 'TIRO AL BLANCO', 176, 601022376, 'HARAS LAS EMMAS', 159545, 1, '49.87', '154.07', '6.8', false);
INSERT INTO participacion(jockey_persona_dni, equino_nombre, carrera_numero, carrera_encuentro_numero, stud_nombre, tiempo, andarivel, peso_jockey, talla_jockey, handicap_equino, descalificado) VALUES (10000100, 'HENGROEN', 176, 601022376, 'MIRABELLA', 154527, 2, '55.26', '148.30', '35.2', false);
INSERT INTO participacion(jockey_persona_dni, equino_nombre, carrera_numero, carrera_encuentro_numero, stud_nombre, tiempo, andarivel, peso_jockey, talla_jockey, handicap_equino, descalificado) VALUES (10000121, 'PEGASO', 140, 688634187, 'QUEREUQUEN', 145233, 1, '52.76', '148.48', '39.9', false);
INSERT INTO participacion(jockey_persona_dni, equino_nombre, carrera_numero, carrera_encuentro_numero, stud_nombre, tiempo, andarivel, peso_jockey, talla_jockey, handicap_equino, descalificado) VALUES (10000028, 'ZAHAREÑO', 158, 688634187, 'MOZO BACAN', 155065, 1, '59.59', '153.74', '55.3', false);
INSERT INTO participacion(jockey_persona_dni, equino_nombre, carrera_numero, carrera_encuentro_numero, stud_nombre, tiempo, andarivel, peso_jockey, talla_jockey, handicap_equino, descalificado) VALUES (10000121, 'PEGASO', 158, 688634187, 'QUEREUQUEN', 166917, 2, '58.25', '135.56', '46.8', false);
INSERT INTO participacion(jockey_persona_dni, equino_nombre, carrera_numero, carrera_encuentro_numero, stud_nombre, tiempo, andarivel, peso_jockey, talla_jockey, handicap_equino, descalificado) VALUES (10000100, 'HENGROEN', 158, 688634187, 'MIRABELLA', 172858, 3, '62.30', '142.88', '27.7', false);
INSERT INTO participacion(jockey_persona_dni, equino_nombre, carrera_numero, carrera_encuentro_numero, stud_nombre, tiempo, andarivel, peso_jockey, talla_jockey, handicap_equino, descalificado) VALUES (10000013, 'MAGNOLIA', 158, 688634187, 'GENTE DE TURF', 159559, 4, '53.70', '154.20', '35.3', false);
INSERT INTO participacion(jockey_persona_dni, equino_nombre, carrera_numero, carrera_encuentro_numero, stud_nombre, tiempo, andarivel, peso_jockey, talla_jockey, handicap_equino, descalificado) VALUES (10000031, 'CAGANCHO', 158, 688634187, 'FEDEX (Azul)', 170149, 5, '47.68', '153.39', '66.0', false);
INSERT INTO participacion(jockey_persona_dni, equino_nombre, carrera_numero, carrera_encuentro_numero, stud_nombre, tiempo, andarivel, peso_jockey, talla_jockey, handicap_equino, descalificado) VALUES (10000067, 'DILU', 164, 688634187, 'LOS HERMANITOS (S.Fe)', 159899, 1, '55.30', '166.09', '63.2', false);
INSERT INTO participacion(jockey_persona_dni, equino_nombre, carrera_numero, carrera_encuentro_numero, stud_nombre, tiempo, andarivel, peso_jockey, talla_jockey, handicap_equino, descalificado) VALUES (10000055, 'MORZILLO', 170, 688634187, 'NOE MAR', 172236, 1, '59.47', '136.54', '35.9', false);
INSERT INTO participacion(jockey_persona_dni, equino_nombre, carrera_numero, carrera_encuentro_numero, stud_nombre, tiempo, andarivel, peso_jockey, talla_jockey, handicap_equino, descalificado) VALUES (10000016, 'MARSALA', 182, 688634187, 'VAS-QUITO', 129668, 1, '68.38', '144.13', '29.9', false);
INSERT INTO participacion(jockey_persona_dni, equino_nombre, carrera_numero, carrera_encuentro_numero, stud_nombre, tiempo, andarivel, peso_jockey, talla_jockey, handicap_equino, descalificado) VALUES (10000103, 'KANTAKA', 182, 688634187, 'L.A. (LP)', 166940, 2, '49.06', '160.14', '25.4', false);
INSERT INTO participacion(jockey_persona_dni, equino_nombre, carrera_numero, carrera_encuentro_numero, stud_nombre, tiempo, andarivel, peso_jockey, talla_jockey, handicap_equino, descalificado) VALUES (10000028, 'ZAHAREÑO', 152, 1653863749, 'MOZO BACAN', 174147, 1, '53.14', '152.17', '48.3', false);
INSERT INTO participacion(jockey_persona_dni, equino_nombre, carrera_numero, carrera_encuentro_numero, stud_nombre, tiempo, andarivel, peso_jockey, talla_jockey, handicap_equino, descalificado) VALUES (10000034, 'PEQUEÑO TIO', 152, 1653863749, 'EL NEGRO', 124740, 2, '54.65', '152.97', '48.9', false);
INSERT INTO participacion(jockey_persona_dni, equino_nombre, carrera_numero, carrera_encuentro_numero, stud_nombre, tiempo, andarivel, peso_jockey, talla_jockey, handicap_equino, descalificado) VALUES (10000100, 'HENGROEN', 152, 1653863749, 'MIRABELLA', 141993, 3, '57.13', '146.17', '30.9', false);
INSERT INTO participacion(jockey_persona_dni, equino_nombre, carrera_numero, carrera_encuentro_numero, stud_nombre, tiempo, andarivel, peso_jockey, talla_jockey, handicap_equino, descalificado) VALUES (10000124, 'KASZTANKA', 169, 1653863749, 'LINDA SIEMPRE', 177864, 1, '44.93', '143.43', '31.4', false);
INSERT INTO participacion(jockey_persona_dni, equino_nombre, carrera_numero, carrera_encuentro_numero, stud_nombre, tiempo, andarivel, peso_jockey, talla_jockey, handicap_equino, descalificado) VALUES (10000112, 'PASCASAS', 169, 1653863749, 'ASAYE', 176243, 2, '55.93', '161.21', '24.5', false);
INSERT INTO participacion(jockey_persona_dni, equino_nombre, carrera_numero, carrera_encuentro_numero, stud_nombre, tiempo, andarivel, peso_jockey, talla_jockey, handicap_equino, descalificado) VALUES (10000010, 'LA LEYENDA BEDUINA DE LA CREACION DEL CABALLO', 169, 1653863749, 'B.J.(Vguay.)', 152007, 3, '59.82', '148.88', '26.2', false);
INSERT INTO participacion(jockey_persona_dni, equino_nombre, carrera_numero, carrera_encuentro_numero, stud_nombre, tiempo, andarivel, peso_jockey, talla_jockey, handicap_equino, descalificado) VALUES (10000040, 'LA JACA PACA', 169, 1653863749, 'JUBAFER', 159302, 4, '57.24', '154.58', '63.3', false);
INSERT INTO participacion(jockey_persona_dni, equino_nombre, carrera_numero, carrera_encuentro_numero, stud_nombre, tiempo, andarivel, peso_jockey, talla_jockey, handicap_equino, descalificado) VALUES (10000115, 'MARENGO', 169, 1653863749, '27 DE ABRIL', 140106, 5, '56.87', '164.52', '23.9', false);
INSERT INTO participacion(jockey_persona_dni, equino_nombre, carrera_numero, carrera_encuentro_numero, stud_nombre, tiempo, andarivel, peso_jockey, talla_jockey, handicap_equino, descalificado) VALUES (10000109, 'JINN', 171, 1653863749, 'LA PROVIDENCIA', 127991, 1, '55.67', '150.49', '75.3', false);
INSERT INTO participacion(jockey_persona_dni, equino_nombre, carrera_numero, carrera_encuentro_numero, stud_nombre, tiempo, andarivel, peso_jockey, talla_jockey, handicap_equino, descalificado) VALUES (10000091, 'HIPOGRIFO', 171, 1653863749, 'EL ZAINO', 125314, 2, '57.77', '145.51', '59.1', false);
INSERT INTO participacion(jockey_persona_dni, equino_nombre, carrera_numero, carrera_encuentro_numero, stud_nombre, tiempo, andarivel, peso_jockey, talla_jockey, handicap_equino, descalificado) VALUES (10000058, 'SOMBRA GRIS', 171, 1653863749, 'LOS COLORADOS', 123221, 3, '53.96', '150.69', '66.5', false);
INSERT INTO participacion(jockey_persona_dni, equino_nombre, carrera_numero, carrera_encuentro_numero, stud_nombre, tiempo, andarivel, peso_jockey, talla_jockey, handicap_equino, descalificado) VALUES (10000061, 'BLAKIE', 171, 1653863749, 'FIRMAMENTO', 169606, 4, '60.63', '152.53', '78.6', false);
INSERT INTO participacion(jockey_persona_dni, equino_nombre, carrera_numero, carrera_encuentro_numero, stud_nombre, tiempo, andarivel, peso_jockey, talla_jockey, handicap_equino, descalificado) VALUES (10000106, 'PASTOR', 171, 1653863749, 'LE FRAGOLE', 133307, 5, '50.54', '146.08', '40.4', false);
INSERT INTO participacion(jockey_persona_dni, equino_nombre, carrera_numero, carrera_encuentro_numero, stud_nombre, tiempo, andarivel, peso_jockey, talla_jockey, handicap_equino, descalificado) VALUES (10000097, 'TORDILLO', 171, 1653863749, 'ESEERREEFE', 177082, 6, '53.81', '132.64', '24.3', false);
INSERT INTO participacion(jockey_persona_dni, equino_nombre, carrera_numero, carrera_encuentro_numero, stud_nombre, tiempo, andarivel, peso_jockey, talla_jockey, handicap_equino, descalificado) VALUES (10000031, 'CAGANCHO', 181, 1653863749, 'FEDEX (Azul)', 160297, 1, '46.58', '152.06', '67.4', false);
INSERT INTO participacion(jockey_persona_dni, equino_nombre, carrera_numero, carrera_encuentro_numero, stud_nombre, tiempo, andarivel, peso_jockey, talla_jockey, handicap_equino, descalificado) VALUES (10000082, 'SILVER BLAZE', 181, 1653863749, 'LA QUEBRADA', 138929, 2, '49.65', '156.48', '16.0', false);
INSERT INTO participacion(jockey_persona_dni, equino_nombre, carrera_numero, carrera_encuentro_numero, stud_nombre, tiempo, andarivel, peso_jockey, talla_jockey, handicap_equino, descalificado) VALUES (10000097, 'TORDILLO', 181, 1653863749, 'ESEERREEFE', 155207, 3, '55.63', '140.25', '28.1', false);
INSERT INTO participacion(jockey_persona_dni, equino_nombre, carrera_numero, carrera_encuentro_numero, stud_nombre, tiempo, andarivel, peso_jockey, talla_jockey, handicap_equino, descalificado) VALUES (10000016, 'MARSALA', 198, 1653863749, 'VAS-QUITO', 130305, 1, '52.13', '148.82', '23.8', false);
INSERT INTO participacion(jockey_persona_dni, equino_nombre, carrera_numero, carrera_encuentro_numero, stud_nombre, tiempo, andarivel, peso_jockey, talla_jockey, handicap_equino, descalificado) VALUES (10000037, 'CHING', 198, 1653863749, 'DON LEOPOLDO', 143519, 2, '55.73', '138.99', '26.7', false);
INSERT INTO participacion(jockey_persona_dni, equino_nombre, carrera_numero, carrera_encuentro_numero, stud_nombre, tiempo, andarivel, peso_jockey, talla_jockey, handicap_equino, descalificado) VALUES (10000013, 'MAGNOLIA', 198, 1653863749, 'GENTE DE TURF', 136154, 3, '60.59', '156.80', '32.6', false);
INSERT INTO participacion(jockey_persona_dni, equino_nombre, carrera_numero, carrera_encuentro_numero, stud_nombre, tiempo, andarivel, peso_jockey, talla_jockey, handicap_equino, descalificado) VALUES (10000124, 'KASZTANKA', 198, 1653863749, 'LINDA SIEMPRE', 147423, 4, '50.92', '147.22', '31.2', false);
INSERT INTO participacion(jockey_persona_dni, equino_nombre, carrera_numero, carrera_encuentro_numero, stud_nombre, tiempo, andarivel, peso_jockey, talla_jockey, handicap_equino, descalificado) VALUES (10000040, 'LA JACA PACA', 198, 1653863749, 'JUBAFER', 129832, 5, '58.15', '158.57', '62.1', false);
INSERT INTO participacion(jockey_persona_dni, equino_nombre, carrera_numero, carrera_encuentro_numero, stud_nombre, tiempo, andarivel, peso_jockey, talla_jockey, handicap_equino, descalificado) VALUES (10000118, 'MR. ED', 164, 682090868, 'PINO SOLO', 143961, 2, '47.28', '148.59', '19.0', false);
INSERT INTO participacion(jockey_persona_dni, equino_nombre, carrera_numero, carrera_encuentro_numero, stud_nombre, tiempo, andarivel, peso_jockey, talla_jockey, handicap_equino, descalificado) VALUES (10000016, 'MARSALA', 178, 682090868, 'VAS-QUITO', 154717, 1, '68.06', '146.75', '25.6', false);
INSERT INTO participacion(jockey_persona_dni, equino_nombre, carrera_numero, carrera_encuentro_numero, stud_nombre, tiempo, andarivel, peso_jockey, talla_jockey, handicap_equino, descalificado) VALUES (10000046, 'NELSON', 178, 682090868, 'EL PADRINO', 138597, 2, '47.80', '143.72', '34.1', false);
INSERT INTO participacion(jockey_persona_dni, equino_nombre, carrera_numero, carrera_encuentro_numero, stud_nombre, tiempo, andarivel, peso_jockey, talla_jockey, handicap_equino, descalificado) VALUES (10000082, 'SILVER BLAZE', 178, 682090868, 'LA QUEBRADA', 125995, 3, '53.88', '159.44', '20.2', false);
INSERT INTO participacion(jockey_persona_dni, equino_nombre, carrera_numero, carrera_encuentro_numero, stud_nombre, tiempo, andarivel, peso_jockey, talla_jockey, handicap_equino, descalificado) VALUES (10000061, 'BLAKIE', 189, 682090868, 'FIRMAMENTO', 128600, 1, '53.77', '146.94', '78.1', false);
INSERT INTO participacion(jockey_persona_dni, equino_nombre, carrera_numero, carrera_encuentro_numero, stud_nombre, tiempo, andarivel, peso_jockey, talla_jockey, handicap_equino, descalificado) VALUES (10000040, 'LA JACA PACA', 189, 682090868, 'JUBAFER', 158122, 2, '47.75', '156.37', '71.3', false);
INSERT INTO participacion(jockey_persona_dni, equino_nombre, carrera_numero, carrera_encuentro_numero, stud_nombre, tiempo, andarivel, peso_jockey, talla_jockey, handicap_equino, descalificado) VALUES (10000055, 'MORZILLO', 189, 682090868, 'NOE MAR', 125515, 3, '57.52', '134.04', '31.6', false);
INSERT INTO participacion(jockey_persona_dni, equino_nombre, carrera_numero, carrera_encuentro_numero, stud_nombre, tiempo, andarivel, peso_jockey, talla_jockey, handicap_equino, descalificado) VALUES (10000010, 'LA LEYENDA BEDUINA DE LA CREACION DEL CABALLO', 189, 682090868, 'B.J.(Vguay.)', 161575, 4, '59.89', '145.95', '30.2', false);
INSERT INTO participacion(jockey_persona_dni, equino_nombre, carrera_numero, carrera_encuentro_numero, stud_nombre, tiempo, andarivel, peso_jockey, talla_jockey, handicap_equino, descalificado) VALUES (10000028, 'ZAHAREÑO', 189, 682090868, 'MOZO BACAN', 160465, 5, '58.55', '156.58', '51.7', false);
INSERT INTO participacion(jockey_persona_dni, equino_nombre, carrera_numero, carrera_encuentro_numero, stud_nombre, tiempo, andarivel, peso_jockey, talla_jockey, handicap_equino, descalificado) VALUES (10000100, 'HENGROEN', 189, 682090868, 'MIRABELLA', 122334, 6, '52.98', '152.82', '27.8', false);
INSERT INTO participacion(jockey_persona_dni, equino_nombre, carrera_numero, carrera_encuentro_numero, stud_nombre, tiempo, andarivel, peso_jockey, talla_jockey, handicap_equino, descalificado) VALUES (10000031, 'CAGANCHO', 195, 682090868, 'FEDEX (Azul)', 129881, 1, '47.41', '154.70', '64.0', false);
INSERT INTO participacion(jockey_persona_dni, equino_nombre, carrera_numero, carrera_encuentro_numero, stud_nombre, tiempo, andarivel, peso_jockey, talla_jockey, handicap_equino, descalificado) VALUES (10000040, 'LA JACA PACA', 195, 682090868, 'JUBAFER', 177609, 2, '48.75', '148.92', '62.1', false);
INSERT INTO participacion(jockey_persona_dni, equino_nombre, carrera_numero, carrera_encuentro_numero, stud_nombre, tiempo, andarivel, peso_jockey, talla_jockey, handicap_equino, descalificado) VALUES (10000103, 'KANTAKA', 195, 682090868, 'L.A. (LP)', 166957, 3, '62.72', '157.43', '29.7', false);
INSERT INTO participacion(jockey_persona_dni, equino_nombre, carrera_numero, carrera_encuentro_numero, stud_nombre, tiempo, andarivel, peso_jockey, talla_jockey, handicap_equino, descalificado) VALUES (10000067, 'DILU', 195, 682090868, 'LOS HERMANITOS (S.Fe)', 131795, 4, '54.91', '164.80', '62.0', false);
INSERT INTO participacion(jockey_persona_dni, equino_nombre, carrera_numero, carrera_encuentro_numero, stud_nombre, tiempo, andarivel, peso_jockey, talla_jockey, handicap_equino, descalificado) VALUES (10000079, 'GENITOR', 195, 682090868, 'LA CAMPANA', 172392, 5, '55.68', '148.66', '19.2', false);
INSERT INTO participacion(jockey_persona_dni, equino_nombre, carrera_numero, carrera_encuentro_numero, stud_nombre, tiempo, andarivel, peso_jockey, talla_jockey, handicap_equino, descalificado) VALUES (10000043, 'AS DE OROS', 195, 682090868, 'EL MAXI', 151343, 6, '53.70', '144.62', '39.5', false);
INSERT INTO participacion(jockey_persona_dni, equino_nombre, carrera_numero, carrera_encuentro_numero, stud_nombre, tiempo, andarivel, peso_jockey, talla_jockey, handicap_equino, descalificado) VALUES (10000061, 'BLAKIE', 195, 682090868, 'FIRMAMENTO', 134706, 7, '56.51', '150.32', '74.5', false);
INSERT INTO participacion(jockey_persona_dni, equino_nombre, carrera_numero, carrera_encuentro_numero, stud_nombre, tiempo, andarivel, peso_jockey, talla_jockey, handicap_equino, descalificado) VALUES (10000121, 'PEGASO', 203, 682090868, 'QUEREUQUEN', 131838, 1, '61.51', '143.25', '45.8', false);
INSERT INTO participacion(jockey_persona_dni, equino_nombre, carrera_numero, carrera_encuentro_numero, stud_nombre, tiempo, andarivel, peso_jockey, talla_jockey, handicap_equino, descalificado) VALUES (10000073, 'SILVER', 179, 1664051485, 'LA CHUMBEADA', 134194, 1, '56.40', '146.52', '26.9', false);
INSERT INTO participacion(jockey_persona_dni, equino_nombre, carrera_numero, carrera_encuentro_numero, stud_nombre, tiempo, andarivel, peso_jockey, talla_jockey, handicap_equino, descalificado) VALUES (10000118, 'MR. ED', 179, 1664051485, 'PINO SOLO', 179439, 2, '51.36', '158.31', '19.5', false);
INSERT INTO participacion(jockey_persona_dni, equino_nombre, carrera_numero, carrera_encuentro_numero, stud_nombre, tiempo, andarivel, peso_jockey, talla_jockey, handicap_equino, descalificado) VALUES (10000028, 'ZAHAREÑO', 179, 1664051485, 'MOZO BACAN', 151128, 3, '50.21', '155.23', '52.7', false);
INSERT INTO participacion(jockey_persona_dni, equino_nombre, carrera_numero, carrera_encuentro_numero, stud_nombre, tiempo, andarivel, peso_jockey, talla_jockey, handicap_equino, descalificado) VALUES (10000070, 'PALOMO', 179, 1664051485, 'EL GUASO', 131934, 4, '48.73', '157.87', '69.1', false);
INSERT INTO participacion(jockey_persona_dni, equino_nombre, carrera_numero, carrera_encuentro_numero, stud_nombre, tiempo, andarivel, peso_jockey, talla_jockey, handicap_equino, descalificado) VALUES (10000034, 'PEQUEÑO TIO', 179, 1664051485, 'EL NEGRO', 161940, 5, '53.59', '155.58', '48.5', false);
INSERT INTO participacion(jockey_persona_dni, equino_nombre, carrera_numero, carrera_encuentro_numero, stud_nombre, tiempo, andarivel, peso_jockey, talla_jockey, handicap_equino, descalificado) VALUES (10000019, 'HAIZUN', 179, 1664051485, 'LOS GATEADOS (MDP)', 154887, 6, '52.85', '145.32', '49.8', false);
INSERT INTO participacion(jockey_persona_dni, equino_nombre, carrera_numero, carrera_encuentro_numero, stud_nombre, tiempo, andarivel, peso_jockey, talla_jockey, handicap_equino, descalificado) VALUES (10000043, 'AS DE OROS', 179, 1664051485, 'EL MAXI', 157481, 7, '65.15', '145.95', '35.2', false);
INSERT INTO participacion(jockey_persona_dni, equino_nombre, carrera_numero, carrera_encuentro_numero, stud_nombre, tiempo, andarivel, peso_jockey, talla_jockey, handicap_equino, descalificado) VALUES (10000040, 'LA JACA PACA', 184, 1664051485, 'JUBAFER', 163190, 1, '55.31', '155.92', '65.0', false);
INSERT INTO participacion(jockey_persona_dni, equino_nombre, carrera_numero, carrera_encuentro_numero, stud_nombre, tiempo, andarivel, peso_jockey, talla_jockey, handicap_equino, descalificado) VALUES (10000067, 'DILU', 184, 1664051485, 'LOS HERMANITOS (S.Fe)', 120922, 2, '62.59', '158.66', '66.3', false);
INSERT INTO participacion(jockey_persona_dni, equino_nombre, carrera_numero, carrera_encuentro_numero, stud_nombre, tiempo, andarivel, peso_jockey, talla_jockey, handicap_equino, descalificado) VALUES (10000106, 'PASTOR', 184, 1664051485, 'LE FRAGOLE', 177635, 3, '57.42', '152.78', '48.2', false);
INSERT INTO participacion(jockey_persona_dni, equino_nombre, carrera_numero, carrera_encuentro_numero, stud_nombre, tiempo, andarivel, peso_jockey, talla_jockey, handicap_equino, descalificado) VALUES (10000115, 'MARENGO', 184, 1664051485, '27 DE ABRIL', 149884, 4, '53.98', '147.97', '20.0', false);
INSERT INTO participacion(jockey_persona_dni, equino_nombre, carrera_numero, carrera_encuentro_numero, stud_nombre, tiempo, andarivel, peso_jockey, talla_jockey, handicap_equino, descalificado) VALUES (10000100, 'HENGROEN', 184, 1664051485, 'MIRABELLA', 178003, 5, '57.48', '146.49', '31.0', false);
INSERT INTO participacion(jockey_persona_dni, equino_nombre, carrera_numero, carrera_encuentro_numero, stud_nombre, tiempo, andarivel, peso_jockey, talla_jockey, handicap_equino, descalificado) VALUES (10000058, 'SOMBRA GRIS', 190, 1664051485, 'LOS COLORADOS', 178013, 1, '59.96', '147.69', '66.5', false);
INSERT INTO participacion(jockey_persona_dni, equino_nombre, carrera_numero, carrera_encuentro_numero, stud_nombre, tiempo, andarivel, peso_jockey, talla_jockey, handicap_equino, descalificado) VALUES (10000025, 'STRYMON', 205, 1664051485, 'PASO LOPEZ (Azul)', 143153, 1, '60.62', '149.56', '14.0', false);
INSERT INTO participacion(jockey_persona_dni, equino_nombre, carrera_numero, carrera_encuentro_numero, stud_nombre, tiempo, andarivel, peso_jockey, talla_jockey, handicap_equino, descalificado) VALUES (10000019, 'HAIZUN', 205, 1664051485, 'LOS GATEADOS (MDP)', 133900, 2, '52.47', '143.59', '51.9', false);
INSERT INTO participacion(jockey_persona_dni, equino_nombre, carrera_numero, carrera_encuentro_numero, stud_nombre, tiempo, andarivel, peso_jockey, talla_jockey, handicap_equino, descalificado) VALUES (10000043, 'AS DE OROS', 205, 1664051485, 'EL MAXI', 160726, 3, '59.91', '149.66', '34.2', false);
INSERT INTO participacion(jockey_persona_dni, equino_nombre, carrera_numero, carrera_encuentro_numero, stud_nombre, tiempo, andarivel, peso_jockey, talla_jockey, handicap_equino, descalificado) VALUES (10000007, 'PALMICHE', 205, 1664051485, 'GAUCHITO GIL', 175013, 4, '49.85', '145.66', '72.7', false);
INSERT INTO participacion(jockey_persona_dni, equino_nombre, carrera_numero, carrera_encuentro_numero, stud_nombre, tiempo, andarivel, peso_jockey, talla_jockey, handicap_equino, descalificado) VALUES (10000112, 'PASCASAS', 216, 1664051485, 'ASAYE', 178879, 1, '54.86', '160.14', '19.0', false);
INSERT INTO participacion(jockey_persona_dni, equino_nombre, carrera_numero, carrera_encuentro_numero, stud_nombre, tiempo, andarivel, peso_jockey, talla_jockey, handicap_equino, descalificado) VALUES (10000124, 'KASZTANKA', 216, 1664051485, 'LINDA SIEMPRE', 131452, 2, '41.65', '146.14', '35.2', false);
INSERT INTO participacion(jockey_persona_dni, equino_nombre, carrera_numero, carrera_encuentro_numero, stud_nombre, tiempo, andarivel, peso_jockey, talla_jockey, handicap_equino, descalificado) VALUES (10000037, 'CHING', 216, 1664051485, 'DON LEOPOLDO', 128814, 3, '54.07', '136.45', '20.1', false);
INSERT INTO participacion(jockey_persona_dni, equino_nombre, carrera_numero, carrera_encuentro_numero, stud_nombre, tiempo, andarivel, peso_jockey, talla_jockey, handicap_equino, descalificado) VALUES (10000010, 'LA LEYENDA BEDUINA DE LA CREACION DEL CABALLO', 216, 1664051485, 'B.J.(Vguay.)', 124118, 4, '63.18', '157.45', '27.1', false);
INSERT INTO participacion(jockey_persona_dni, equino_nombre, carrera_numero, carrera_encuentro_numero, stud_nombre, tiempo, andarivel, peso_jockey, talla_jockey, handicap_equino, descalificado) VALUES (10000103, 'KANTAKA', 216, 1664051485, 'L.A. (LP)', 127047, 5, '53.48', '163.19', '23.1', false);
INSERT INTO participacion(jockey_persona_dni, equino_nombre, carrera_numero, carrera_encuentro_numero, stud_nombre, tiempo, andarivel, peso_jockey, talla_jockey, handicap_equino, descalificado) VALUES (10000040, 'LA JACA PACA', 216, 1664051485, 'JUBAFER', 173928, 6, '55.38', '154.57', '67.3', false);
INSERT INTO participacion(jockey_persona_dni, equino_nombre, carrera_numero, carrera_encuentro_numero, stud_nombre, tiempo, andarivel, peso_jockey, talla_jockey, handicap_equino, descalificado) VALUES (10000115, 'MARENGO', 216, 1664051485, '27 DE ABRIL', 179604, 7, '58.59', '150.01', '28.1', false);
INSERT INTO participacion(jockey_persona_dni, equino_nombre, carrera_numero, carrera_encuentro_numero, stud_nombre, tiempo, andarivel, peso_jockey, talla_jockey, handicap_equino, descalificado) VALUES (10000001, 'IMPERIOSO', 181, 1658900422, 'CAITO', 170123, 4, '49.55', '150.55', '61.1', false);
INSERT INTO participacion(jockey_persona_dni, equino_nombre, carrera_numero, carrera_encuentro_numero, stud_nombre, tiempo, andarivel, peso_jockey, talla_jockey, handicap_equino, descalificado) VALUES (10000109, 'JINN', 181, 1658900422, 'LA PROVIDENCIA', 158693, 5, '54.27', '154.20', '81.5', false);
INSERT INTO participacion(jockey_persona_dni, equino_nombre, carrera_numero, carrera_encuentro_numero, stud_nombre, tiempo, andarivel, peso_jockey, talla_jockey, handicap_equino, descalificado) VALUES (10000049, 'BUCEFALO', 181, 1658900422, 'LAS TUTIS', 144654, 6, '52.76', '144.20', '57.8', false);
INSERT INTO participacion(jockey_persona_dni, equino_nombre, carrera_numero, carrera_encuentro_numero, stud_nombre, tiempo, andarivel, peso_jockey, talla_jockey, handicap_equino, descalificado) VALUES (10000043, 'AS DE OROS', 181, 1658900422, 'EL MAXI', 149844, 7, '54.92', '148.82', '35.6', false);
INSERT INTO participacion(jockey_persona_dni, equino_nombre, carrera_numero, carrera_encuentro_numero, stud_nombre, tiempo, andarivel, peso_jockey, talla_jockey, handicap_equino, descalificado) VALUES (10000025, 'STRYMON', 181, 1658900422, 'PASO LOPEZ (Azul)', 138214, 8, '60.27', '151.38', '21.5', false);
INSERT INTO participacion(jockey_persona_dni, equino_nombre, carrera_numero, carrera_encuentro_numero, stud_nombre, tiempo, andarivel, peso_jockey, talla_jockey, handicap_equino, descalificado) VALUES (10000124, 'KASZTANKA', 181, 1658900422, 'LINDA SIEMPRE', 163776, 9, '42.92', '146.54', '32.7', false);
INSERT INTO participacion(jockey_persona_dni, equino_nombre, carrera_numero, carrera_encuentro_numero, stud_nombre, tiempo, andarivel, peso_jockey, talla_jockey, handicap_equino, descalificado) VALUES (10000094, 'RED FOX', 194, 1658900422, 'VALLE DE LA LUNA', 145692, 1, '60.10', '147.56', '60.4', false);
INSERT INTO participacion(jockey_persona_dni, equino_nombre, carrera_numero, carrera_encuentro_numero, stud_nombre, tiempo, andarivel, peso_jockey, talla_jockey, handicap_equino, descalificado) VALUES (10000043, 'AS DE OROS', 194, 1658900422, 'EL MAXI', 151561, 2, '58.66', '149.48', '40.7', false);
INSERT INTO participacion(jockey_persona_dni, equino_nombre, carrera_numero, carrera_encuentro_numero, stud_nombre, tiempo, andarivel, peso_jockey, talla_jockey, handicap_equino, descalificado) VALUES (10000052, 'CABALLO DE TROYA', 194, 1658900422, 'CABO ALARCON', 130094, 3, '53.44', '149.13', '60.2', false);
INSERT INTO participacion(jockey_persona_dni, equino_nombre, carrera_numero, carrera_encuentro_numero, stud_nombre, tiempo, andarivel, peso_jockey, talla_jockey, handicap_equino, descalificado) VALUES (10000106, 'PASTOR', 194, 1658900422, 'LE FRAGOLE', 131283, 4, '55.67', '146.17', '44.5', false);
INSERT INTO participacion(jockey_persona_dni, equino_nombre, carrera_numero, carrera_encuentro_numero, stud_nombre, tiempo, andarivel, peso_jockey, talla_jockey, handicap_equino, descalificado) VALUES (10000085, 'JOLLY JUMPER', 204, 1658900422, 'CUMENEYEN', 166746, 1, '59.68', '146.69', '39.5', false);
INSERT INTO participacion(jockey_persona_dni, equino_nombre, carrera_numero, carrera_encuentro_numero, stud_nombre, tiempo, andarivel, peso_jockey, talla_jockey, handicap_equino, descalificado) VALUES (10000019, 'HAIZUN', 204, 1658900422, 'LOS GATEADOS (MDP)', 175817, 2, '54.51', '141.75', '50.5', false);
INSERT INTO participacion(jockey_persona_dni, equino_nombre, carrera_numero, carrera_encuentro_numero, stud_nombre, tiempo, andarivel, peso_jockey, talla_jockey, handicap_equino, descalificado) VALUES (10000016, 'MARSALA', 212, 1658900422, 'VAS-QUITO', 169606, 1, '64.72', '149.74', '24.9', false);
INSERT INTO participacion(jockey_persona_dni, equino_nombre, carrera_numero, carrera_encuentro_numero, stud_nombre, tiempo, andarivel, peso_jockey, talla_jockey, handicap_equino, descalificado) VALUES (10000094, 'RED FOX', 212, 1658900422, 'VALLE DE LA LUNA', 122083, 2, '54.92', '145.44', '55.4', false);
INSERT INTO participacion(jockey_persona_dni, equino_nombre, carrera_numero, carrera_encuentro_numero, stud_nombre, tiempo, andarivel, peso_jockey, talla_jockey, handicap_equino, descalificado) VALUES (10000076, 'SALVADOR', 212, 1658900422, 'LOS 4 ASES', 144202, 3, '48.84', '136.86', '73.4', false);
INSERT INTO participacion(jockey_persona_dni, equino_nombre, carrera_numero, carrera_encuentro_numero, stud_nombre, tiempo, andarivel, peso_jockey, talla_jockey, handicap_equino, descalificado) VALUES (10000121, 'PEGASO', 212, 1658900422, 'QUEREUQUEN', 167648, 4, '51.17', '142.20', '44.4', false);
INSERT INTO participacion(jockey_persona_dni, equino_nombre, carrera_numero, carrera_encuentro_numero, stud_nombre, tiempo, andarivel, peso_jockey, talla_jockey, handicap_equino, descalificado) VALUES (10000043, 'AS DE OROS', 224, 1658900422, 'EL MAXI', 130246, 1, '66.06', '149.14', '40.6', false);
INSERT INTO participacion(jockey_persona_dni, equino_nombre, carrera_numero, carrera_encuentro_numero, stud_nombre, tiempo, andarivel, peso_jockey, talla_jockey, handicap_equino, descalificado) VALUES (10000103, 'KANTAKA', 195, 1095210290, 'L.A. (LP)', 162926, 8, '57.86', '159.45', '27.1', false);
INSERT INTO participacion(jockey_persona_dni, equino_nombre, carrera_numero, carrera_encuentro_numero, stud_nombre, tiempo, andarivel, peso_jockey, talla_jockey, handicap_equino, descalificado) VALUES (10000010, 'LA LEYENDA BEDUINA DE LA CREACION DEL CABALLO', 195, 1095210290, 'B.J.(Vguay.)', 143273, 9, '58.51', '143.16', '24.1', false);
INSERT INTO participacion(jockey_persona_dni, equino_nombre, carrera_numero, carrera_encuentro_numero, stud_nombre, tiempo, andarivel, peso_jockey, talla_jockey, handicap_equino, descalificado) VALUES (10000067, 'DILU', 195, 1095210290, 'LOS HERMANITOS (S.Fe)', 147894, 10, '50.95', '159.00', '59.7', false);
INSERT INTO participacion(jockey_persona_dni, equino_nombre, carrera_numero, carrera_encuentro_numero, stud_nombre, tiempo, andarivel, peso_jockey, talla_jockey, handicap_equino, descalificado) VALUES (10000016, 'MARSALA', 195, 1095210290, 'VAS-QUITO', 155195, 11, '60.23', '139.13', '30.1', false);
INSERT INTO participacion(jockey_persona_dni, equino_nombre, carrera_numero, carrera_encuentro_numero, stud_nombre, tiempo, andarivel, peso_jockey, talla_jockey, handicap_equino, descalificado) VALUES (10000115, 'MARENGO', 195, 1095210290, '27 DE ABRIL', 130232, 12, '57.22', '157.90', '24.2', false);
INSERT INTO participacion(jockey_persona_dni, equino_nombre, carrera_numero, carrera_encuentro_numero, stud_nombre, tiempo, andarivel, peso_jockey, talla_jockey, handicap_equino, descalificado) VALUES (10000112, 'PASCASAS', 195, 1095210290, 'ASAYE', 141665, 13, '63.38', '154.95', '21.4', false);
INSERT INTO participacion(jockey_persona_dni, equino_nombre, carrera_numero, carrera_encuentro_numero, stud_nombre, tiempo, andarivel, peso_jockey, talla_jockey, handicap_equino, descalificado) VALUES (10000040, 'LA JACA PACA', 195, 1095210290, 'JUBAFER', 147706, 14, '52.37', '155.31', '66.7', false);
INSERT INTO participacion(jockey_persona_dni, equino_nombre, carrera_numero, carrera_encuentro_numero, stud_nombre, tiempo, andarivel, peso_jockey, talla_jockey, handicap_equino, descalificado) VALUES (10000109, 'JINN', 204, 1095210290, 'LA PROVIDENCIA', 160331, 3, '48.71', '159.64', '76.5', false);
INSERT INTO participacion(jockey_persona_dni, equino_nombre, carrera_numero, carrera_encuentro_numero, stud_nombre, tiempo, andarivel, peso_jockey, talla_jockey, handicap_equino, descalificado) VALUES (10000040, 'LA JACA PACA', 211, 1095210290, 'JUBAFER', 130485, 1, '57.31', '158.88', '64.6', false);
INSERT INTO participacion(jockey_persona_dni, equino_nombre, carrera_numero, carrera_encuentro_numero, stud_nombre, tiempo, andarivel, peso_jockey, talla_jockey, handicap_equino, descalificado) VALUES (10000037, 'CHING', 211, 1095210290, 'DON LEOPOLDO', 124238, 2, '52.12', '140.08', '20.6', false);
INSERT INTO participacion(jockey_persona_dni, equino_nombre, carrera_numero, carrera_encuentro_numero, stud_nombre, tiempo, andarivel, peso_jockey, talla_jockey, handicap_equino, descalificado) VALUES (10000112, 'PASCASAS', 211, 1095210290, 'ASAYE', 135586, 3, '54.42', '158.90', '25.5', false);
INSERT INTO participacion(jockey_persona_dni, equino_nombre, carrera_numero, carrera_encuentro_numero, stud_nombre, tiempo, andarivel, peso_jockey, talla_jockey, handicap_equino, descalificado) VALUES (10000103, 'KANTAKA', 211, 1095210290, 'L.A. (LP)', 178392, 4, '49.36', '152.95', '22.0', false);
INSERT INTO participacion(jockey_persona_dni, equino_nombre, carrera_numero, carrera_encuentro_numero, stud_nombre, tiempo, andarivel, peso_jockey, talla_jockey, handicap_equino, descalificado) VALUES (10000010, 'LA LEYENDA BEDUINA DE LA CREACION DEL CABALLO', 211, 1095210290, 'B.J.(Vguay.)', 161670, 5, '56.95', '153.21', '27.0', false);
INSERT INTO participacion(jockey_persona_dni, equino_nombre, carrera_numero, carrera_encuentro_numero, stud_nombre, tiempo, andarivel, peso_jockey, talla_jockey, handicap_equino, descalificado) VALUES (10000100, 'HENGROEN', 229, 1095210290, 'MIRABELLA', 135605, 1, '59.15', '154.62', '29.3', false);
INSERT INTO participacion(jockey_persona_dni, equino_nombre, carrera_numero, carrera_encuentro_numero, stud_nombre, tiempo, andarivel, peso_jockey, talla_jockey, handicap_equino, descalificado) VALUES (10000028, 'ZAHAREÑO', 238, 1095210290, 'MOZO BACAN', 140937, 1, '44.18', '156.17', '55.1', false);
INSERT INTO participacion(jockey_persona_dni, equino_nombre, carrera_numero, carrera_encuentro_numero, stud_nombre, tiempo, andarivel, peso_jockey, talla_jockey, handicap_equino, descalificado) VALUES (10000007, 'PALMICHE', 238, 1095210290, 'GAUCHITO GIL', 157725, 2, '48.83', '146.94', '64.0', false);
INSERT INTO participacion(jockey_persona_dni, equino_nombre, carrera_numero, carrera_encuentro_numero, stud_nombre, tiempo, andarivel, peso_jockey, talla_jockey, handicap_equino, descalificado) VALUES (10000097, 'TORDILLO', 238, 1095210290, 'ESEERREEFE', 142471, 3, '52.73', '136.41', '22.2', false);
INSERT INTO participacion(jockey_persona_dni, equino_nombre, carrera_numero, carrera_encuentro_numero, stud_nombre, tiempo, andarivel, peso_jockey, talla_jockey, handicap_equino, descalificado) VALUES (10000061, 'BLAKIE', 238, 1095210290, 'FIRMAMENTO', 129678, 4, '65.16', '155.16', '71.5', false);
INSERT INTO participacion(jockey_persona_dni, equino_nombre, carrera_numero, carrera_encuentro_numero, stud_nombre, tiempo, andarivel, peso_jockey, talla_jockey, handicap_equino, descalificado) VALUES (10000031, 'CAGANCHO', 238, 1095210290, 'FEDEX (Azul)', 157647, 5, '48.50', '145.77', '65.6', false);
INSERT INTO participacion(jockey_persona_dni, equino_nombre, carrera_numero, carrera_encuentro_numero, stud_nombre, tiempo, andarivel, peso_jockey, talla_jockey, handicap_equino, descalificado) VALUES (10000025, 'STRYMON', 238, 1095210290, 'PASO LOPEZ (Azul)', 158938, 6, '64.27', '150.39', '17.4', false);
INSERT INTO participacion(jockey_persona_dni, equino_nombre, carrera_numero, carrera_encuentro_numero, stud_nombre, tiempo, andarivel, peso_jockey, talla_jockey, handicap_equino, descalificado) VALUES (10000019, 'HAIZUN', 238, 1095210290, 'LOS GATEADOS (MDP)', 176088, 7, '56.25', '146.56', '56.6', false);
INSERT INTO participacion(jockey_persona_dni, equino_nombre, carrera_numero, carrera_encuentro_numero, stud_nombre, tiempo, andarivel, peso_jockey, talla_jockey, handicap_equino, descalificado) VALUES (10000073, 'SILVER', 207, 554467110, 'LA CHUMBEADA', 155372, 1, '50.97', '148.07', '21.4', false);
INSERT INTO participacion(jockey_persona_dni, equino_nombre, carrera_numero, carrera_encuentro_numero, stud_nombre, tiempo, andarivel, peso_jockey, talla_jockey, handicap_equino, descalificado) VALUES (10000103, 'KANTAKA', 207, 554467110, 'L.A. (LP)', 126996, 2, '51.63', '166.54', '29.9', false);
INSERT INTO participacion(jockey_persona_dni, equino_nombre, carrera_numero, carrera_encuentro_numero, stud_nombre, tiempo, andarivel, peso_jockey, talla_jockey, handicap_equino, descalificado) VALUES (10000028, 'ZAHAREÑO', 207, 554467110, 'MOZO BACAN', 155565, 3, '55.82', '157.84', '47.7', false);
INSERT INTO participacion(jockey_persona_dni, equino_nombre, carrera_numero, carrera_encuentro_numero, stud_nombre, tiempo, andarivel, peso_jockey, talla_jockey, handicap_equino, descalificado) VALUES (10000058, 'SOMBRA GRIS', 207, 554467110, 'LOS COLORADOS', 153149, 4, '62.51', '146.25', '67.2', false);
INSERT INTO participacion(jockey_persona_dni, equino_nombre, carrera_numero, carrera_encuentro_numero, stud_nombre, tiempo, andarivel, peso_jockey, talla_jockey, handicap_equino, descalificado) VALUES (10000109, 'JINN', 207, 554467110, 'LA PROVIDENCIA', 149846, 5, '45.53', '153.91', '79.2', false);
INSERT INTO participacion(jockey_persona_dni, equino_nombre, carrera_numero, carrera_encuentro_numero, stud_nombre, tiempo, andarivel, peso_jockey, talla_jockey, handicap_equino, descalificado) VALUES (10000040, 'LA JACA PACA', 207, 554467110, 'JUBAFER', 128423, 6, '57.70', '149.87', '65.1', false);
INSERT INTO participacion(jockey_persona_dni, equino_nombre, carrera_numero, carrera_encuentro_numero, stud_nombre, tiempo, andarivel, peso_jockey, talla_jockey, handicap_equino, descalificado) VALUES (10000028, 'ZAHAREÑO', 218, 554467110, 'MOZO BACAN', 171455, 1, '59.09', '148.35', '52.9', false);
INSERT INTO participacion(jockey_persona_dni, equino_nombre, carrera_numero, carrera_encuentro_numero, stud_nombre, tiempo, andarivel, peso_jockey, talla_jockey, handicap_equino, descalificado) VALUES (10000034, 'PEQUEÑO TIO', 218, 554467110, 'EL NEGRO', 131935, 2, '61.12', '149.00', '45.1', false);
INSERT INTO participacion(jockey_persona_dni, equino_nombre, carrera_numero, carrera_encuentro_numero, stud_nombre, tiempo, andarivel, peso_jockey, talla_jockey, handicap_equino, descalificado) VALUES (10000076, 'SALVADOR', 218, 554467110, 'LOS 4 ASES', 163212, 3, '52.01', '141.71', '79.4', false);
INSERT INTO participacion(jockey_persona_dni, equino_nombre, carrera_numero, carrera_encuentro_numero, stud_nombre, tiempo, andarivel, peso_jockey, talla_jockey, handicap_equino, descalificado) VALUES (10000118, 'MR. ED', 218, 554467110, 'PINO SOLO', 139068, 4, '48.22', '161.89', '16.6', false);
INSERT INTO participacion(jockey_persona_dni, equino_nombre, carrera_numero, carrera_encuentro_numero, stud_nombre, tiempo, andarivel, peso_jockey, talla_jockey, handicap_equino, descalificado) VALUES (10000058, 'SOMBRA GRIS', 218, 554467110, 'LOS COLORADOS', 129005, 5, '57.28', '142.03', '65.5', false);
INSERT INTO participacion(jockey_persona_dni, equino_nombre, carrera_numero, carrera_encuentro_numero, stud_nombre, tiempo, andarivel, peso_jockey, talla_jockey, handicap_equino, descalificado) VALUES (10000055, 'MORZILLO', 218, 554467110, 'NOE MAR', 152821, 6, '60.17', '145.44', '30.0', false);
INSERT INTO participacion(jockey_persona_dni, equino_nombre, carrera_numero, carrera_encuentro_numero, stud_nombre, tiempo, andarivel, peso_jockey, talla_jockey, handicap_equino, descalificado) VALUES (10000055, 'MORZILLO', 223, 554467110, 'NOE MAR', 145731, 1, '53.87', '148.13', '33.5', false);
INSERT INTO participacion(jockey_persona_dni, equino_nombre, carrera_numero, carrera_encuentro_numero, stud_nombre, tiempo, andarivel, peso_jockey, talla_jockey, handicap_equino, descalificado) VALUES (10000100, 'HENGROEN', 223, 554467110, 'MIRABELLA', 165026, 2, '53.39', '150.62', '28.0', false);
INSERT INTO participacion(jockey_persona_dni, equino_nombre, carrera_numero, carrera_encuentro_numero, stud_nombre, tiempo, andarivel, peso_jockey, talla_jockey, handicap_equino, descalificado) VALUES (10000046, 'NELSON', 223, 554467110, 'EL PADRINO', 139454, 3, '50.46', '152.77', '27.9', false);
INSERT INTO participacion(jockey_persona_dni, equino_nombre, carrera_numero, carrera_encuentro_numero, stud_nombre, tiempo, andarivel, peso_jockey, talla_jockey, handicap_equino, descalificado) VALUES (10000028, 'ZAHAREÑO', 223, 554467110, 'MOZO BACAN', 146839, 4, '53.38', '146.16', '50.0', false);
INSERT INTO participacion(jockey_persona_dni, equino_nombre, carrera_numero, carrera_encuentro_numero, stud_nombre, tiempo, andarivel, peso_jockey, talla_jockey, handicap_equino, descalificado) VALUES (10000043, 'AS DE OROS', 223, 554467110, 'EL MAXI', 166976, 5, '60.84', '137.23', '31.6', false);
INSERT INTO participacion(jockey_persona_dni, equino_nombre, carrera_numero, carrera_encuentro_numero, stud_nombre, tiempo, andarivel, peso_jockey, talla_jockey, handicap_equino, descalificado) VALUES (10000022, 'TIRO AL BLANCO', 223, 554467110, 'HARAS LAS EMMAS', 169051, 6, '56.89', '156.39', '3.7', false);
INSERT INTO participacion(jockey_persona_dni, equino_nombre, carrera_numero, carrera_encuentro_numero, stud_nombre, tiempo, andarivel, peso_jockey, talla_jockey, handicap_equino, descalificado) VALUES (10000004, 'PAMPERO', 223, 554467110, 'MAM', 131141, 7, '47.71', '148.16', '20.0', false);
INSERT INTO participacion(jockey_persona_dni, equino_nombre, carrera_numero, carrera_encuentro_numero, stud_nombre, tiempo, andarivel, peso_jockey, talla_jockey, handicap_equino, descalificado) VALUES (10000025, 'STRYMON', 239, 554467110, 'PASO LOPEZ (Azul)', 165855, 1, '58.63', '147.05', '20.4', false);
INSERT INTO participacion(jockey_persona_dni, equino_nombre, carrera_numero, carrera_encuentro_numero, stud_nombre, tiempo, andarivel, peso_jockey, talla_jockey, handicap_equino, descalificado) VALUES (10000094, 'RED FOX', 239, 554467110, 'VALLE DE LA LUNA', 155270, 2, '63.29', '140.10', '61.7', false);
INSERT INTO participacion(jockey_persona_dni, equino_nombre, carrera_numero, carrera_encuentro_numero, stud_nombre, tiempo, andarivel, peso_jockey, talla_jockey, handicap_equino, descalificado) VALUES (10000049, 'BUCEFALO', 239, 554467110, 'LAS TUTIS', 168275, 3, '59.46', '147.59', '58.1', false);
INSERT INTO participacion(jockey_persona_dni, equino_nombre, carrera_numero, carrera_encuentro_numero, stud_nombre, tiempo, andarivel, peso_jockey, talla_jockey, handicap_equino, descalificado) VALUES (10000091, 'HIPOGRIFO', 239, 554467110, 'EL ZAINO', 150095, 4, '48.58', '135.97', '61.5', false);
INSERT INTO participacion(jockey_persona_dni, equino_nombre, carrera_numero, carrera_encuentro_numero, stud_nombre, tiempo, andarivel, peso_jockey, talla_jockey, handicap_equino, descalificado) VALUES (10000001, 'IMPERIOSO', 239, 554467110, 'CAITO', 123094, 5, '51.46', '151.46', '55.8', false);
INSERT INTO participacion(jockey_persona_dni, equino_nombre, carrera_numero, carrera_encuentro_numero, stud_nombre, tiempo, andarivel, peso_jockey, talla_jockey, handicap_equino, descalificado) VALUES (10000073, 'SILVER', 239, 554467110, 'LA CHUMBEADA', 137695, 6, '62.05', '157.11', '21.8', false);
INSERT INTO participacion(jockey_persona_dni, equino_nombre, carrera_numero, carrera_encuentro_numero, stud_nombre, tiempo, andarivel, peso_jockey, talla_jockey, handicap_equino, descalificado) VALUES (10000118, 'MR. ED', 240, 554467110, 'PINO SOLO', 130191, 1, '53.56', '156.86', '20.0', false);
INSERT INTO participacion(jockey_persona_dni, equino_nombre, carrera_numero, carrera_encuentro_numero, stud_nombre, tiempo, andarivel, peso_jockey, talla_jockey, handicap_equino, descalificado) VALUES (10000010, 'LA LEYENDA BEDUINA DE LA CREACION DEL CABALLO', 240, 554467110, 'B.J.(Vguay.)', 160332, 2, '64.59', '151.86', '26.6', false);
INSERT INTO participacion(jockey_persona_dni, equino_nombre, carrera_numero, carrera_encuentro_numero, stud_nombre, tiempo, andarivel, peso_jockey, talla_jockey, handicap_equino, descalificado) VALUES (10000109, 'JINN', 213, 377212534, 'LA PROVIDENCIA', 157707, 1, '52.36', '160.80', '81.4', false);
INSERT INTO participacion(jockey_persona_dni, equino_nombre, carrera_numero, carrera_encuentro_numero, stud_nombre, tiempo, andarivel, peso_jockey, talla_jockey, handicap_equino, descalificado) VALUES (10000076, 'SALVADOR', 213, 377212534, 'LOS 4 ASES', 136038, 2, '53.65', '138.40', '73.0', false);
INSERT INTO participacion(jockey_persona_dni, equino_nombre, carrera_numero, carrera_encuentro_numero, stud_nombre, tiempo, andarivel, peso_jockey, talla_jockey, handicap_equino, descalificado) VALUES (10000091, 'HIPOGRIFO', 213, 377212534, 'EL ZAINO', 129352, 3, '47.88', '140.91', '59.9', false);
INSERT INTO participacion(jockey_persona_dni, equino_nombre, carrera_numero, carrera_encuentro_numero, stud_nombre, tiempo, andarivel, peso_jockey, talla_jockey, handicap_equino, descalificado) VALUES (10000073, 'SILVER', 213, 377212534, 'LA CHUMBEADA', 138853, 4, '55.47', '151.16', '25.7', false);
INSERT INTO participacion(jockey_persona_dni, equino_nombre, carrera_numero, carrera_encuentro_numero, stud_nombre, tiempo, andarivel, peso_jockey, talla_jockey, handicap_equino, descalificado) VALUES (10000097, 'TORDILLO', 221, 377212534, 'ESEERREEFE', 155278, 1, '50.85', '145.80', '30.5', false);
INSERT INTO participacion(jockey_persona_dni, equino_nombre, carrera_numero, carrera_encuentro_numero, stud_nombre, tiempo, andarivel, peso_jockey, talla_jockey, handicap_equino, descalificado) VALUES (10000061, 'BLAKIE', 221, 377212534, 'FIRMAMENTO', 146204, 2, '58.65', '153.15', '69.5', false);
INSERT INTO participacion(jockey_persona_dni, equino_nombre, carrera_numero, carrera_encuentro_numero, stud_nombre, tiempo, andarivel, peso_jockey, talla_jockey, handicap_equino, descalificado) VALUES (10000082, 'SILVER BLAZE', 221, 377212534, 'LA QUEBRADA', 123445, 3, '58.57', '159.36', '17.7', false);
INSERT INTO participacion(jockey_persona_dni, equino_nombre, carrera_numero, carrera_encuentro_numero, stud_nombre, tiempo, andarivel, peso_jockey, talla_jockey, handicap_equino, descalificado) VALUES (10000010, 'LA LEYENDA BEDUINA DE LA CREACION DEL CABALLO', 221, 377212534, 'B.J.(Vguay.)', 151875, 4, '55.01', '144.50', '28.8', false);
INSERT INTO participacion(jockey_persona_dni, equino_nombre, carrera_numero, carrera_encuentro_numero, stud_nombre, tiempo, andarivel, peso_jockey, talla_jockey, handicap_equino, descalificado) VALUES (10000076, 'SALVADOR', 221, 377212534, 'LOS 4 ASES', 157326, 5, '46.12', '135.38', '71.6', false);
INSERT INTO participacion(jockey_persona_dni, equino_nombre, carrera_numero, carrera_encuentro_numero, stud_nombre, tiempo, andarivel, peso_jockey, talla_jockey, handicap_equino, descalificado) VALUES (10000022, 'TIRO AL BLANCO', 221, 377212534, 'HARAS LAS EMMAS', 130934, 6, '57.13', '150.83', '7.4', false);
INSERT INTO participacion(jockey_persona_dni, equino_nombre, carrera_numero, carrera_encuentro_numero, stud_nombre, tiempo, andarivel, peso_jockey, talla_jockey, handicap_equino, descalificado) VALUES (10000001, 'IMPERIOSO', 221, 377212534, 'CAITO', 161395, 7, '45.85', '149.06', '57.8', false);
INSERT INTO participacion(jockey_persona_dni, equino_nombre, carrera_numero, carrera_encuentro_numero, stud_nombre, tiempo, andarivel, peso_jockey, talla_jockey, handicap_equino, descalificado) VALUES (10000037, 'CHING', 230, 377212534, 'DON LEOPOLDO', 153837, 1, '60.20', '143.26', '19.0', false);
INSERT INTO participacion(jockey_persona_dni, equino_nombre, carrera_numero, carrera_encuentro_numero, stud_nombre, tiempo, andarivel, peso_jockey, talla_jockey, handicap_equino, descalificado) VALUES (10000121, 'PEGASO', 249, 377212534, 'QUEREUQUEN', 176214, 1, '58.50', '141.38', '40.7', false);
INSERT INTO participacion(jockey_persona_dni, equino_nombre, carrera_numero, carrera_encuentro_numero, stud_nombre, tiempo, andarivel, peso_jockey, talla_jockey, handicap_equino, descalificado) VALUES (10000046, 'NELSON', 249, 377212534, 'EL PADRINO', 122515, 2, '51.50', '150.38', '29.7', false);
INSERT INTO participacion(jockey_persona_dni, equino_nombre, carrera_numero, carrera_encuentro_numero, stud_nombre, tiempo, andarivel, peso_jockey, talla_jockey, handicap_equino, descalificado) VALUES (10000118, 'MR. ED', 255, 377212534, 'PINO SOLO', 160879, 1, '60.90', '151.71', '15.3', false);
INSERT INTO participacion(jockey_persona_dni, equino_nombre, carrera_numero, carrera_encuentro_numero, stud_nombre, tiempo, andarivel, peso_jockey, talla_jockey, handicap_equino, descalificado) VALUES (10000088, 'EL PRIETO', 255, 377212534, 'CUCUNITO', 154217, 2, '47.07', '143.55', '64.6', false);
INSERT INTO participacion(jockey_persona_dni, equino_nombre, carrera_numero, carrera_encuentro_numero, stud_nombre, tiempo, andarivel, peso_jockey, talla_jockey, handicap_equino, descalificado) VALUES (10000034, 'PEQUEÑO TIO', 255, 377212534, 'EL NEGRO', 131230, 3, '60.37', '156.10', '42.2', false);
INSERT INTO participacion(jockey_persona_dni, equino_nombre, carrera_numero, carrera_encuentro_numero, stud_nombre, tiempo, andarivel, peso_jockey, talla_jockey, handicap_equino, descalificado) VALUES (10000010, 'LA LEYENDA BEDUINA DE LA CREACION DEL CABALLO', 255, 377212534, 'B.J.(Vguay.)', 160467, 4, '61.82', '150.27', '27.3', false);
INSERT INTO participacion(jockey_persona_dni, equino_nombre, carrera_numero, carrera_encuentro_numero, stud_nombre, tiempo, andarivel, peso_jockey, talla_jockey, handicap_equino, descalificado) VALUES (10000007, 'PALMICHE', 255, 377212534, 'GAUCHITO GIL', 156054, 5, '50.16', '142.97', '64.1', false);
INSERT INTO participacion(jockey_persona_dni, equino_nombre, carrera_numero, carrera_encuentro_numero, stud_nombre, tiempo, andarivel, peso_jockey, talla_jockey, handicap_equino, descalificado) VALUES (10000073, 'SILVER', 255, 377212534, 'LA CHUMBEADA', 159524, 6, '62.29', '141.55', '27.7', false);
INSERT INTO participacion(jockey_persona_dni, equino_nombre, carrera_numero, carrera_encuentro_numero, stud_nombre, tiempo, andarivel, peso_jockey, talla_jockey, handicap_equino, descalificado) VALUES (10000052, 'CABALLO DE TROYA', 224, 585537718, 'CABO ALARCON', 124074, 2, '57.57', '156.21', '60.9', false);
INSERT INTO participacion(jockey_persona_dni, equino_nombre, carrera_numero, carrera_encuentro_numero, stud_nombre, tiempo, andarivel, peso_jockey, talla_jockey, handicap_equino, descalificado) VALUES (10000124, 'KASZTANKA', 224, 585537718, 'LINDA SIEMPRE', 143814, 3, '45.97', '148.65', '25.8', false);
INSERT INTO participacion(jockey_persona_dni, equino_nombre, carrera_numero, carrera_encuentro_numero, stud_nombre, tiempo, andarivel, peso_jockey, talla_jockey, handicap_equino, descalificado) VALUES (10000031, 'CAGANCHO', 224, 585537718, 'FEDEX (Azul)', 131743, 4, '60.30', '145.68', '68.4', false);
INSERT INTO participacion(jockey_persona_dni, equino_nombre, carrera_numero, carrera_encuentro_numero, stud_nombre, tiempo, andarivel, peso_jockey, talla_jockey, handicap_equino, descalificado) VALUES (10000094, 'RED FOX', 224, 585537718, 'VALLE DE LA LUNA', 149753, 5, '55.03', '145.97', '59.0', false);
INSERT INTO participacion(jockey_persona_dni, equino_nombre, carrera_numero, carrera_encuentro_numero, stud_nombre, tiempo, andarivel, peso_jockey, talla_jockey, handicap_equino, descalificado) VALUES (10000121, 'PEGASO', 231, 585537718, 'QUEREUQUEN', 150625, 1, '60.91', '138.81', '48.0', false);
INSERT INTO participacion(jockey_persona_dni, equino_nombre, carrera_numero, carrera_encuentro_numero, stud_nombre, tiempo, andarivel, peso_jockey, talla_jockey, handicap_equino, descalificado) VALUES (10000022, 'TIRO AL BLANCO', 240, 585537718, 'HARAS LAS EMMAS', 142802, 3, '57.42', '143.85', '5.6', false);
INSERT INTO participacion(jockey_persona_dni, equino_nombre, carrera_numero, carrera_encuentro_numero, stud_nombre, tiempo, andarivel, peso_jockey, talla_jockey, handicap_equino, descalificado) VALUES (10000043, 'AS DE OROS', 240, 585537718, 'EL MAXI', 154888, 4, '58.09', '144.17', '40.0', false);
INSERT INTO participacion(jockey_persona_dni, equino_nombre, carrera_numero, carrera_encuentro_numero, stud_nombre, tiempo, andarivel, peso_jockey, talla_jockey, handicap_equino, descalificado) VALUES (10000085, 'JOLLY JUMPER', 240, 585537718, 'CUMENEYEN', 142343, 5, '66.89', '159.22', '35.4', false);
INSERT INTO participacion(jockey_persona_dni, equino_nombre, carrera_numero, carrera_encuentro_numero, stud_nombre, tiempo, andarivel, peso_jockey, talla_jockey, handicap_equino, descalificado) VALUES (10000004, 'PAMPERO', 240, 585537718, 'MAM', 135053, 6, '51.85', '146.33', '19.9', false);
INSERT INTO participacion(jockey_persona_dni, equino_nombre, carrera_numero, carrera_encuentro_numero, stud_nombre, tiempo, andarivel, peso_jockey, talla_jockey, handicap_equino, descalificado) VALUES (10000049, 'BUCEFALO', 254, 585537718, 'LAS TUTIS', 142617, 1, '59.36', '149.00', '51.1', false);
INSERT INTO participacion(jockey_persona_dni, equino_nombre, carrera_numero, carrera_encuentro_numero, stud_nombre, tiempo, andarivel, peso_jockey, talla_jockey, handicap_equino, descalificado) VALUES (10000082, 'SILVER BLAZE', 254, 585537718, 'LA QUEBRADA', 143602, 2, '57.87', '155.05', '20.2', false);
INSERT INTO participacion(jockey_persona_dni, equino_nombre, carrera_numero, carrera_encuentro_numero, stud_nombre, tiempo, andarivel, peso_jockey, talla_jockey, handicap_equino, descalificado) VALUES (10000091, 'HIPOGRIFO', 254, 585537718, 'EL ZAINO', 158057, 3, '47.87', '145.31', '58.3', false);
INSERT INTO participacion(jockey_persona_dni, equino_nombre, carrera_numero, carrera_encuentro_numero, stud_nombre, tiempo, andarivel, peso_jockey, talla_jockey, handicap_equino, descalificado) VALUES (10000121, 'PEGASO', 254, 585537718, 'QUEREUQUEN', 164895, 4, '62.00', '139.56', '42.3', false);
INSERT INTO participacion(jockey_persona_dni, equino_nombre, carrera_numero, carrera_encuentro_numero, stud_nombre, tiempo, andarivel, peso_jockey, talla_jockey, handicap_equino, descalificado) VALUES (10000112, 'PASCASAS', 264, 585537718, 'ASAYE', 124560, 1, '57.78', '154.80', '24.0', false);
INSERT INTO participacion(jockey_persona_dni, equino_nombre, carrera_numero, carrera_encuentro_numero, stud_nombre, tiempo, andarivel, peso_jockey, talla_jockey, handicap_equino, descalificado) VALUES (10000040, 'LA JACA PACA', 264, 585537718, 'JUBAFER', 155907, 2, '47.03', '152.46', '67.5', false);
INSERT INTO participacion(jockey_persona_dni, equino_nombre, carrera_numero, carrera_encuentro_numero, stud_nombre, tiempo, andarivel, peso_jockey, talla_jockey, handicap_equino, descalificado) VALUES (10000016, 'MARSALA', 264, 585537718, 'VAS-QUITO', 160133, 3, '64.84', '139.78', '25.1', false);
INSERT INTO participacion(jockey_persona_dni, equino_nombre, carrera_numero, carrera_encuentro_numero, stud_nombre, tiempo, andarivel, peso_jockey, talla_jockey, handicap_equino, descalificado) VALUES (10000073, 'SILVER', 234, 68963443, 'LA CHUMBEADA', 157517, 1, '59.23', '154.50', '29.9', false);
INSERT INTO participacion(jockey_persona_dni, equino_nombre, carrera_numero, carrera_encuentro_numero, stud_nombre, tiempo, andarivel, peso_jockey, talla_jockey, handicap_equino, descalificado) VALUES (10000013, 'MAGNOLIA', 240, 68963443, 'GENTE DE TURF', 129141, 7, '57.16', '163.09', '32.3', false);
INSERT INTO participacion(jockey_persona_dni, equino_nombre, carrera_numero, carrera_encuentro_numero, stud_nombre, tiempo, andarivel, peso_jockey, talla_jockey, handicap_equino, descalificado) VALUES (10000055, 'MORZILLO', 253, 68963443, 'NOE MAR', 164481, 1, '53.86', '149.30', '28.5', false);
INSERT INTO participacion(jockey_persona_dni, equino_nombre, carrera_numero, carrera_encuentro_numero, stud_nombre, tiempo, andarivel, peso_jockey, talla_jockey, handicap_equino, descalificado) VALUES (10000016, 'MARSALA', 264, 68963443, 'VAS-QUITO', 128187, 4, '64.47', '145.13', '26.4', false);
INSERT INTO participacion(jockey_persona_dni, equino_nombre, carrera_numero, carrera_encuentro_numero, stud_nombre, tiempo, andarivel, peso_jockey, talla_jockey, handicap_equino, descalificado) VALUES (10000019, 'HAIZUN', 264, 68963443, 'LOS GATEADOS (MDP)', 137772, 5, '51.38', '149.60', '49.0', false);
INSERT INTO participacion(jockey_persona_dni, equino_nombre, carrera_numero, carrera_encuentro_numero, stud_nombre, tiempo, andarivel, peso_jockey, talla_jockey, handicap_equino, descalificado) VALUES (10000001, 'IMPERIOSO', 264, 68963443, 'CAITO', 157988, 6, '54.23', '145.80', '53.7', false);
INSERT INTO participacion(jockey_persona_dni, equino_nombre, carrera_numero, carrera_encuentro_numero, stud_nombre, tiempo, andarivel, peso_jockey, talla_jockey, handicap_equino, descalificado) VALUES (10000112, 'PASCASAS', 264, 68963443, 'ASAYE', 155038, 7, '55.91', '150.60', '19.2', false);
INSERT INTO participacion(jockey_persona_dni, equino_nombre, carrera_numero, carrera_encuentro_numero, stud_nombre, tiempo, andarivel, peso_jockey, talla_jockey, handicap_equino, descalificado) VALUES (10000103, 'KANTAKA', 264, 68963443, 'L.A. (LP)', 142523, 8, '55.16', '163.06', '28.6', false);
INSERT INTO participacion(jockey_persona_dni, equino_nombre, carrera_numero, carrera_encuentro_numero, stud_nombre, tiempo, andarivel, peso_jockey, talla_jockey, handicap_equino, descalificado) VALUES (10000013, 'MAGNOLIA', 277, 68963443, 'GENTE DE TURF', 125315, 1, '56.55', '160.64', '31.6', false);
INSERT INTO participacion(jockey_persona_dni, equino_nombre, carrera_numero, carrera_encuentro_numero, stud_nombre, tiempo, andarivel, peso_jockey, talla_jockey, handicap_equino, descalificado) VALUES (10000115, 'MARENGO', 277, 68963443, '27 DE ABRIL', 140318, 2, '60.97', '148.31', '22.2', false);
INSERT INTO participacion(jockey_persona_dni, equino_nombre, carrera_numero, carrera_encuentro_numero, stud_nombre, tiempo, andarivel, peso_jockey, talla_jockey, handicap_equino, descalificado) VALUES (10000037, 'CHING', 277, 68963443, 'DON LEOPOLDO', 156046, 3, '61.65', '137.54', '19.3', false);
INSERT INTO participacion(jockey_persona_dni, equino_nombre, carrera_numero, carrera_encuentro_numero, stud_nombre, tiempo, andarivel, peso_jockey, talla_jockey, handicap_equino, descalificado) VALUES (10000040, 'LA JACA PACA', 277, 68963443, 'JUBAFER', 167424, 4, '54.32', '155.16', '63.5', false);
INSERT INTO participacion(jockey_persona_dni, equino_nombre, carrera_numero, carrera_encuentro_numero, stud_nombre, tiempo, andarivel, peso_jockey, talla_jockey, handicap_equino, descalificado) VALUES (10000103, 'KANTAKA', 277, 68963443, 'L.A. (LP)', 167003, 5, '52.41', '152.52', '24.1', false);
INSERT INTO participacion(jockey_persona_dni, equino_nombre, carrera_numero, carrera_encuentro_numero, stud_nombre, tiempo, andarivel, peso_jockey, talla_jockey, handicap_equino, descalificado) VALUES (10000103, 'KANTAKA', 241, 601447428, 'L.A. (LP)', 123152, 1, '50.14', '165.42', '22.7', false);
INSERT INTO participacion(jockey_persona_dni, equino_nombre, carrera_numero, carrera_encuentro_numero, stud_nombre, tiempo, andarivel, peso_jockey, talla_jockey, handicap_equino, descalificado) VALUES (10000115, 'MARENGO', 241, 601447428, '27 DE ABRIL', 168197, 2, '62.56', '148.95', '20.8', false);
INSERT INTO participacion(jockey_persona_dni, equino_nombre, carrera_numero, carrera_encuentro_numero, stud_nombre, tiempo, andarivel, peso_jockey, talla_jockey, handicap_equino, descalificado) VALUES (10000067, 'DILU', 241, 601447428, 'LOS HERMANITOS (S.Fe)', 169969, 3, '51.44', '154.65', '64.3', false);
INSERT INTO participacion(jockey_persona_dni, equino_nombre, carrera_numero, carrera_encuentro_numero, stud_nombre, tiempo, andarivel, peso_jockey, talla_jockey, handicap_equino, descalificado) VALUES (10000037, 'CHING', 241, 601447428, 'DON LEOPOLDO', 137048, 4, '52.36', '135.84', '24.9', false);
INSERT INTO participacion(jockey_persona_dni, equino_nombre, carrera_numero, carrera_encuentro_numero, stud_nombre, tiempo, andarivel, peso_jockey, talla_jockey, handicap_equino, descalificado) VALUES (10000013, 'MAGNOLIA', 241, 601447428, 'GENTE DE TURF', 130230, 5, '58.31', '164.22', '32.7', false);
INSERT INTO participacion(jockey_persona_dni, equino_nombre, carrera_numero, carrera_encuentro_numero, stud_nombre, tiempo, andarivel, peso_jockey, talla_jockey, handicap_equino, descalificado) VALUES (10000118, 'MR. ED', 257, 601447428, 'PINO SOLO', 178437, 1, '52.63', '155.10', '16.9', false);
INSERT INTO participacion(jockey_persona_dni, equino_nombre, carrera_numero, carrera_encuentro_numero, stud_nombre, tiempo, andarivel, peso_jockey, talla_jockey, handicap_equino, descalificado) VALUES (10000109, 'JINN', 257, 601447428, 'LA PROVIDENCIA', 159357, 2, '58.14', '152.54', '82.6', false);
INSERT INTO participacion(jockey_persona_dni, equino_nombre, carrera_numero, carrera_encuentro_numero, stud_nombre, tiempo, andarivel, peso_jockey, talla_jockey, handicap_equino, descalificado) VALUES (10000001, 'IMPERIOSO', 257, 601447428, 'CAITO', 138635, 3, '52.96', '152.30', '60.2', false);
INSERT INTO participacion(jockey_persona_dni, equino_nombre, carrera_numero, carrera_encuentro_numero, stud_nombre, tiempo, andarivel, peso_jockey, talla_jockey, handicap_equino, descalificado) VALUES (10000064, 'JANTO/BALIO', 257, 601447428, 'BEVA-ALCA', 143944, 4, '51.54', '141.14', '24.6', false);
INSERT INTO participacion(jockey_persona_dni, equino_nombre, carrera_numero, carrera_encuentro_numero, stud_nombre, tiempo, andarivel, peso_jockey, talla_jockey, handicap_equino, descalificado) VALUES (10000004, 'PAMPERO', 257, 601447428, 'MAM', 126506, 5, '46.48', '155.20', '25.6', false);
INSERT INTO participacion(jockey_persona_dni, equino_nombre, carrera_numero, carrera_encuentro_numero, stud_nombre, tiempo, andarivel, peso_jockey, talla_jockey, handicap_equino, descalificado) VALUES (10000070, 'PALOMO', 257, 601447428, 'EL GUASO', 154908, 6, '56.29', '146.98', '74.1', false);
INSERT INTO participacion(jockey_persona_dni, equino_nombre, carrera_numero, carrera_encuentro_numero, stud_nombre, tiempo, andarivel, peso_jockey, talla_jockey, handicap_equino, descalificado) VALUES (10000106, 'PASTOR', 269, 601447428, 'LE FRAGOLE', 177638, 1, '55.08', '145.80', '44.6', false);
INSERT INTO participacion(jockey_persona_dni, equino_nombre, carrera_numero, carrera_encuentro_numero, stud_nombre, tiempo, andarivel, peso_jockey, talla_jockey, handicap_equino, descalificado) VALUES (10000034, 'PEQUEÑO TIO', 269, 601447428, 'EL NEGRO', 164038, 2, '58.93', '146.40', '50.8', false);
INSERT INTO participacion(jockey_persona_dni, equino_nombre, carrera_numero, carrera_encuentro_numero, stud_nombre, tiempo, andarivel, peso_jockey, talla_jockey, handicap_equino, descalificado) VALUES (10000049, 'BUCEFALO', 269, 601447428, 'LAS TUTIS', 171492, 3, '54.39', '145.70', '58.3', false);
INSERT INTO participacion(jockey_persona_dni, equino_nombre, carrera_numero, carrera_encuentro_numero, stud_nombre, tiempo, andarivel, peso_jockey, talla_jockey, handicap_equino, descalificado) VALUES (10000013, 'MAGNOLIA', 269, 601447428, 'GENTE DE TURF', 177008, 4, '59.06', '155.53', '39.3', false);
INSERT INTO participacion(jockey_persona_dni, equino_nombre, carrera_numero, carrera_encuentro_numero, stud_nombre, tiempo, andarivel, peso_jockey, talla_jockey, handicap_equino, descalificado) VALUES (10000016, 'MARSALA', 269, 601447428, 'VAS-QUITO', 129898, 5, '64.72', '143.52', '30.2', false);
INSERT INTO participacion(jockey_persona_dni, equino_nombre, carrera_numero, carrera_encuentro_numero, stud_nombre, tiempo, andarivel, peso_jockey, talla_jockey, handicap_equino, descalificado) VALUES (10000100, 'HENGROEN', 271, 601447428, 'MIRABELLA', 148435, 1, '57.96', '153.12', '30.5', false);
INSERT INTO participacion(jockey_persona_dni, equino_nombre, carrera_numero, carrera_encuentro_numero, stud_nombre, tiempo, andarivel, peso_jockey, talla_jockey, handicap_equino, descalificado) VALUES (10000046, 'NELSON', 280, 601447428, 'EL PADRINO', 155540, 1, '52.05', '157.88', '28.9', false);
INSERT INTO participacion(jockey_persona_dni, equino_nombre, carrera_numero, carrera_encuentro_numero, stud_nombre, tiempo, andarivel, peso_jockey, talla_jockey, handicap_equino, descalificado) VALUES (10000049, 'BUCEFALO', 280, 601447428, 'LAS TUTIS', 168152, 2, '59.68', '143.23', '55.0', false);
INSERT INTO participacion(jockey_persona_dni, equino_nombre, carrera_numero, carrera_encuentro_numero, stud_nombre, tiempo, andarivel, peso_jockey, talla_jockey, handicap_equino, descalificado) VALUES (10000058, 'SOMBRA GRIS', 280, 601447428, 'LOS COLORADOS', 135108, 3, '61.38', '146.91', '62.1', false);
INSERT INTO participacion(jockey_persona_dni, equino_nombre, carrera_numero, carrera_encuentro_numero, stud_nombre, tiempo, andarivel, peso_jockey, talla_jockey, handicap_equino, descalificado) VALUES (10000010, 'LA LEYENDA BEDUINA DE LA CREACION DEL CABALLO', 280, 601447428, 'B.J.(Vguay.)', 164699, 4, '55.41', '149.94', '27.7', false);
INSERT INTO participacion(jockey_persona_dni, equino_nombre, carrera_numero, carrera_encuentro_numero, stud_nombre, tiempo, andarivel, peso_jockey, talla_jockey, handicap_equino, descalificado) VALUES (10000085, 'JOLLY JUMPER', 280, 601447428, 'CUMENEYEN', 136177, 5, '61.34', '146.89', '34.8', false);
INSERT INTO participacion(jockey_persona_dni, equino_nombre, carrera_numero, carrera_encuentro_numero, stud_nombre, tiempo, andarivel, peso_jockey, talla_jockey, handicap_equino, descalificado) VALUES (10000043, 'AS DE OROS', 280, 601447428, 'EL MAXI', 166961, 6, '54.08', '151.86', '38.5', false);
INSERT INTO participacion(jockey_persona_dni, equino_nombre, carrera_numero, carrera_encuentro_numero, stud_nombre, tiempo, andarivel, peso_jockey, talla_jockey, handicap_equino, descalificado) VALUES (10000064, 'JANTO/BALIO', 280, 601447428, 'BEVA-ALCA', 176923, 7, '48.08', '138.05', '22.5', false);
INSERT INTO participacion(jockey_persona_dni, equino_nombre, carrera_numero, carrera_encuentro_numero, stud_nombre, tiempo, andarivel, peso_jockey, talla_jockey, handicap_equino, descalificado) VALUES (10000025, 'STRYMON', 255, 833098046, 'PASO LOPEZ (Azul)', 172508, 7, '59.20', '151.14', '22.6', false);
INSERT INTO participacion(jockey_persona_dni, equino_nombre, carrera_numero, carrera_encuentro_numero, stud_nombre, tiempo, andarivel, peso_jockey, talla_jockey, handicap_equino, descalificado) VALUES (10000034, 'PEQUEÑO TIO', 255, 833098046, 'EL NEGRO', 149895, 8, '60.80', '154.66', '47.1', false);
INSERT INTO participacion(jockey_persona_dni, equino_nombre, carrera_numero, carrera_encuentro_numero, stud_nombre, tiempo, andarivel, peso_jockey, talla_jockey, handicap_equino, descalificado) VALUES (10000109, 'JINN', 255, 833098046, 'LA PROVIDENCIA', 150740, 9, '46.36', '162.20', '81.3', false);
INSERT INTO participacion(jockey_persona_dni, equino_nombre, carrera_numero, carrera_encuentro_numero, stud_nombre, tiempo, andarivel, peso_jockey, talla_jockey, handicap_equino, descalificado) VALUES (10000019, 'HAIZUN', 255, 833098046, 'LOS GATEADOS (MDP)', 138145, 10, '55.35', '143.87', '52.3', false);
INSERT INTO participacion(jockey_persona_dni, equino_nombre, carrera_numero, carrera_encuentro_numero, stud_nombre, tiempo, andarivel, peso_jockey, talla_jockey, handicap_equino, descalificado) VALUES (10000103, 'KANTAKA', 265, 833098046, 'L.A. (LP)', 136652, 1, '50.50', '162.79', '25.6', false);
INSERT INTO participacion(jockey_persona_dni, equino_nombre, carrera_numero, carrera_encuentro_numero, stud_nombre, tiempo, andarivel, peso_jockey, talla_jockey, handicap_equino, descalificado) VALUES (10000112, 'PASCASAS', 265, 833098046, 'ASAYE', 128559, 2, '57.66', '161.43', '18.7', false);
INSERT INTO participacion(jockey_persona_dni, equino_nombre, carrera_numero, carrera_encuentro_numero, stud_nombre, tiempo, andarivel, peso_jockey, talla_jockey, handicap_equino, descalificado) VALUES (10000010, 'LA LEYENDA BEDUINA DE LA CREACION DEL CABALLO', 265, 833098046, 'B.J.(Vguay.)', 152930, 3, '57.38', '148.69', '25.0', false);
INSERT INTO participacion(jockey_persona_dni, equino_nombre, carrera_numero, carrera_encuentro_numero, stud_nombre, tiempo, andarivel, peso_jockey, talla_jockey, handicap_equino, descalificado) VALUES (10000022, 'TIRO AL BLANCO', 273, 833098046, 'HARAS LAS EMMAS', 170570, 1, '59.16', '152.06', '4.8', false);
INSERT INTO participacion(jockey_persona_dni, equino_nombre, carrera_numero, carrera_encuentro_numero, stud_nombre, tiempo, andarivel, peso_jockey, talla_jockey, handicap_equino, descalificado) VALUES (10000124, 'KASZTANKA', 289, 833098046, 'LINDA SIEMPRE', 166424, 1, '53.72', '150.47', '28.7', false);
INSERT INTO participacion(jockey_persona_dni, equino_nombre, carrera_numero, carrera_encuentro_numero, stud_nombre, tiempo, andarivel, peso_jockey, talla_jockey, handicap_equino, descalificado) VALUES (10000067, 'DILU', 289, 833098046, 'LOS HERMANITOS (S.Fe)', 154183, 2, '62.97', '160.35', '65.2', false);
INSERT INTO participacion(jockey_persona_dni, equino_nombre, carrera_numero, carrera_encuentro_numero, stud_nombre, tiempo, andarivel, peso_jockey, talla_jockey, handicap_equino, descalificado) VALUES (10000037, 'CHING', 289, 833098046, 'DON LEOPOLDO', 162219, 3, '60.77', '145.06', '24.9', false);
INSERT INTO participacion(jockey_persona_dni, equino_nombre, carrera_numero, carrera_encuentro_numero, stud_nombre, tiempo, andarivel, peso_jockey, talla_jockey, handicap_equino, descalificado) VALUES (10000010, 'LA LEYENDA BEDUINA DE LA CREACION DEL CABALLO', 289, 833098046, 'B.J.(Vguay.)', 170038, 4, '59.60', '152.50', '22.8', false);
INSERT INTO participacion(jockey_persona_dni, equino_nombre, carrera_numero, carrera_encuentro_numero, stud_nombre, tiempo, andarivel, peso_jockey, talla_jockey, handicap_equino, descalificado) VALUES (10000115, 'MARENGO', 289, 833098046, '27 DE ABRIL', 153169, 5, '48.89', '163.75', '28.3', false);
INSERT INTO participacion(jockey_persona_dni, equino_nombre, carrera_numero, carrera_encuentro_numero, stud_nombre, tiempo, andarivel, peso_jockey, talla_jockey, handicap_equino, descalificado) VALUES (10000040, 'LA JACA PACA', 293, 833098046, 'JUBAFER', 151860, 1, '50.54', '159.91', '68.8', false);
INSERT INTO participacion(jockey_persona_dni, equino_nombre, carrera_numero, carrera_encuentro_numero, stud_nombre, tiempo, andarivel, peso_jockey, talla_jockey, handicap_equino, descalificado) VALUES (10000010, 'LA LEYENDA BEDUINA DE LA CREACION DEL CABALLO', 293, 833098046, 'B.J.(Vguay.)', 140587, 2, '65.06', '149.38', '29.0', false);
INSERT INTO participacion(jockey_persona_dni, equino_nombre, carrera_numero, carrera_encuentro_numero, stud_nombre, tiempo, andarivel, peso_jockey, talla_jockey, handicap_equino, descalificado) VALUES (10000115, 'MARENGO', 293, 833098046, '27 DE ABRIL', 137276, 3, '57.96', '164.18', '22.9', false);
INSERT INTO participacion(jockey_persona_dni, equino_nombre, carrera_numero, carrera_encuentro_numero, stud_nombre, tiempo, andarivel, peso_jockey, talla_jockey, handicap_equino, descalificado) VALUES (10000016, 'MARSALA', 293, 833098046, 'VAS-QUITO', 128927, 4, '61.71', '143.08', '27.9', false);
INSERT INTO participacion(jockey_persona_dni, equino_nombre, carrera_numero, carrera_encuentro_numero, stud_nombre, tiempo, andarivel, peso_jockey, talla_jockey, handicap_equino, descalificado) VALUES (10000025, 'STRYMON', 260, 1682999223, 'PASO LOPEZ (Azul)', 148491, 1, '62.49', '140.78', '21.7', false);
INSERT INTO participacion(jockey_persona_dni, equino_nombre, carrera_numero, carrera_encuentro_numero, stud_nombre, tiempo, andarivel, peso_jockey, talla_jockey, handicap_equino, descalificado) VALUES (10000082, 'SILVER BLAZE', 260, 1682999223, 'LA QUEBRADA', 173714, 2, '57.17', '158.67', '22.6', false);
INSERT INTO participacion(jockey_persona_dni, equino_nombre, carrera_numero, carrera_encuentro_numero, stud_nombre, tiempo, andarivel, peso_jockey, talla_jockey, handicap_equino, descalificado) VALUES (10000019, 'HAIZUN', 260, 1682999223, 'LOS GATEADOS (MDP)', 156275, 3, '50.50', '153.89', '48.4', false);
INSERT INTO participacion(jockey_persona_dni, equino_nombre, carrera_numero, carrera_encuentro_numero, stud_nombre, tiempo, andarivel, peso_jockey, talla_jockey, handicap_equino, descalificado) VALUES (10000055, 'MORZILLO', 279, 1682999223, 'NOE MAR', 120699, 1, '66.46', '144.52', '37.0', false);
INSERT INTO participacion(jockey_persona_dni, equino_nombre, carrera_numero, carrera_encuentro_numero, stud_nombre, tiempo, andarivel, peso_jockey, talla_jockey, handicap_equino, descalificado) VALUES (10000070, 'PALOMO', 280, 1682999223, 'EL GUASO', 144653, 8, '57.94', '150.04', '71.5', false);
INSERT INTO participacion(jockey_persona_dni, equino_nombre, carrera_numero, carrera_encuentro_numero, stud_nombre, tiempo, andarivel, peso_jockey, talla_jockey, handicap_equino, descalificado) VALUES (10000079, 'GENITOR', 280, 1682999223, 'LA CAMPANA', 121659, 9, '47.90', '139.82', '19.1', false);
INSERT INTO participacion(jockey_persona_dni, equino_nombre, carrera_numero, carrera_encuentro_numero, stud_nombre, tiempo, andarivel, peso_jockey, talla_jockey, handicap_equino, descalificado) VALUES (10000031, 'CAGANCHO', 298, 1682999223, 'FEDEX (Azul)', 140922, 1, '50.36', '146.71', '71.9', false);
INSERT INTO participacion(jockey_persona_dni, equino_nombre, carrera_numero, carrera_encuentro_numero, stud_nombre, tiempo, andarivel, peso_jockey, talla_jockey, handicap_equino, descalificado) VALUES (10000019, 'HAIZUN', 298, 1682999223, 'LOS GATEADOS (MDP)', 140687, 2, '45.57', '142.07', '55.0', false);
INSERT INTO participacion(jockey_persona_dni, equino_nombre, carrera_numero, carrera_encuentro_numero, stud_nombre, tiempo, andarivel, peso_jockey, talla_jockey, handicap_equino, descalificado) VALUES (10000097, 'TORDILLO', 298, 1682999223, 'ESEERREEFE', 172999, 3, '54.98', '134.30', '22.9', false);
INSERT INTO participacion(jockey_persona_dni, equino_nombre, carrera_numero, carrera_encuentro_numero, stud_nombre, tiempo, andarivel, peso_jockey, talla_jockey, handicap_equino, descalificado) VALUES (10000079, 'GENITOR', 298, 1682999223, 'LA CAMPANA', 121426, 4, '59.26', '142.52', '23.2', false);
INSERT INTO participacion(jockey_persona_dni, equino_nombre, carrera_numero, carrera_encuentro_numero, stud_nombre, tiempo, andarivel, peso_jockey, talla_jockey, handicap_equino, descalificado) VALUES (10000043, 'AS DE OROS', 298, 1682999223, 'EL MAXI', 161848, 5, '49.13', '146.25', '36.6', false);
INSERT INTO participacion(jockey_persona_dni, equino_nombre, carrera_numero, carrera_encuentro_numero, stud_nombre, tiempo, andarivel, peso_jockey, talla_jockey, handicap_equino, descalificado) VALUES (10000082, 'SILVER BLAZE', 298, 1682999223, 'LA QUEBRADA', 163990, 6, '51.34', '154.05', '20.4', false);
INSERT INTO participacion(jockey_persona_dni, equino_nombre, carrera_numero, carrera_encuentro_numero, stud_nombre, tiempo, andarivel, peso_jockey, talla_jockey, handicap_equino, descalificado) VALUES (10000094, 'RED FOX', 298, 1682999223, 'VALLE DE LA LUNA', 125920, 7, '63.97', '138.48', '55.3', false);
INSERT INTO participacion(jockey_persona_dni, equino_nombre, carrera_numero, carrera_encuentro_numero, stud_nombre, tiempo, andarivel, peso_jockey, talla_jockey, handicap_equino, descalificado) VALUES (10000118, 'MR. ED', 304, 1682999223, 'PINO SOLO', 136805, 1, '53.29', '156.66', '11.6', false);
INSERT INTO participacion(jockey_persona_dni, equino_nombre, carrera_numero, carrera_encuentro_numero, stud_nombre, tiempo, andarivel, peso_jockey, talla_jockey, handicap_equino, descalificado) VALUES (10000046, 'NELSON', 304, 1682999223, 'EL PADRINO', 160924, 2, '46.25', '156.70', '33.3', false);
INSERT INTO participacion(jockey_persona_dni, equino_nombre, carrera_numero, carrera_encuentro_numero, stud_nombre, tiempo, andarivel, peso_jockey, talla_jockey, handicap_equino, descalificado) VALUES (10000055, 'MORZILLO', 304, 1682999223, 'NOE MAR', 143989, 3, '54.40', '142.55', '35.2', false);
INSERT INTO participacion(jockey_persona_dni, equino_nombre, carrera_numero, carrera_encuentro_numero, stud_nombre, tiempo, andarivel, peso_jockey, talla_jockey, handicap_equino, descalificado) VALUES (10000106, 'PASTOR', 304, 1682999223, 'LE FRAGOLE', 163278, 4, '47.19', '148.45', '46.4', false);
INSERT INTO participacion(jockey_persona_dni, equino_nombre, carrera_numero, carrera_encuentro_numero, stud_nombre, tiempo, andarivel, peso_jockey, talla_jockey, handicap_equino, descalificado) VALUES (10000109, 'JINN', 304, 1682999223, 'LA PROVIDENCIA', 164963, 5, '53.85', '160.52', '78.1', false);
INSERT INTO participacion(jockey_persona_dni, equino_nombre, carrera_numero, carrera_encuentro_numero, stud_nombre, tiempo, andarivel, peso_jockey, talla_jockey, handicap_equino, descalificado) VALUES (10000097, 'TORDILLO', 304, 1682999223, 'ESEERREEFE', 174898, 6, '51.59', '137.60', '30.8', false);
INSERT INTO participacion(jockey_persona_dni, equino_nombre, carrera_numero, carrera_encuentro_numero, stud_nombre, tiempo, andarivel, peso_jockey, talla_jockey, handicap_equino, descalificado) VALUES (10000073, 'SILVER', 304, 1682999223, 'LA CHUMBEADA', 133227, 7, '57.97', '156.47', '26.7', false);
INSERT INTO participacion(jockey_persona_dni, equino_nombre, carrera_numero, carrera_encuentro_numero, stud_nombre, tiempo, andarivel, peso_jockey, talla_jockey, handicap_equino, descalificado) VALUES (10000055, 'MORZILLO', 279, 110416228, 'NOE MAR', 155900, 2, '51.46', '151.06', '36.1', false);
INSERT INTO participacion(jockey_persona_dni, equino_nombre, carrera_numero, carrera_encuentro_numero, stud_nombre, tiempo, andarivel, peso_jockey, talla_jockey, handicap_equino, descalificado) VALUES (10000109, 'JINN', 279, 110416228, 'LA PROVIDENCIA', 170322, 3, '52.03', '158.71', '74.1', false);
INSERT INTO participacion(jockey_persona_dni, equino_nombre, carrera_numero, carrera_encuentro_numero, stud_nombre, tiempo, andarivel, peso_jockey, talla_jockey, handicap_equino, descalificado) VALUES (10000079, 'GENITOR', 279, 110416228, 'LA CAMPANA', 134125, 4, '49.53', '146.69', '24.9', false);
INSERT INTO participacion(jockey_persona_dni, equino_nombre, carrera_numero, carrera_encuentro_numero, stud_nombre, tiempo, andarivel, peso_jockey, talla_jockey, handicap_equino, descalificado) VALUES (10000088, 'EL PRIETO', 279, 110416228, 'CUCUNITO', 123793, 5, '54.80', '147.33', '64.3', false);
INSERT INTO participacion(jockey_persona_dni, equino_nombre, carrera_numero, carrera_encuentro_numero, stud_nombre, tiempo, andarivel, peso_jockey, talla_jockey, handicap_equino, descalificado) VALUES (10000025, 'STRYMON', 279, 110416228, 'PASO LOPEZ (Azul)', 145029, 6, '57.20', '148.64', '21.1', false);
INSERT INTO participacion(jockey_persona_dni, equino_nombre, carrera_numero, carrera_encuentro_numero, stud_nombre, tiempo, andarivel, peso_jockey, talla_jockey, handicap_equino, descalificado) VALUES (10000034, 'PEQUEÑO TIO', 279, 110416228, 'EL NEGRO', 169406, 7, '56.17', '150.44', '46.2', false);
INSERT INTO participacion(jockey_persona_dni, equino_nombre, carrera_numero, carrera_encuentro_numero, stud_nombre, tiempo, andarivel, peso_jockey, talla_jockey, handicap_equino, descalificado) VALUES (10000067, 'DILU', 284, 110416228, 'LOS HERMANITOS (S.Fe)', 154154, 1, '57.31', '154.34', '59.2', false);
INSERT INTO participacion(jockey_persona_dni, equino_nombre, carrera_numero, carrera_encuentro_numero, stud_nombre, tiempo, andarivel, peso_jockey, talla_jockey, handicap_equino, descalificado) VALUES (10000079, 'GENITOR', 284, 110416228, 'LA CAMPANA', 140158, 2, '61.71', '147.74', '28.3', false);
INSERT INTO participacion(jockey_persona_dni, equino_nombre, carrera_numero, carrera_encuentro_numero, stud_nombre, tiempo, andarivel, peso_jockey, talla_jockey, handicap_equino, descalificado) VALUES (10000019, 'HAIZUN', 284, 110416228, 'LOS GATEADOS (MDP)', 175005, 3, '57.33', '146.36', '49.6', false);
INSERT INTO participacion(jockey_persona_dni, equino_nombre, carrera_numero, carrera_encuentro_numero, stud_nombre, tiempo, andarivel, peso_jockey, talla_jockey, handicap_equino, descalificado) VALUES (10000052, 'CABALLO DE TROYA', 284, 110416228, 'CABO ALARCON', 134204, 4, '57.06', '148.37', '68.6', false);
INSERT INTO participacion(jockey_persona_dni, equino_nombre, carrera_numero, carrera_encuentro_numero, stud_nombre, tiempo, andarivel, peso_jockey, talla_jockey, handicap_equino, descalificado) VALUES (10000022, 'TIRO AL BLANCO', 284, 110416228, 'HARAS LAS EMMAS', 161734, 5, '46.35', '149.41', '11.0', false);
INSERT INTO participacion(jockey_persona_dni, equino_nombre, carrera_numero, carrera_encuentro_numero, stud_nombre, tiempo, andarivel, peso_jockey, talla_jockey, handicap_equino, descalificado) VALUES (10000097, 'TORDILLO', 292, 110416228, 'ESEERREEFE', 162202, 1, '56.41', '146.65', '22.5', false);
INSERT INTO participacion(jockey_persona_dni, equino_nombre, carrera_numero, carrera_encuentro_numero, stud_nombre, tiempo, andarivel, peso_jockey, talla_jockey, handicap_equino, descalificado) VALUES (10000064, 'JANTO/BALIO', 304, 110416228, 'BEVA-ALCA', 120756, 8, '60.13', '148.22', '22.2', false);
INSERT INTO participacion(jockey_persona_dni, equino_nombre, carrera_numero, carrera_encuentro_numero, stud_nombre, tiempo, andarivel, peso_jockey, talla_jockey, handicap_equino, descalificado) VALUES (10000121, 'PEGASO', 304, 110416228, 'QUEREUQUEN', 130761, 9, '64.40', '140.71', '46.9', false);
INSERT INTO participacion(jockey_persona_dni, equino_nombre, carrera_numero, carrera_encuentro_numero, stud_nombre, tiempo, andarivel, peso_jockey, talla_jockey, handicap_equino, descalificado) VALUES (10000073, 'SILVER', 304, 110416228, 'LA CHUMBEADA', 129364, 10, '57.51', '152.81', '25.8', false);
INSERT INTO participacion(jockey_persona_dni, equino_nombre, carrera_numero, carrera_encuentro_numero, stud_nombre, tiempo, andarivel, peso_jockey, talla_jockey, handicap_equino, descalificado) VALUES (10000124, 'KASZTANKA', 315, 110416228, 'LINDA SIEMPRE', 154280, 1, '49.85', '149.46', '32.3', false);
INSERT INTO participacion(jockey_persona_dni, equino_nombre, carrera_numero, carrera_encuentro_numero, stud_nombre, tiempo, andarivel, peso_jockey, talla_jockey, handicap_equino, descalificado) VALUES (10000085, 'JOLLY JUMPER', 315, 110416228, 'CUMENEYEN', 140765, 2, '64.42', '155.43', '35.6', false);
INSERT INTO participacion(jockey_persona_dni, equino_nombre, carrera_numero, carrera_encuentro_numero, stud_nombre, tiempo, andarivel, peso_jockey, talla_jockey, handicap_equino, descalificado) VALUES (10000001, 'IMPERIOSO', 315, 110416228, 'CAITO', 128589, 3, '52.44', '153.25', '57.9', false);
INSERT INTO participacion(jockey_persona_dni, equino_nombre, carrera_numero, carrera_encuentro_numero, stud_nombre, tiempo, andarivel, peso_jockey, talla_jockey, handicap_equino, descalificado) VALUES (10000004, 'PAMPERO', 286, 1301692606, 'MAM', 137590, 1, '48.38', '151.15', '20.9', false);
INSERT INTO participacion(jockey_persona_dni, equino_nombre, carrera_numero, carrera_encuentro_numero, stud_nombre, tiempo, andarivel, peso_jockey, talla_jockey, handicap_equino, descalificado) VALUES (10000073, 'SILVER', 286, 1301692606, 'LA CHUMBEADA', 134211, 2, '56.52', '154.38', '23.2', false);
INSERT INTO participacion(jockey_persona_dni, equino_nombre, carrera_numero, carrera_encuentro_numero, stud_nombre, tiempo, andarivel, peso_jockey, talla_jockey, handicap_equino, descalificado) VALUES (10000088, 'EL PRIETO', 286, 1301692606, 'CUCUNITO', 147580, 3, '56.95', '152.52', '67.0', false);
INSERT INTO participacion(jockey_persona_dni, equino_nombre, carrera_numero, carrera_encuentro_numero, stud_nombre, tiempo, andarivel, peso_jockey, talla_jockey, handicap_equino, descalificado) VALUES (10000028, 'ZAHAREÑO', 286, 1301692606, 'MOZO BACAN', 155091, 4, '56.56', '150.81', '57.5', false);
INSERT INTO participacion(jockey_persona_dni, equino_nombre, carrera_numero, carrera_encuentro_numero, stud_nombre, tiempo, andarivel, peso_jockey, talla_jockey, handicap_equino, descalificado) VALUES (10000034, 'PEQUEÑO TIO', 290, 1301692606, 'EL NEGRO', 142737, 1, '53.02', '155.01', '41.5', false);
INSERT INTO participacion(jockey_persona_dni, equino_nombre, carrera_numero, carrera_encuentro_numero, stud_nombre, tiempo, andarivel, peso_jockey, talla_jockey, handicap_equino, descalificado) VALUES (10000070, 'PALOMO', 290, 1301692606, 'EL GUASO', 167539, 2, '50.35', '153.32', '69.9', false);
INSERT INTO participacion(jockey_persona_dni, equino_nombre, carrera_numero, carrera_encuentro_numero, stud_nombre, tiempo, andarivel, peso_jockey, talla_jockey, handicap_equino, descalificado) VALUES (10000055, 'MORZILLO', 290, 1301692606, 'NOE MAR', 151144, 3, '65.48', '143.00', '28.1', false);
INSERT INTO participacion(jockey_persona_dni, equino_nombre, carrera_numero, carrera_encuentro_numero, stud_nombre, tiempo, andarivel, peso_jockey, talla_jockey, handicap_equino, descalificado) VALUES (10000025, 'STRYMON', 290, 1301692606, 'PASO LOPEZ (Azul)', 178150, 4, '53.57', '149.32', '19.6', false);
INSERT INTO participacion(jockey_persona_dni, equino_nombre, carrera_numero, carrera_encuentro_numero, stud_nombre, tiempo, andarivel, peso_jockey, talla_jockey, handicap_equino, descalificado) VALUES (10000001, 'IMPERIOSO', 290, 1301692606, 'CAITO', 127194, 5, '53.32', '145.67', '55.4', false);
INSERT INTO participacion(jockey_persona_dni, equino_nombre, carrera_numero, carrera_encuentro_numero, stud_nombre, tiempo, andarivel, peso_jockey, talla_jockey, handicap_equino, descalificado) VALUES (10000124, 'KASZTANKA', 301, 1301692606, 'LINDA SIEMPRE', 132245, 1, '46.13', '150.33', '35.5', false);
INSERT INTO participacion(jockey_persona_dni, equino_nombre, carrera_numero, carrera_encuentro_numero, stud_nombre, tiempo, andarivel, peso_jockey, talla_jockey, handicap_equino, descalificado) VALUES (10000037, 'CHING', 301, 1301692606, 'DON LEOPOLDO', 121721, 2, '61.19', '132.03', '19.4', false);
INSERT INTO participacion(jockey_persona_dni, equino_nombre, carrera_numero, carrera_encuentro_numero, stud_nombre, tiempo, andarivel, peso_jockey, talla_jockey, handicap_equino, descalificado) VALUES (10000115, 'MARENGO', 301, 1301692606, '27 DE ABRIL', 164918, 3, '54.34', '158.06', '24.0', false);
INSERT INTO participacion(jockey_persona_dni, equino_nombre, carrera_numero, carrera_encuentro_numero, stud_nombre, tiempo, andarivel, peso_jockey, talla_jockey, handicap_equino, descalificado) VALUES (10000010, 'LA LEYENDA BEDUINA DE LA CREACION DEL CABALLO', 301, 1301692606, 'B.J.(Vguay.)', 158587, 4, '63.42', '153.68', '22.1', false);
INSERT INTO participacion(jockey_persona_dni, equino_nombre, carrera_numero, carrera_encuentro_numero, stud_nombre, tiempo, andarivel, peso_jockey, talla_jockey, handicap_equino, descalificado) VALUES (10000040, 'LA JACA PACA', 301, 1301692606, 'JUBAFER', 150178, 5, '46.14', '154.69', '62.9', false);
INSERT INTO participacion(jockey_persona_dni, equino_nombre, carrera_numero, carrera_encuentro_numero, stud_nombre, tiempo, andarivel, peso_jockey, talla_jockey, handicap_equino, descalificado) VALUES (10000013, 'MAGNOLIA', 301, 1301692606, 'GENTE DE TURF', 145481, 6, '64.79', '159.94', '39.3', false);
INSERT INTO participacion(jockey_persona_dni, equino_nombre, carrera_numero, carrera_encuentro_numero, stud_nombre, tiempo, andarivel, peso_jockey, talla_jockey, handicap_equino, descalificado) VALUES (10000067, 'DILU', 301, 1301692606, 'LOS HERMANITOS (S.Fe)', 159205, 7, '53.02', '156.50', '66.5', false);
INSERT INTO participacion(jockey_persona_dni, equino_nombre, carrera_numero, carrera_encuentro_numero, stud_nombre, tiempo, andarivel, peso_jockey, talla_jockey, handicap_equino, descalificado) VALUES (10000109, 'JINN', 312, 1301692606, 'LA PROVIDENCIA', 138715, 1, '51.93', '160.42', '73.9', false);
INSERT INTO participacion(jockey_persona_dni, equino_nombre, carrera_numero, carrera_encuentro_numero, stud_nombre, tiempo, andarivel, peso_jockey, talla_jockey, handicap_equino, descalificado) VALUES (10000076, 'SALVADOR', 312, 1301692606, 'LOS 4 ASES', 156031, 2, '48.23', '139.67', '72.2', false);
INSERT INTO participacion(jockey_persona_dni, equino_nombre, carrera_numero, carrera_encuentro_numero, stud_nombre, tiempo, andarivel, peso_jockey, talla_jockey, handicap_equino, descalificado) VALUES (10000031, 'CAGANCHO', 312, 1301692606, 'FEDEX (Azul)', 134845, 3, '51.12', '147.68', '63.8', false);
INSERT INTO participacion(jockey_persona_dni, equino_nombre, carrera_numero, carrera_encuentro_numero, stud_nombre, tiempo, andarivel, peso_jockey, talla_jockey, handicap_equino, descalificado) VALUES (10000100, 'HENGROEN', 312, 1301692606, 'MIRABELLA', 132520, 4, '54.01', '144.62', '32.4', false);
INSERT INTO participacion(jockey_persona_dni, equino_nombre, carrera_numero, carrera_encuentro_numero, stud_nombre, tiempo, andarivel, peso_jockey, talla_jockey, handicap_equino, descalificado) VALUES (10000040, 'LA JACA PACA', 312, 1301692606, 'JUBAFER', 163641, 5, '53.98', '160.95', '63.3', false);
INSERT INTO participacion(jockey_persona_dni, equino_nombre, carrera_numero, carrera_encuentro_numero, stud_nombre, tiempo, andarivel, peso_jockey, talla_jockey, handicap_equino, descalificado) VALUES (10000115, 'MARENGO', 312, 1301692606, '27 DE ABRIL', 150543, 6, '55.14', '159.17', '22.1', false);
INSERT INTO participacion(jockey_persona_dni, equino_nombre, carrera_numero, carrera_encuentro_numero, stud_nombre, tiempo, andarivel, peso_jockey, talla_jockey, handicap_equino, descalificado) VALUES (10000034, 'PEQUEÑO TIO', 328, 1301692606, 'EL NEGRO', 154630, 1, '52.15', '148.84', '41.3', false);
INSERT INTO participacion(jockey_persona_dni, equino_nombre, carrera_numero, carrera_encuentro_numero, stud_nombre, tiempo, andarivel, peso_jockey, talla_jockey, handicap_equino, descalificado) VALUES (10000046, 'NELSON', 297, 98622557, 'EL PADRINO', 122285, 1, '50.74', '151.05', '30.0', false);
INSERT INTO participacion(jockey_persona_dni, equino_nombre, carrera_numero, carrera_encuentro_numero, stud_nombre, tiempo, andarivel, peso_jockey, talla_jockey, handicap_equino, descalificado) VALUES (10000124, 'KASZTANKA', 297, 98622557, 'LINDA SIEMPRE', 147998, 2, '49.27', '145.65', '34.4', false);
INSERT INTO participacion(jockey_persona_dni, equino_nombre, carrera_numero, carrera_encuentro_numero, stud_nombre, tiempo, andarivel, peso_jockey, talla_jockey, handicap_equino, descalificado) VALUES (10000007, 'PALMICHE', 297, 98622557, 'GAUCHITO GIL', 131760, 3, '49.97', '144.56', '70.5', false);
INSERT INTO participacion(jockey_persona_dni, equino_nombre, carrera_numero, carrera_encuentro_numero, stud_nombre, tiempo, andarivel, peso_jockey, talla_jockey, handicap_equino, descalificado) VALUES (10000067, 'DILU', 297, 98622557, 'LOS HERMANITOS (S.Fe)', 152439, 4, '49.84', '163.01', '63.2', false);
INSERT INTO participacion(jockey_persona_dni, equino_nombre, carrera_numero, carrera_encuentro_numero, stud_nombre, tiempo, andarivel, peso_jockey, talla_jockey, handicap_equino, descalificado) VALUES (10000067, 'DILU', 306, 98622557, 'LOS HERMANITOS (S.Fe)', 146967, 1, '55.09', '157.38', '60.8', false);
INSERT INTO participacion(jockey_persona_dni, equino_nombre, carrera_numero, carrera_encuentro_numero, stud_nombre, tiempo, andarivel, peso_jockey, talla_jockey, handicap_equino, descalificado) VALUES (10000010, 'LA LEYENDA BEDUINA DE LA CREACION DEL CABALLO', 306, 98622557, 'B.J.(Vguay.)', 172757, 2, '65.08', '155.74', '24.4', false);
INSERT INTO participacion(jockey_persona_dni, equino_nombre, carrera_numero, carrera_encuentro_numero, stud_nombre, tiempo, andarivel, peso_jockey, talla_jockey, handicap_equino, descalificado) VALUES (10000112, 'PASCASAS', 306, 98622557, 'ASAYE', 126013, 3, '59.83', '155.62', '25.1', false);
INSERT INTO participacion(jockey_persona_dni, equino_nombre, carrera_numero, carrera_encuentro_numero, stud_nombre, tiempo, andarivel, peso_jockey, talla_jockey, handicap_equino, descalificado) VALUES (10000016, 'MARSALA', 306, 98622557, 'VAS-QUITO', 133192, 4, '64.22', '139.75', '27.4', false);
INSERT INTO participacion(jockey_persona_dni, equino_nombre, carrera_numero, carrera_encuentro_numero, stud_nombre, tiempo, andarivel, peso_jockey, talla_jockey, handicap_equino, descalificado) VALUES (10000040, 'LA JACA PACA', 306, 98622557, 'JUBAFER', 159588, 5, '54.70', '155.60', '62.7', false);
INSERT INTO participacion(jockey_persona_dni, equino_nombre, carrera_numero, carrera_encuentro_numero, stud_nombre, tiempo, andarivel, peso_jockey, talla_jockey, handicap_equino, descalificado) VALUES (10000115, 'MARENGO', 306, 98622557, '27 DE ABRIL', 134724, 6, '57.99', '150.19', '23.2', false);
INSERT INTO participacion(jockey_persona_dni, equino_nombre, carrera_numero, carrera_encuentro_numero, stud_nombre, tiempo, andarivel, peso_jockey, talla_jockey, handicap_equino, descalificado) VALUES (10000013, 'MAGNOLIA', 311, 98622557, 'GENTE DE TURF', 156505, 1, '65.96', '156.43', '34.6', false);
INSERT INTO participacion(jockey_persona_dni, equino_nombre, carrera_numero, carrera_encuentro_numero, stud_nombre, tiempo, andarivel, peso_jockey, talla_jockey, handicap_equino, descalificado) VALUES (10000118, 'MR. ED', 311, 98622557, 'PINO SOLO', 155032, 2, '55.64', '154.73', '17.5', false);
INSERT INTO participacion(jockey_persona_dni, equino_nombre, carrera_numero, carrera_encuentro_numero, stud_nombre, tiempo, andarivel, peso_jockey, talla_jockey, handicap_equino, descalificado) VALUES (10000121, 'PEGASO', 311, 98622557, 'QUEREUQUEN', 148257, 3, '62.28', '142.61', '46.7', false);
INSERT INTO participacion(jockey_persona_dni, equino_nombre, carrera_numero, carrera_encuentro_numero, stud_nombre, tiempo, andarivel, peso_jockey, talla_jockey, handicap_equino, descalificado) VALUES (10000100, 'HENGROEN', 311, 98622557, 'MIRABELLA', 178907, 4, '59.44', '148.17', '32.7', false);
INSERT INTO participacion(jockey_persona_dni, equino_nombre, carrera_numero, carrera_encuentro_numero, stud_nombre, tiempo, andarivel, peso_jockey, talla_jockey, handicap_equino, descalificado) VALUES (10000025, 'STRYMON', 311, 98622557, 'PASO LOPEZ (Azul)', 173563, 5, '56.28', '147.31', '23.2', false);
INSERT INTO participacion(jockey_persona_dni, equino_nombre, carrera_numero, carrera_encuentro_numero, stud_nombre, tiempo, andarivel, peso_jockey, talla_jockey, handicap_equino, descalificado) VALUES (10000112, 'PASCASAS', 329, 98622557, 'ASAYE', 146519, 1, '59.25', '156.08', '22.0', false);
INSERT INTO participacion(jockey_persona_dni, equino_nombre, carrera_numero, carrera_encuentro_numero, stud_nombre, tiempo, andarivel, peso_jockey, talla_jockey, handicap_equino, descalificado) VALUES (10000115, 'MARENGO', 329, 98622557, '27 DE ABRIL', 167119, 2, '59.93', '163.17', '21.5', false);
INSERT INTO participacion(jockey_persona_dni, equino_nombre, carrera_numero, carrera_encuentro_numero, stud_nombre, tiempo, andarivel, peso_jockey, talla_jockey, handicap_equino, descalificado) VALUES (10000067, 'DILU', 329, 98622557, 'LOS HERMANITOS (S.Fe)', 151809, 3, '58.02', '161.77', '66.9', false);
INSERT INTO participacion(jockey_persona_dni, equino_nombre, carrera_numero, carrera_encuentro_numero, stud_nombre, tiempo, andarivel, peso_jockey, talla_jockey, handicap_equino, descalificado) VALUES (10000016, 'MARSALA', 329, 98622557, 'VAS-QUITO', 142957, 4, '53.03', '148.37', '31.1', false);
INSERT INTO participacion(jockey_persona_dni, equino_nombre, carrera_numero, carrera_encuentro_numero, stud_nombre, tiempo, andarivel, peso_jockey, talla_jockey, handicap_equino, descalificado) VALUES (10000103, 'KANTAKA', 329, 98622557, 'L.A. (LP)', 162643, 5, '48.87', '166.26', '27.3', false);
INSERT INTO participacion(jockey_persona_dni, equino_nombre, carrera_numero, carrera_encuentro_numero, stud_nombre, tiempo, andarivel, peso_jockey, talla_jockey, handicap_equino, descalificado) VALUES (10000040, 'LA JACA PACA', 329, 98622557, 'JUBAFER', 176736, 6, '49.54', '147.49', '67.1', false);
INSERT INTO participacion(jockey_persona_dni, equino_nombre, carrera_numero, carrera_encuentro_numero, stud_nombre, tiempo, andarivel, peso_jockey, talla_jockey, handicap_equino, descalificado) VALUES (10000115, 'MARENGO', 337, 98622557, '27 DE ABRIL', 161744, 1, '54.29', '160.87', '22.8', false);
INSERT INTO participacion(jockey_persona_dni, equino_nombre, carrera_numero, carrera_encuentro_numero, stud_nombre, tiempo, andarivel, peso_jockey, talla_jockey, handicap_equino, descalificado) VALUES (10000097, 'TORDILLO', 337, 98622557, 'ESEERREEFE', 174217, 2, '46.39', '147.94', '23.0', false);
INSERT INTO participacion(jockey_persona_dni, equino_nombre, carrera_numero, carrera_encuentro_numero, stud_nombre, tiempo, andarivel, peso_jockey, talla_jockey, handicap_equino, descalificado) VALUES (10000019, 'HAIZUN', 337, 98622557, 'LOS GATEADOS (MDP)', 152658, 3, '51.67', '148.53', '48.7', false);
INSERT INTO participacion(jockey_persona_dni, equino_nombre, carrera_numero, carrera_encuentro_numero, stud_nombre, tiempo, andarivel, peso_jockey, talla_jockey, handicap_equino, descalificado) VALUES (10000109, 'JINN', 337, 98622557, 'LA PROVIDENCIA', 133973, 4, '55.67', '163.82', '80.2', false);
INSERT INTO participacion(jockey_persona_dni, equino_nombre, carrera_numero, carrera_encuentro_numero, stud_nombre, tiempo, andarivel, peso_jockey, talla_jockey, handicap_equino, descalificado) VALUES (10000058, 'SOMBRA GRIS', 337, 98622557, 'LOS COLORADOS', 158783, 5, '54.71', '144.60', '67.4', false);
INSERT INTO participacion(jockey_persona_dni, equino_nombre, carrera_numero, carrera_encuentro_numero, stud_nombre, tiempo, andarivel, peso_jockey, talla_jockey, handicap_equino, descalificado) VALUES (10000031, 'CAGANCHO', 337, 98622557, 'FEDEX (Azul)', 148326, 6, '53.13', '153.66', '68.4', false);
INSERT INTO participacion(jockey_persona_dni, equino_nombre, carrera_numero, carrera_encuentro_numero, stud_nombre, tiempo, andarivel, peso_jockey, talla_jockey, handicap_equino, descalificado) VALUES (10000028, 'ZAHAREÑO', 337, 98622557, 'MOZO BACAN', 138396, 7, '54.11', '151.17', '54.7', false);
INSERT INTO participacion(jockey_persona_dni, equino_nombre, carrera_numero, carrera_encuentro_numero, stud_nombre, tiempo, andarivel, peso_jockey, talla_jockey, handicap_equino, descalificado) VALUES (10000016, 'MARSALA', 307, 1723464339, 'VAS-QUITO', 145446, 1, '58.43', '142.11', '24.8', false);
INSERT INTO participacion(jockey_persona_dni, equino_nombre, carrera_numero, carrera_encuentro_numero, stud_nombre, tiempo, andarivel, peso_jockey, talla_jockey, handicap_equino, descalificado) VALUES (10000055, 'MORZILLO', 314, 1723464339, 'NOE MAR', 120210, 1, '57.54', '137.71', '36.3', false);
INSERT INTO participacion(jockey_persona_dni, equino_nombre, carrera_numero, carrera_encuentro_numero, stud_nombre, tiempo, andarivel, peso_jockey, talla_jockey, handicap_equino, descalificado) VALUES (10000094, 'RED FOX', 314, 1723464339, 'VALLE DE LA LUNA', 128190, 2, '65.55', '152.89', '63.5', false);
INSERT INTO participacion(jockey_persona_dni, equino_nombre, carrera_numero, carrera_encuentro_numero, stud_nombre, tiempo, andarivel, peso_jockey, talla_jockey, handicap_equino, descalificado) VALUES (10000049, 'BUCEFALO', 314, 1723464339, 'LAS TUTIS', 167597, 3, '53.32', '145.68', '56.9', false);
INSERT INTO participacion(jockey_persona_dni, equino_nombre, carrera_numero, carrera_encuentro_numero, stud_nombre, tiempo, andarivel, peso_jockey, talla_jockey, handicap_equino, descalificado) VALUES (10000022, 'TIRO AL BLANCO', 314, 1723464339, 'HARAS LAS EMMAS', 174285, 4, '55.36', '147.73', '3.0', false);
INSERT INTO participacion(jockey_persona_dni, equino_nombre, carrera_numero, carrera_encuentro_numero, stud_nombre, tiempo, andarivel, peso_jockey, talla_jockey, handicap_equino, descalificado) VALUES (10000010, 'LA LEYENDA BEDUINA DE LA CREACION DEL CABALLO', 314, 1723464339, 'B.J.(Vguay.)', 129848, 5, '54.82', '149.87', '31.1', false);
INSERT INTO participacion(jockey_persona_dni, equino_nombre, carrera_numero, carrera_encuentro_numero, stud_nombre, tiempo, andarivel, peso_jockey, talla_jockey, handicap_equino, descalificado) VALUES (10000103, 'KANTAKA', 314, 1723464339, 'L.A. (LP)', 167642, 6, '55.78', '166.09', '24.6', false);
INSERT INTO participacion(jockey_persona_dni, equino_nombre, carrera_numero, carrera_encuentro_numero, stud_nombre, tiempo, andarivel, peso_jockey, talla_jockey, handicap_equino, descalificado) VALUES (10000049, 'BUCEFALO', 320, 1723464339, 'LAS TUTIS', 176431, 1, '58.44', '139.32', '55.0', false);
INSERT INTO participacion(jockey_persona_dni, equino_nombre, carrera_numero, carrera_encuentro_numero, stud_nombre, tiempo, andarivel, peso_jockey, talla_jockey, handicap_equino, descalificado) VALUES (10000022, 'TIRO AL BLANCO', 320, 1723464339, 'HARAS LAS EMMAS', 169509, 2, '52.39', '155.22', '9.3', false);
INSERT INTO participacion(jockey_persona_dni, equino_nombre, carrera_numero, carrera_encuentro_numero, stud_nombre, tiempo, andarivel, peso_jockey, talla_jockey, handicap_equino, descalificado) VALUES (10000028, 'ZAHAREÑO', 320, 1723464339, 'MOZO BACAN', 145427, 3, '49.71', '161.27', '55.9', false);
INSERT INTO participacion(jockey_persona_dni, equino_nombre, carrera_numero, carrera_encuentro_numero, stud_nombre, tiempo, andarivel, peso_jockey, talla_jockey, handicap_equino, descalificado) VALUES (10000031, 'CAGANCHO', 320, 1723464339, 'FEDEX (Azul)', 148130, 4, '50.20', '142.29', '66.9', false);
INSERT INTO participacion(jockey_persona_dni, equino_nombre, carrera_numero, carrera_encuentro_numero, stud_nombre, tiempo, andarivel, peso_jockey, talla_jockey, handicap_equino, descalificado) VALUES (10000088, 'EL PRIETO', 333, 1723464339, 'CUCUNITO', 130288, 1, '59.57', '153.23', '68.9', false);
INSERT INTO participacion(jockey_persona_dni, equino_nombre, carrera_numero, carrera_encuentro_numero, stud_nombre, tiempo, andarivel, peso_jockey, talla_jockey, handicap_equino, descalificado) VALUES (10000070, 'PALOMO', 333, 1723464339, 'EL GUASO', 131588, 2, '54.28', '146.15', '73.7', false);
INSERT INTO participacion(jockey_persona_dni, equino_nombre, carrera_numero, carrera_encuentro_numero, stud_nombre, tiempo, andarivel, peso_jockey, talla_jockey, handicap_equino, descalificado) VALUES (10000049, 'BUCEFALO', 342, 1723464339, 'LAS TUTIS', 146576, 1, '56.79', '145.83', '53.4', false);
INSERT INTO participacion(jockey_persona_dni, equino_nombre, carrera_numero, carrera_encuentro_numero, stud_nombre, tiempo, andarivel, peso_jockey, talla_jockey, handicap_equino, descalificado) VALUES (10000055, 'MORZILLO', 342, 1723464339, 'NOE MAR', 120302, 2, '55.20', '141.47', '32.2', false);
INSERT INTO participacion(jockey_persona_dni, equino_nombre, carrera_numero, carrera_encuentro_numero, stud_nombre, tiempo, andarivel, peso_jockey, talla_jockey, handicap_equino, descalificado) VALUES (10000028, 'ZAHAREÑO', 342, 1723464339, 'MOZO BACAN', 122572, 3, '47.84', '152.88', '51.1', false);
INSERT INTO participacion(jockey_persona_dni, equino_nombre, carrera_numero, carrera_encuentro_numero, stud_nombre, tiempo, andarivel, peso_jockey, talla_jockey, handicap_equino, descalificado) VALUES (10000109, 'JINN', 310, 1374618649, 'LA PROVIDENCIA', 122068, 1, '56.26', '158.02', '79.1', false);
INSERT INTO participacion(jockey_persona_dni, equino_nombre, carrera_numero, carrera_encuentro_numero, stud_nombre, tiempo, andarivel, peso_jockey, talla_jockey, handicap_equino, descalificado) VALUES (10000019, 'HAIZUN', 310, 1374618649, 'LOS GATEADOS (MDP)', 164267, 2, '53.07', '147.92', '53.8', false);
INSERT INTO participacion(jockey_persona_dni, equino_nombre, carrera_numero, carrera_encuentro_numero, stud_nombre, tiempo, andarivel, peso_jockey, talla_jockey, handicap_equino, descalificado) VALUES (10000097, 'TORDILLO', 310, 1374618649, 'ESEERREEFE', 160115, 3, '51.72', '136.40', '22.6', false);
INSERT INTO participacion(jockey_persona_dni, equino_nombre, carrera_numero, carrera_encuentro_numero, stud_nombre, tiempo, andarivel, peso_jockey, talla_jockey, handicap_equino, descalificado) VALUES (10000058, 'SOMBRA GRIS', 310, 1374618649, 'LOS COLORADOS', 135484, 4, '49.89', '143.64', '67.0', false);
INSERT INTO participacion(jockey_persona_dni, equino_nombre, carrera_numero, carrera_encuentro_numero, stud_nombre, tiempo, andarivel, peso_jockey, talla_jockey, handicap_equino, descalificado) VALUES (10000106, 'PASTOR', 310, 1374618649, 'LE FRAGOLE', 175704, 5, '50.31', '140.65', '42.7', false);
INSERT INTO participacion(jockey_persona_dni, equino_nombre, carrera_numero, carrera_encuentro_numero, stud_nombre, tiempo, andarivel, peso_jockey, talla_jockey, handicap_equino, descalificado) VALUES (10000103, 'KANTAKA', 320, 1374618649, 'L.A. (LP)', 172449, 5, '59.77', '159.64', '26.4', false);
INSERT INTO participacion(jockey_persona_dni, equino_nombre, carrera_numero, carrera_encuentro_numero, stud_nombre, tiempo, andarivel, peso_jockey, talla_jockey, handicap_equino, descalificado) VALUES (10000124, 'KASZTANKA', 320, 1374618649, 'LINDA SIEMPRE', 135857, 6, '49.33', '146.46', '30.5', false);
INSERT INTO participacion(jockey_persona_dni, equino_nombre, carrera_numero, carrera_encuentro_numero, stud_nombre, tiempo, andarivel, peso_jockey, talla_jockey, handicap_equino, descalificado) VALUES (10000115, 'MARENGO', 320, 1374618649, '27 DE ABRIL', 128623, 7, '53.05', '153.22', '22.9', false);
INSERT INTO participacion(jockey_persona_dni, equino_nombre, carrera_numero, carrera_encuentro_numero, stud_nombre, tiempo, andarivel, peso_jockey, talla_jockey, handicap_equino, descalificado) VALUES (10000067, 'DILU', 320, 1374618649, 'LOS HERMANITOS (S.Fe)', 131331, 8, '56.09', '160.01', '60.1', false);
INSERT INTO participacion(jockey_persona_dni, equino_nombre, carrera_numero, carrera_encuentro_numero, stud_nombre, tiempo, andarivel, peso_jockey, talla_jockey, handicap_equino, descalificado) VALUES (10000013, 'MAGNOLIA', 320, 1374618649, 'GENTE DE TURF', 122863, 9, '61.91', '152.91', '40.7', false);
INSERT INTO participacion(jockey_persona_dni, equino_nombre, carrera_numero, carrera_encuentro_numero, stud_nombre, tiempo, andarivel, peso_jockey, talla_jockey, handicap_equino, descalificado) VALUES (10000016, 'MARSALA', 320, 1374618649, 'VAS-QUITO', 145456, 10, '63.05', '142.46', '33.4', false);
INSERT INTO participacion(jockey_persona_dni, equino_nombre, carrera_numero, carrera_encuentro_numero, stud_nombre, tiempo, andarivel, peso_jockey, talla_jockey, handicap_equino, descalificado) VALUES (10000085, 'JOLLY JUMPER', 334, 1374618649, 'CUMENEYEN', 177637, 1, '55.50', '152.79', '31.3', false);
INSERT INTO participacion(jockey_persona_dni, equino_nombre, carrera_numero, carrera_encuentro_numero, stud_nombre, tiempo, andarivel, peso_jockey, talla_jockey, handicap_equino, descalificado) VALUES (10000121, 'PEGASO', 342, 1374618649, 'QUEREUQUEN', 123028, 4, '55.96', '142.05', '47.5', false);
INSERT INTO participacion(jockey_persona_dni, equino_nombre, carrera_numero, carrera_encuentro_numero, stud_nombre, tiempo, andarivel, peso_jockey, talla_jockey, handicap_equino, descalificado) VALUES (10000097, 'TORDILLO', 342, 1374618649, 'ESEERREEFE', 152681, 5, '54.19', '137.10', '26.6', false);
INSERT INTO participacion(jockey_persona_dni, equino_nombre, carrera_numero, carrera_encuentro_numero, stud_nombre, tiempo, andarivel, peso_jockey, talla_jockey, handicap_equino, descalificado) VALUES (10000061, 'BLAKIE', 342, 1374618649, 'FIRMAMENTO', 148855, 6, '53.40', '158.93', '76.5', false);
INSERT INTO participacion(jockey_persona_dni, equino_nombre, carrera_numero, carrera_encuentro_numero, stud_nombre, tiempo, andarivel, peso_jockey, talla_jockey, handicap_equino, descalificado) VALUES (10000091, 'HIPOGRIFO', 342, 1374618649, 'EL ZAINO', 130444, 7, '55.54', '136.85', '57.3', false);
INSERT INTO participacion(jockey_persona_dni, equino_nombre, carrera_numero, carrera_encuentro_numero, stud_nombre, tiempo, andarivel, peso_jockey, talla_jockey, handicap_equino, descalificado) VALUES (10000004, 'PAMPERO', 342, 1374618649, 'MAM', 133790, 8, '50.10', '143.49', '21.4', false);
INSERT INTO participacion(jockey_persona_dni, equino_nombre, carrera_numero, carrera_encuentro_numero, stud_nombre, tiempo, andarivel, peso_jockey, talla_jockey, handicap_equino, descalificado) VALUES (10000055, 'MORZILLO', 342, 1374618649, 'NOE MAR', 172571, 9, '56.83', '148.67', '31.0', false);
INSERT INTO participacion(jockey_persona_dni, equino_nombre, carrera_numero, carrera_encuentro_numero, stud_nombre, tiempo, andarivel, peso_jockey, talla_jockey, handicap_equino, descalificado) VALUES (10000010, 'LA LEYENDA BEDUINA DE LA CREACION DEL CABALLO', 359, 1374618649, 'B.J.(Vguay.)', 140540, 1, '56.59', '146.47', '30.3', false);
INSERT INTO participacion(jockey_persona_dni, equino_nombre, carrera_numero, carrera_encuentro_numero, stud_nombre, tiempo, andarivel, peso_jockey, talla_jockey, handicap_equino, descalificado) VALUES (10000067, 'DILU', 359, 1374618649, 'LOS HERMANITOS (S.Fe)', 132356, 2, '60.42', '159.16', '63.2', false);
INSERT INTO participacion(jockey_persona_dni, equino_nombre, carrera_numero, carrera_encuentro_numero, stud_nombre, tiempo, andarivel, peso_jockey, talla_jockey, handicap_equino, descalificado) VALUES (10000013, 'MAGNOLIA', 359, 1374618649, 'GENTE DE TURF', 167132, 3, '60.25', '166.77', '34.9', false);
INSERT INTO participacion(jockey_persona_dni, equino_nombre, carrera_numero, carrera_encuentro_numero, stud_nombre, tiempo, andarivel, peso_jockey, talla_jockey, handicap_equino, descalificado) VALUES (10000115, 'MARENGO', 359, 1374618649, '27 DE ABRIL', 173426, 4, '58.14', '159.73', '28.0', false);
INSERT INTO participacion(jockey_persona_dni, equino_nombre, carrera_numero, carrera_encuentro_numero, stud_nombre, tiempo, andarivel, peso_jockey, talla_jockey, handicap_equino, descalificado) VALUES (10000013, 'MAGNOLIA', 326, 1895915443, 'GENTE DE TURF', 126977, 1, '59.58', '167.39', '36.8', false);
INSERT INTO participacion(jockey_persona_dni, equino_nombre, carrera_numero, carrera_encuentro_numero, stud_nombre, tiempo, andarivel, peso_jockey, talla_jockey, handicap_equino, descalificado) VALUES (10000115, 'MARENGO', 326, 1895915443, '27 DE ABRIL', 154233, 2, '58.23', '148.58', '20.7', false);
INSERT INTO participacion(jockey_persona_dni, equino_nombre, carrera_numero, carrera_encuentro_numero, stud_nombre, tiempo, andarivel, peso_jockey, talla_jockey, handicap_equino, descalificado) VALUES (10000112, 'PASCASAS', 326, 1895915443, 'ASAYE', 129037, 3, '57.76', '159.55', '20.3', false);
INSERT INTO participacion(jockey_persona_dni, equino_nombre, carrera_numero, carrera_encuentro_numero, stud_nombre, tiempo, andarivel, peso_jockey, talla_jockey, handicap_equino, descalificado) VALUES (10000040, 'LA JACA PACA', 326, 1895915443, 'JUBAFER', 164420, 4, '50.53', '150.19', '67.7', false);
INSERT INTO participacion(jockey_persona_dni, equino_nombre, carrera_numero, carrera_encuentro_numero, stud_nombre, tiempo, andarivel, peso_jockey, talla_jockey, handicap_equino, descalificado) VALUES (10000037, 'CHING', 326, 1895915443, 'DON LEOPOLDO', 122727, 5, '60.43', '141.48', '23.1', false);
INSERT INTO participacion(jockey_persona_dni, equino_nombre, carrera_numero, carrera_encuentro_numero, stud_nombre, tiempo, andarivel, peso_jockey, talla_jockey, handicap_equino, descalificado) VALUES (10000037, 'CHING', 334, 1895915443, 'DON LEOPOLDO', 143764, 2, '51.78', '139.38', '24.0', false);
INSERT INTO participacion(jockey_persona_dni, equino_nombre, carrera_numero, carrera_encuentro_numero, stud_nombre, tiempo, andarivel, peso_jockey, talla_jockey, handicap_equino, descalificado) VALUES (10000112, 'PASCASAS', 334, 1895915443, 'ASAYE', 163365, 3, '55.45', '166.68', '18.4', false);
INSERT INTO participacion(jockey_persona_dni, equino_nombre, carrera_numero, carrera_encuentro_numero, stud_nombre, tiempo, andarivel, peso_jockey, talla_jockey, handicap_equino, descalificado) VALUES (10000124, 'KASZTANKA', 334, 1895915443, 'LINDA SIEMPRE', 165957, 4, '53.56', '145.58', '25.8', false);
INSERT INTO participacion(jockey_persona_dni, equino_nombre, carrera_numero, carrera_encuentro_numero, stud_nombre, tiempo, andarivel, peso_jockey, talla_jockey, handicap_equino, descalificado) VALUES (10000010, 'LA LEYENDA BEDUINA DE LA CREACION DEL CABALLO', 334, 1895915443, 'B.J.(Vguay.)', 163483, 5, '64.68', '154.60', '29.0', false);
INSERT INTO participacion(jockey_persona_dni, equino_nombre, carrera_numero, carrera_encuentro_numero, stud_nombre, tiempo, andarivel, peso_jockey, talla_jockey, handicap_equino, descalificado) VALUES (10000040, 'LA JACA PACA', 334, 1895915443, 'JUBAFER', 160318, 6, '59.88', '160.18', '69.3', false);
INSERT INTO participacion(jockey_persona_dni, equino_nombre, carrera_numero, carrera_encuentro_numero, stud_nombre, tiempo, andarivel, peso_jockey, talla_jockey, handicap_equino, descalificado) VALUES (10000115, 'MARENGO', 334, 1895915443, '27 DE ABRIL', 155292, 7, '60.91', '165.91', '24.1', false);
INSERT INTO participacion(jockey_persona_dni, equino_nombre, carrera_numero, carrera_encuentro_numero, stud_nombre, tiempo, andarivel, peso_jockey, talla_jockey, handicap_equino, descalificado) VALUES (10000082, 'SILVER BLAZE', 346, 1895915443, 'LA QUEBRADA', 165154, 1, '65.07', '159.50', '23.1', false);
INSERT INTO participacion(jockey_persona_dni, equino_nombre, carrera_numero, carrera_encuentro_numero, stud_nombre, tiempo, andarivel, peso_jockey, talla_jockey, handicap_equino, descalificado) VALUES (10000106, 'PASTOR', 346, 1895915443, 'LE FRAGOLE', 160692, 2, '59.69', '146.88', '39.4', false);
INSERT INTO participacion(jockey_persona_dni, equino_nombre, carrera_numero, carrera_encuentro_numero, stud_nombre, tiempo, andarivel, peso_jockey, talla_jockey, handicap_equino, descalificado) VALUES (10000088, 'EL PRIETO', 346, 1895915443, 'CUCUNITO', 133271, 3, '60.20', '149.78', '70.6', false);
INSERT INTO participacion(jockey_persona_dni, equino_nombre, carrera_numero, carrera_encuentro_numero, stud_nombre, tiempo, andarivel, peso_jockey, talla_jockey, handicap_equino, descalificado) VALUES (10000064, 'JANTO/BALIO', 346, 1895915443, 'BEVA-ALCA', 126060, 4, '48.95', '143.36', '27.5', false);
INSERT INTO participacion(jockey_persona_dni, equino_nombre, carrera_numero, carrera_encuentro_numero, stud_nombre, tiempo, andarivel, peso_jockey, talla_jockey, handicap_equino, descalificado) VALUES (10000121, 'PEGASO', 346, 1895915443, 'QUEREUQUEN', 146978, 5, '62.11', '138.52', '46.4', false);
INSERT INTO participacion(jockey_persona_dni, equino_nombre, carrera_numero, carrera_encuentro_numero, stud_nombre, tiempo, andarivel, peso_jockey, talla_jockey, handicap_equino, descalificado) VALUES (10000007, 'PALMICHE', 346, 1895915443, 'GAUCHITO GIL', 134430, 6, '48.23', '144.35', '67.5', false);
INSERT INTO participacion(jockey_persona_dni, equino_nombre, carrera_numero, carrera_encuentro_numero, stud_nombre, tiempo, andarivel, peso_jockey, talla_jockey, handicap_equino, descalificado) VALUES (10000055, 'MORZILLO', 346, 1895915443, 'NOE MAR', 146584, 7, '56.99', '144.94', '28.1', false);
INSERT INTO participacion(jockey_persona_dni, equino_nombre, carrera_numero, carrera_encuentro_numero, stud_nombre, tiempo, andarivel, peso_jockey, talla_jockey, handicap_equino, descalificado) VALUES (10000091, 'HIPOGRIFO', 359, 1895915443, 'EL ZAINO', 152884, 5, '53.90', '149.55', '56.7', false);
INSERT INTO participacion(jockey_persona_dni, equino_nombre, carrera_numero, carrera_encuentro_numero, stud_nombre, tiempo, andarivel, peso_jockey, talla_jockey, handicap_equino, descalificado) VALUES (10000118, 'MR. ED', 359, 1895915443, 'PINO SOLO', 132303, 6, '54.20', '155.21', '16.3', false);
INSERT INTO participacion(jockey_persona_dni, equino_nombre, carrera_numero, carrera_encuentro_numero, stud_nombre, tiempo, andarivel, peso_jockey, talla_jockey, handicap_equino, descalificado) VALUES (10000088, 'EL PRIETO', 359, 1895915443, 'CUCUNITO', 122141, 7, '50.70', '141.35', '66.2', false);
INSERT INTO participacion(jockey_persona_dni, equino_nombre, carrera_numero, carrera_encuentro_numero, stud_nombre, tiempo, andarivel, peso_jockey, talla_jockey, handicap_equino, descalificado) VALUES (10000064, 'JANTO/BALIO', 359, 1895915443, 'BEVA-ALCA', 125444, 8, '45.28', '151.25', '27.6', false);
INSERT INTO participacion(jockey_persona_dni, equino_nombre, carrera_numero, carrera_encuentro_numero, stud_nombre, tiempo, andarivel, peso_jockey, talla_jockey, handicap_equino, descalificado) VALUES (10000055, 'MORZILLO', 364, 1895915443, 'NOE MAR', 141696, 1, '54.55', '144.67', '33.8', false);
INSERT INTO participacion(jockey_persona_dni, equino_nombre, carrera_numero, carrera_encuentro_numero, stud_nombre, tiempo, andarivel, peso_jockey, talla_jockey, handicap_equino, descalificado) VALUES (10000061, 'BLAKIE', 364, 1895915443, 'FIRMAMENTO', 158406, 2, '54.20', '150.42', '72.7', false);
INSERT INTO participacion(jockey_persona_dni, equino_nombre, carrera_numero, carrera_encuentro_numero, stud_nombre, tiempo, andarivel, peso_jockey, talla_jockey, handicap_equino, descalificado) VALUES (10000109, 'JINN', 364, 1895915443, 'LA PROVIDENCIA', 160592, 3, '59.44', '156.75', '74.0', false);
INSERT INTO participacion(jockey_persona_dni, equino_nombre, carrera_numero, carrera_encuentro_numero, stud_nombre, tiempo, andarivel, peso_jockey, talla_jockey, handicap_equino, descalificado) VALUES (10000025, 'STRYMON', 364, 1895915443, 'PASO LOPEZ (Azul)', 162365, 4, '54.21', '148.28', '16.0', false);
INSERT INTO participacion(jockey_persona_dni, equino_nombre, carrera_numero, carrera_encuentro_numero, stud_nombre, tiempo, andarivel, peso_jockey, talla_jockey, handicap_equino, descalificado) VALUES (10000031, 'CAGANCHO', 331, 2133624102, 'FEDEX (Azul)', 159369, 1, '51.01', '141.67', '69.8', false);
INSERT INTO participacion(jockey_persona_dni, equino_nombre, carrera_numero, carrera_encuentro_numero, stud_nombre, tiempo, andarivel, peso_jockey, talla_jockey, handicap_equino, descalificado) VALUES (10000097, 'TORDILLO', 331, 2133624102, 'ESEERREEFE', 166000, 2, '50.10', '132.83', '22.2', false);
INSERT INTO participacion(jockey_persona_dni, equino_nombre, carrera_numero, carrera_encuentro_numero, stud_nombre, tiempo, andarivel, peso_jockey, talla_jockey, handicap_equino, descalificado) VALUES (10000094, 'RED FOX', 340, 2133624102, 'VALLE DE LA LUNA', 152048, 1, '55.85', '148.91', '60.3', false);
INSERT INTO participacion(jockey_persona_dni, equino_nombre, carrera_numero, carrera_encuentro_numero, stud_nombre, tiempo, andarivel, peso_jockey, talla_jockey, handicap_equino, descalificado) VALUES (10000076, 'SALVADOR', 340, 2133624102, 'LOS 4 ASES', 167395, 2, '52.49', '139.18', '79.4', false);
INSERT INTO participacion(jockey_persona_dni, equino_nombre, carrera_numero, carrera_encuentro_numero, stud_nombre, tiempo, andarivel, peso_jockey, talla_jockey, handicap_equino, descalificado) VALUES (10000013, 'MAGNOLIA', 340, 2133624102, 'GENTE DE TURF', 121218, 3, '60.82', '159.70', '38.6', false);
INSERT INTO participacion(jockey_persona_dni, equino_nombre, carrera_numero, carrera_encuentro_numero, stud_nombre, tiempo, andarivel, peso_jockey, talla_jockey, handicap_equino, descalificado) VALUES (10000037, 'CHING', 340, 2133624102, 'DON LEOPOLDO', 161935, 4, '61.31', '148.70', '17.8', false);
INSERT INTO participacion(jockey_persona_dni, equino_nombre, carrera_numero, carrera_encuentro_numero, stud_nombre, tiempo, andarivel, peso_jockey, talla_jockey, handicap_equino, descalificado) VALUES (10000082, 'SILVER BLAZE', 340, 2133624102, 'LA QUEBRADA', 136903, 5, '65.27', '155.95', '16.3', false);
INSERT INTO participacion(jockey_persona_dni, equino_nombre, carrera_numero, carrera_encuentro_numero, stud_nombre, tiempo, andarivel, peso_jockey, talla_jockey, handicap_equino, descalificado) VALUES (10000055, 'MORZILLO', 340, 2133624102, 'NOE MAR', 160365, 6, '58.66', '141.86', '34.5', false);
INSERT INTO participacion(jockey_persona_dni, equino_nombre, carrera_numero, carrera_encuentro_numero, stud_nombre, tiempo, andarivel, peso_jockey, talla_jockey, handicap_equino, descalificado) VALUES (10000013, 'MAGNOLIA', 354, 2133624102, 'GENTE DE TURF', 145286, 1, '59.29', '160.55', '41.5', false);
INSERT INTO participacion(jockey_persona_dni, equino_nombre, carrera_numero, carrera_encuentro_numero, stud_nombre, tiempo, andarivel, peso_jockey, talla_jockey, handicap_equino, descalificado) VALUES (10000094, 'RED FOX', 362, 2133624102, 'VALLE DE LA LUNA', 159762, 1, '57.07', '151.73', '60.6', false);
INSERT INTO participacion(jockey_persona_dni, equino_nombre, carrera_numero, carrera_encuentro_numero, stud_nombre, tiempo, andarivel, peso_jockey, talla_jockey, handicap_equino, descalificado) VALUES (10000022, 'TIRO AL BLANCO', 362, 2133624102, 'HARAS LAS EMMAS', 165518, 2, '49.80', '153.26', '7.3', false);
INSERT INTO participacion(jockey_persona_dni, equino_nombre, carrera_numero, carrera_encuentro_numero, stud_nombre, tiempo, andarivel, peso_jockey, talla_jockey, handicap_equino, descalificado) VALUES (10000109, 'JINN', 362, 2133624102, 'LA PROVIDENCIA', 161435, 3, '47.77', '157.35', '73.8', false);
INSERT INTO participacion(jockey_persona_dni, equino_nombre, carrera_numero, carrera_encuentro_numero, stud_nombre, tiempo, andarivel, peso_jockey, talla_jockey, handicap_equino, descalificado) VALUES (10000088, 'EL PRIETO', 362, 2133624102, 'CUCUNITO', 152678, 4, '51.18', '142.46', '70.6', false);
INSERT INTO participacion(jockey_persona_dni, equino_nombre, carrera_numero, carrera_encuentro_numero, stud_nombre, tiempo, andarivel, peso_jockey, talla_jockey, handicap_equino, descalificado) VALUES (10000058, 'SOMBRA GRIS', 362, 2133624102, 'LOS COLORADOS', 176084, 5, '65.95', '144.12', '60.7', false);
INSERT INTO participacion(jockey_persona_dni, equino_nombre, carrera_numero, carrera_encuentro_numero, stud_nombre, tiempo, andarivel, peso_jockey, talla_jockey, handicap_equino, descalificado) VALUES (10000007, 'PALMICHE', 362, 2133624102, 'GAUCHITO GIL', 169762, 6, '51.40', '140.69', '67.1', false);
INSERT INTO participacion(jockey_persona_dni, equino_nombre, carrera_numero, carrera_encuentro_numero, stud_nombre, tiempo, andarivel, peso_jockey, talla_jockey, handicap_equino, descalificado) VALUES (10000058, 'SOMBRA GRIS', 377, 2133624102, 'LOS COLORADOS', 129636, 1, '58.66', '152.20', '68.8', false);
INSERT INTO participacion(jockey_persona_dni, equino_nombre, carrera_numero, carrera_encuentro_numero, stud_nombre, tiempo, andarivel, peso_jockey, talla_jockey, handicap_equino, descalificado) VALUES (10000076, 'SALVADOR', 377, 2133624102, 'LOS 4 ASES', 151423, 2, '50.75', '134.55', '76.9', false);
INSERT INTO participacion(jockey_persona_dni, equino_nombre, carrera_numero, carrera_encuentro_numero, stud_nombre, tiempo, andarivel, peso_jockey, talla_jockey, handicap_equino, descalificado) VALUES (10000112, 'PASCASAS', 377, 2133624102, 'ASAYE', 147338, 3, '61.70', '150.22', '20.7', false);
INSERT INTO participacion(jockey_persona_dni, equino_nombre, carrera_numero, carrera_encuentro_numero, stud_nombre, tiempo, andarivel, peso_jockey, talla_jockey, handicap_equino, descalificado) VALUES (10000022, 'TIRO AL BLANCO', 344, 576927987, 'HARAS LAS EMMAS', 160038, 1, '56.50', '146.41', '6.0', false);
INSERT INTO participacion(jockey_persona_dni, equino_nombre, carrera_numero, carrera_encuentro_numero, stud_nombre, tiempo, andarivel, peso_jockey, talla_jockey, handicap_equino, descalificado) VALUES (10000052, 'CABALLO DE TROYA', 344, 576927987, 'CABO ALARCON', 161263, 2, '62.35', '160.35', '60.7', false);
INSERT INTO participacion(jockey_persona_dni, equino_nombre, carrera_numero, carrera_encuentro_numero, stud_nombre, tiempo, andarivel, peso_jockey, talla_jockey, handicap_equino, descalificado) VALUES (10000043, 'AS DE OROS', 344, 576927987, 'EL MAXI', 122834, 3, '50.46', '154.87', '39.9', false);
INSERT INTO participacion(jockey_persona_dni, equino_nombre, carrera_numero, carrera_encuentro_numero, stud_nombre, tiempo, andarivel, peso_jockey, talla_jockey, handicap_equino, descalificado) VALUES (10000028, 'ZAHAREÑO', 344, 576927987, 'MOZO BACAN', 176590, 4, '55.46', '151.79', '48.7', false);
INSERT INTO participacion(jockey_persona_dni, equino_nombre, carrera_numero, carrera_encuentro_numero, stud_nombre, tiempo, andarivel, peso_jockey, talla_jockey, handicap_equino, descalificado) VALUES (10000106, 'PASTOR', 344, 576927987, 'LE FRAGOLE', 124730, 5, '63.34', '136.81', '42.4', false);
INSERT INTO participacion(jockey_persona_dni, equino_nombre, carrera_numero, carrera_encuentro_numero, stud_nombre, tiempo, andarivel, peso_jockey, talla_jockey, handicap_equino, descalificado) VALUES (10000019, 'HAIZUN', 344, 576927987, 'LOS GATEADOS (MDP)', 156994, 6, '54.61', '147.09', '49.9', false);
INSERT INTO participacion(jockey_persona_dni, equino_nombre, carrera_numero, carrera_encuentro_numero, stud_nombre, tiempo, andarivel, peso_jockey, talla_jockey, handicap_equino, descalificado) VALUES (10000016, 'MARSALA', 356, 576927987, 'VAS-QUITO', 158277, 1, '58.07', '139.20', '23.5', false);
INSERT INTO participacion(jockey_persona_dni, equino_nombre, carrera_numero, carrera_encuentro_numero, stud_nombre, tiempo, andarivel, peso_jockey, talla_jockey, handicap_equino, descalificado) VALUES (10000067, 'DILU', 356, 576927987, 'LOS HERMANITOS (S.Fe)', 144470, 2, '56.65', '166.02', '67.3', false);
INSERT INTO participacion(jockey_persona_dni, equino_nombre, carrera_numero, carrera_encuentro_numero, stud_nombre, tiempo, andarivel, peso_jockey, talla_jockey, handicap_equino, descalificado) VALUES (10000037, 'CHING', 356, 576927987, 'DON LEOPOLDO', 137766, 3, '57.35', '137.10', '26.9', false);
INSERT INTO participacion(jockey_persona_dni, equino_nombre, carrera_numero, carrera_encuentro_numero, stud_nombre, tiempo, andarivel, peso_jockey, talla_jockey, handicap_equino, descalificado) VALUES (10000112, 'PASCASAS', 356, 576927987, 'ASAYE', 127703, 4, '58.51', '158.06', '21.9', false);
INSERT INTO participacion(jockey_persona_dni, equino_nombre, carrera_numero, carrera_encuentro_numero, stud_nombre, tiempo, andarivel, peso_jockey, talla_jockey, handicap_equino, descalificado) VALUES (10000010, 'LA LEYENDA BEDUINA DE LA CREACION DEL CABALLO', 356, 576927987, 'B.J.(Vguay.)', 122257, 5, '52.44', '151.17', '26.7', false);
INSERT INTO participacion(jockey_persona_dni, equino_nombre, carrera_numero, carrera_encuentro_numero, stud_nombre, tiempo, andarivel, peso_jockey, talla_jockey, handicap_equino, descalificado) VALUES (10000079, 'GENITOR', 368, 576927987, 'LA CAMPANA', 131006, 1, '53.02', '146.32', '27.7', false);
INSERT INTO participacion(jockey_persona_dni, equino_nombre, carrera_numero, carrera_encuentro_numero, stud_nombre, tiempo, andarivel, peso_jockey, talla_jockey, handicap_equino, descalificado) VALUES (10000040, 'LA JACA PACA', 368, 576927987, 'JUBAFER', 172628, 2, '61.83', '159.05', '65.9', false);
INSERT INTO participacion(jockey_persona_dni, equino_nombre, carrera_numero, carrera_encuentro_numero, stud_nombre, tiempo, andarivel, peso_jockey, talla_jockey, handicap_equino, descalificado) VALUES (10000061, 'BLAKIE', 368, 576927987, 'FIRMAMENTO', 150616, 3, '55.31', '150.01', '70.6', false);
INSERT INTO participacion(jockey_persona_dni, equino_nombre, carrera_numero, carrera_encuentro_numero, stud_nombre, tiempo, andarivel, peso_jockey, talla_jockey, handicap_equino, descalificado) VALUES (10000010, 'LA LEYENDA BEDUINA DE LA CREACION DEL CABALLO', 368, 576927987, 'B.J.(Vguay.)', 128810, 4, '54.66', '146.87', '24.0', false);
INSERT INTO participacion(jockey_persona_dni, equino_nombre, carrera_numero, carrera_encuentro_numero, stud_nombre, tiempo, andarivel, peso_jockey, talla_jockey, handicap_equino, descalificado) VALUES (10000106, 'PASTOR', 374, 576927987, 'LE FRAGOLE', 132281, 1, '51.05', '138.53', '45.3', false);
INSERT INTO participacion(jockey_persona_dni, equino_nombre, carrera_numero, carrera_encuentro_numero, stud_nombre, tiempo, andarivel, peso_jockey, talla_jockey, handicap_equino, descalificado) VALUES (10000025, 'STRYMON', 374, 576927987, 'PASO LOPEZ (Azul)', 155204, 2, '56.14', '145.19', '17.5', false);
INSERT INTO participacion(jockey_persona_dni, equino_nombre, carrera_numero, carrera_encuentro_numero, stud_nombre, tiempo, andarivel, peso_jockey, talla_jockey, handicap_equino, descalificado) VALUES (10000004, 'PAMPERO', 385, 576927987, 'MAM', 131907, 1, '48.46', '155.78', '24.5', false);
INSERT INTO participacion(jockey_persona_dni, equino_nombre, carrera_numero, carrera_encuentro_numero, stud_nombre, tiempo, andarivel, peso_jockey, talla_jockey, handicap_equino, descalificado) VALUES (10000034, 'PEQUEÑO TIO', 385, 576927987, 'EL NEGRO', 156694, 2, '57.93', '156.98', '46.6', false);
INSERT INTO participacion(jockey_persona_dni, equino_nombre, carrera_numero, carrera_encuentro_numero, stud_nombre, tiempo, andarivel, peso_jockey, talla_jockey, handicap_equino, descalificado) VALUES (10000097, 'TORDILLO', 385, 576927987, 'ESEERREEFE', 123790, 3, '53.50', '145.12', '21.4', false);
INSERT INTO participacion(jockey_persona_dni, equino_nombre, carrera_numero, carrera_encuentro_numero, stud_nombre, tiempo, andarivel, peso_jockey, talla_jockey, handicap_equino, descalificado) VALUES (10000010, 'LA LEYENDA BEDUINA DE LA CREACION DEL CABALLO', 385, 576927987, 'B.J.(Vguay.)', 125318, 4, '61.10', '140.53', '26.0', false);
INSERT INTO participacion(jockey_persona_dni, equino_nombre, carrera_numero, carrera_encuentro_numero, stud_nombre, tiempo, andarivel, peso_jockey, talla_jockey, handicap_equino, descalificado) VALUES (10000112, 'PASCASAS', 354, 2080435929, 'ASAYE', 151628, 2, '58.06', '155.54', '16.7', false);
INSERT INTO participacion(jockey_persona_dni, equino_nombre, carrera_numero, carrera_encuentro_numero, stud_nombre, tiempo, andarivel, peso_jockey, talla_jockey, handicap_equino, descalificado) VALUES (10000013, 'MAGNOLIA', 354, 2080435929, 'GENTE DE TURF', 152779, 3, '60.02', '162.27', '39.0', false);
INSERT INTO participacion(jockey_persona_dni, equino_nombre, carrera_numero, carrera_encuentro_numero, stud_nombre, tiempo, andarivel, peso_jockey, talla_jockey, handicap_equino, descalificado) VALUES (10000010, 'LA LEYENDA BEDUINA DE LA CREACION DEL CABALLO', 354, 2080435929, 'B.J.(Vguay.)', 167062, 4, '63.01', '152.18', '29.1', false);
INSERT INTO participacion(jockey_persona_dni, equino_nombre, carrera_numero, carrera_encuentro_numero, stud_nombre, tiempo, andarivel, peso_jockey, talla_jockey, handicap_equino, descalificado) VALUES (10000016, 'MARSALA', 354, 2080435929, 'VAS-QUITO', 174132, 5, '62.65', '142.39', '23.7', false);
INSERT INTO participacion(jockey_persona_dni, equino_nombre, carrera_numero, carrera_encuentro_numero, stud_nombre, tiempo, andarivel, peso_jockey, talla_jockey, handicap_equino, descalificado) VALUES (10000040, 'LA JACA PACA', 354, 2080435929, 'JUBAFER', 140901, 6, '53.27', '154.40', '71.0', false);
INSERT INTO participacion(jockey_persona_dni, equino_nombre, carrera_numero, carrera_encuentro_numero, stud_nombre, tiempo, andarivel, peso_jockey, talla_jockey, handicap_equino, descalificado) VALUES (10000052, 'CABALLO DE TROYA', 366, 2080435929, 'CABO ALARCON', 171217, 1, '52.80', '156.50', '68.2', false);
INSERT INTO participacion(jockey_persona_dni, equino_nombre, carrera_numero, carrera_encuentro_numero, stud_nombre, tiempo, andarivel, peso_jockey, talla_jockey, handicap_equino, descalificado) VALUES (10000103, 'KANTAKA', 366, 2080435929, 'L.A. (LP)', 167737, 2, '52.14', '157.38', '26.2', false);
INSERT INTO participacion(jockey_persona_dni, equino_nombre, carrera_numero, carrera_encuentro_numero, stud_nombre, tiempo, andarivel, peso_jockey, talla_jockey, handicap_equino, descalificado) VALUES (10000055, 'MORZILLO', 366, 2080435929, 'NOE MAR', 136627, 3, '58.52', '138.91', '34.3', false);
INSERT INTO participacion(jockey_persona_dni, equino_nombre, carrera_numero, carrera_encuentro_numero, stud_nombre, tiempo, andarivel, peso_jockey, talla_jockey, handicap_equino, descalificado) VALUES (10000079, 'GENITOR', 366, 2080435929, 'LA CAMPANA', 166281, 4, '51.13', '136.29', '26.0', false);
INSERT INTO participacion(jockey_persona_dni, equino_nombre, carrera_numero, carrera_encuentro_numero, stud_nombre, tiempo, andarivel, peso_jockey, talla_jockey, handicap_equino, descalificado) VALUES (10000076, 'SALVADOR', 366, 2080435929, 'LOS 4 ASES', 166797, 5, '46.82', '136.07', '70.6', false);
INSERT INTO participacion(jockey_persona_dni, equino_nombre, carrera_numero, carrera_encuentro_numero, stud_nombre, tiempo, andarivel, peso_jockey, talla_jockey, handicap_equino, descalificado) VALUES (10000007, 'PALMICHE', 366, 2080435929, 'GAUCHITO GIL', 158490, 6, '56.17', '147.36', '71.6', false);
INSERT INTO participacion(jockey_persona_dni, equino_nombre, carrera_numero, carrera_encuentro_numero, stud_nombre, tiempo, andarivel, peso_jockey, talla_jockey, handicap_equino, descalificado) VALUES (10000088, 'EL PRIETO', 373, 2080435929, 'CUCUNITO', 142633, 1, '60.43', '143.16', '72.2', false);
INSERT INTO participacion(jockey_persona_dni, equino_nombre, carrera_numero, carrera_encuentro_numero, stud_nombre, tiempo, andarivel, peso_jockey, talla_jockey, handicap_equino, descalificado) VALUES (10000109, 'JINN', 373, 2080435929, 'LA PROVIDENCIA', 121714, 2, '43.92', '149.99', '79.6', false);
INSERT INTO participacion(jockey_persona_dni, equino_nombre, carrera_numero, carrera_encuentro_numero, stud_nombre, tiempo, andarivel, peso_jockey, talla_jockey, handicap_equino, descalificado) VALUES (10000100, 'HENGROEN', 373, 2080435929, 'MIRABELLA', 126351, 3, '56.66', '140.49', '27.1', false);
INSERT INTO participacion(jockey_persona_dni, equino_nombre, carrera_numero, carrera_encuentro_numero, stud_nombre, tiempo, andarivel, peso_jockey, talla_jockey, handicap_equino, descalificado) VALUES (10000106, 'PASTOR', 373, 2080435929, 'LE FRAGOLE', 141280, 4, '50.85', '144.00', '42.7', false);
INSERT INTO participacion(jockey_persona_dni, equino_nombre, carrera_numero, carrera_encuentro_numero, stud_nombre, tiempo, andarivel, peso_jockey, talla_jockey, handicap_equino, descalificado) VALUES (10000091, 'HIPOGRIFO', 373, 2080435929, 'EL ZAINO', 141088, 5, '55.50', '135.60', '62.4', false);
INSERT INTO participacion(jockey_persona_dni, equino_nombre, carrera_numero, carrera_encuentro_numero, stud_nombre, tiempo, andarivel, peso_jockey, talla_jockey, handicap_equino, descalificado) VALUES (10000043, 'AS DE OROS', 381, 2080435929, 'EL MAXI', 138790, 1, '59.93', '144.86', '35.6', false);
INSERT INTO participacion(jockey_persona_dni, equino_nombre, carrera_numero, carrera_encuentro_numero, stud_nombre, tiempo, andarivel, peso_jockey, talla_jockey, handicap_equino, descalificado) VALUES (10000121, 'PEGASO', 381, 2080435929, 'QUEREUQUEN', 161027, 2, '51.38', '143.35', '45.7', false);
INSERT INTO participacion(jockey_persona_dni, equino_nombre, carrera_numero, carrera_encuentro_numero, stud_nombre, tiempo, andarivel, peso_jockey, talla_jockey, handicap_equino, descalificado) VALUES (10000016, 'MARSALA', 381, 2080435929, 'VAS-QUITO', 170790, 3, '61.42', '148.64', '26.2', false);
INSERT INTO participacion(jockey_persona_dni, equino_nombre, carrera_numero, carrera_encuentro_numero, stud_nombre, tiempo, andarivel, peso_jockey, talla_jockey, handicap_equino, descalificado) VALUES (10000031, 'CAGANCHO', 381, 2080435929, 'FEDEX (Azul)', 166816, 4, '55.20', '142.01', '68.3', false);
INSERT INTO participacion(jockey_persona_dni, equino_nombre, carrera_numero, carrera_encuentro_numero, stud_nombre, tiempo, andarivel, peso_jockey, talla_jockey, handicap_equino, descalificado) VALUES (10000094, 'RED FOX', 381, 2080435929, 'VALLE DE LA LUNA', 134616, 5, '57.17', '143.49', '56.4', false);
INSERT INTO participacion(jockey_persona_dni, equino_nombre, carrera_numero, carrera_encuentro_numero, stud_nombre, tiempo, andarivel, peso_jockey, talla_jockey, handicap_equino, descalificado) VALUES (10000058, 'SOMBRA GRIS', 396, 2080435929, 'LOS COLORADOS', 174072, 1, '56.10', '143.61', '67.9', false);
INSERT INTO participacion(jockey_persona_dni, equino_nombre, carrera_numero, carrera_encuentro_numero, stud_nombre, tiempo, andarivel, peso_jockey, talla_jockey, handicap_equino, descalificado) VALUES (10000106, 'PASTOR', 396, 2080435929, 'LE FRAGOLE', 165087, 2, '50.34', '140.69', '40.2', false);
INSERT INTO participacion(jockey_persona_dni, equino_nombre, carrera_numero, carrera_encuentro_numero, stud_nombre, tiempo, andarivel, peso_jockey, talla_jockey, handicap_equino, descalificado) VALUES (10000022, 'TIRO AL BLANCO', 396, 2080435929, 'HARAS LAS EMMAS', 130914, 3, '55.21', '146.29', '3.1', false);
INSERT INTO participacion(jockey_persona_dni, equino_nombre, carrera_numero, carrera_encuentro_numero, stud_nombre, tiempo, andarivel, peso_jockey, talla_jockey, handicap_equino, descalificado) VALUES (10000007, 'PALMICHE', 396, 2080435929, 'GAUCHITO GIL', 174962, 4, '50.09', '143.95', '69.1', false);
INSERT INTO participacion(jockey_persona_dni, equino_nombre, carrera_numero, carrera_encuentro_numero, stud_nombre, tiempo, andarivel, peso_jockey, talla_jockey, handicap_equino, descalificado) VALUES (10000118, 'MR. ED', 396, 2080435929, 'PINO SOLO', 127018, 5, '52.80', '160.55', '19.6', false);
INSERT INTO participacion(jockey_persona_dni, equino_nombre, carrera_numero, carrera_encuentro_numero, stud_nombre, tiempo, andarivel, peso_jockey, talla_jockey, handicap_equino, descalificado) VALUES (10000007, 'PALMICHE', 360, 344741339, 'GAUCHITO GIL', 175887, 1, '49.97', '140.71', '67.5', false);
INSERT INTO participacion(jockey_persona_dni, equino_nombre, carrera_numero, carrera_encuentro_numero, stud_nombre, tiempo, andarivel, peso_jockey, talla_jockey, handicap_equino, descalificado) VALUES (10000064, 'JANTO/BALIO', 360, 344741339, 'BEVA-ALCA', 144597, 2, '57.14', '146.40', '24.1', false);
INSERT INTO participacion(jockey_persona_dni, equino_nombre, carrera_numero, carrera_encuentro_numero, stud_nombre, tiempo, andarivel, peso_jockey, talla_jockey, handicap_equino, descalificado) VALUES (10000040, 'LA JACA PACA', 374, 344741339, 'JUBAFER', 160703, 3, '53.73', '150.87', '69.0', false);
INSERT INTO participacion(jockey_persona_dni, equino_nombre, carrera_numero, carrera_encuentro_numero, stud_nombre, tiempo, andarivel, peso_jockey, talla_jockey, handicap_equino, descalificado) VALUES (10000097, 'TORDILLO', 374, 344741339, 'ESEERREEFE', 140644, 4, '47.08', '132.64', '21.7', false);
INSERT INTO participacion(jockey_persona_dni, equino_nombre, carrera_numero, carrera_encuentro_numero, stud_nombre, tiempo, andarivel, peso_jockey, talla_jockey, handicap_equino, descalificado) VALUES (10000106, 'PASTOR', 374, 344741339, 'LE FRAGOLE', 147092, 5, '60.27', '142.64', '47.2', false);
INSERT INTO participacion(jockey_persona_dni, equino_nombre, carrera_numero, carrera_encuentro_numero, stud_nombre, tiempo, andarivel, peso_jockey, talla_jockey, handicap_equino, descalificado) VALUES (10000103, 'KANTAKA', 374, 344741339, 'L.A. (LP)', 154375, 6, '60.87', '156.60', '27.5', false);
INSERT INTO participacion(jockey_persona_dni, equino_nombre, carrera_numero, carrera_encuentro_numero, stud_nombre, tiempo, andarivel, peso_jockey, talla_jockey, handicap_equino, descalificado) VALUES (10000055, 'MORZILLO', 374, 344741339, 'NOE MAR', 138846, 7, '58.49', '147.87', '32.0', false);
INSERT INTO participacion(jockey_persona_dni, equino_nombre, carrera_numero, carrera_encuentro_numero, stud_nombre, tiempo, andarivel, peso_jockey, talla_jockey, handicap_equino, descalificado) VALUES (10000082, 'SILVER BLAZE', 387, 344741339, 'LA QUEBRADA', 145793, 1, '47.43', '152.56', '20.6', false);
INSERT INTO participacion(jockey_persona_dni, equino_nombre, carrera_numero, carrera_encuentro_numero, stud_nombre, tiempo, andarivel, peso_jockey, talla_jockey, handicap_equino, descalificado) VALUES (10000007, 'PALMICHE', 387, 344741339, 'GAUCHITO GIL', 167809, 2, '45.45', '142.24', '65.1', false);
INSERT INTO participacion(jockey_persona_dni, equino_nombre, carrera_numero, carrera_encuentro_numero, stud_nombre, tiempo, andarivel, peso_jockey, talla_jockey, handicap_equino, descalificado) VALUES (10000013, 'MAGNOLIA', 387, 344741339, 'GENTE DE TURF', 152311, 3, '61.36', '162.21', '32.2', false);
INSERT INTO participacion(jockey_persona_dni, equino_nombre, carrera_numero, carrera_encuentro_numero, stud_nombre, tiempo, andarivel, peso_jockey, talla_jockey, handicap_equino, descalificado) VALUES (10000091, 'HIPOGRIFO', 387, 344741339, 'EL ZAINO', 150316, 4, '61.33', '138.22', '58.0', false);
INSERT INTO participacion(jockey_persona_dni, equino_nombre, carrera_numero, carrera_encuentro_numero, stud_nombre, tiempo, andarivel, peso_jockey, talla_jockey, handicap_equino, descalificado) VALUES (10000088, 'EL PRIETO', 387, 344741339, 'CUCUNITO', 133144, 5, '47.99', '151.97', '63.4', false);
INSERT INTO participacion(jockey_persona_dni, equino_nombre, carrera_numero, carrera_encuentro_numero, stud_nombre, tiempo, andarivel, peso_jockey, talla_jockey, handicap_equino, descalificado) VALUES (10000121, 'PEGASO', 387, 344741339, 'QUEREUQUEN', 135066, 6, '55.89', '143.71', '39.0', false);
INSERT INTO participacion(jockey_persona_dni, equino_nombre, carrera_numero, carrera_encuentro_numero, stud_nombre, tiempo, andarivel, peso_jockey, talla_jockey, handicap_equino, descalificado) VALUES (10000004, 'PAMPERO', 394, 344741339, 'MAM', 148559, 1, '56.19', '151.62', '27.3', false);
INSERT INTO participacion(jockey_persona_dni, equino_nombre, carrera_numero, carrera_encuentro_numero, stud_nombre, tiempo, andarivel, peso_jockey, talla_jockey, handicap_equino, descalificado) VALUES (10000085, 'JOLLY JUMPER', 400, 344741339, 'CUMENEYEN', 171266, 1, '61.40', '153.56', '33.3', false);
INSERT INTO participacion(jockey_persona_dni, equino_nombre, carrera_numero, carrera_encuentro_numero, stud_nombre, tiempo, andarivel, peso_jockey, talla_jockey, handicap_equino, descalificado) VALUES (10000091, 'HIPOGRIFO', 400, 344741339, 'EL ZAINO', 120184, 2, '52.12', '142.30', '58.7', false);
INSERT INTO participacion(jockey_persona_dni, equino_nombre, carrera_numero, carrera_encuentro_numero, stud_nombre, tiempo, andarivel, peso_jockey, talla_jockey, handicap_equino, descalificado) VALUES (10000043, 'AS DE OROS', 400, 344741339, 'EL MAXI', 126995, 3, '54.71', '151.80', '31.2', false);
INSERT INTO participacion(jockey_persona_dni, equino_nombre, carrera_numero, carrera_encuentro_numero, stud_nombre, tiempo, andarivel, peso_jockey, talla_jockey, handicap_equino, descalificado) VALUES (10000058, 'SOMBRA GRIS', 400, 344741339, 'LOS COLORADOS', 122575, 4, '63.22', '151.37', '63.4', false);
INSERT INTO participacion(jockey_persona_dni, equino_nombre, carrera_numero, carrera_encuentro_numero, stud_nombre, tiempo, andarivel, peso_jockey, talla_jockey, handicap_equino, descalificado) VALUES (10000037, 'CHING', 375, 1955072712, 'DON LEOPOLDO', 146267, 1, '62.03', '142.71', '20.1', false);
INSERT INTO participacion(jockey_persona_dni, equino_nombre, carrera_numero, carrera_encuentro_numero, stud_nombre, tiempo, andarivel, peso_jockey, talla_jockey, handicap_equino, descalificado) VALUES (10000109, 'JINN', 375, 1955072712, 'LA PROVIDENCIA', 172470, 2, '50.29', '158.66', '77.2', false);
INSERT INTO participacion(jockey_persona_dni, equino_nombre, carrera_numero, carrera_encuentro_numero, stud_nombre, tiempo, andarivel, peso_jockey, talla_jockey, handicap_equino, descalificado) VALUES (10000097, 'TORDILLO', 375, 1955072712, 'ESEERREEFE', 135405, 3, '55.21', '131.41', '30.4', false);
INSERT INTO participacion(jockey_persona_dni, equino_nombre, carrera_numero, carrera_encuentro_numero, stud_nombre, tiempo, andarivel, peso_jockey, talla_jockey, handicap_equino, descalificado) VALUES (10000073, 'SILVER', 375, 1955072712, 'LA CHUMBEADA', 157737, 4, '62.73', '149.62', '22.3', false);
INSERT INTO participacion(jockey_persona_dni, equino_nombre, carrera_numero, carrera_encuentro_numero, stud_nombre, tiempo, andarivel, peso_jockey, talla_jockey, handicap_equino, descalificado) VALUES (10000091, 'HIPOGRIFO', 386, 1955072712, 'EL ZAINO', 172464, 1, '54.05', '139.17', '55.3', false);
INSERT INTO participacion(jockey_persona_dni, equino_nombre, carrera_numero, carrera_encuentro_numero, stud_nombre, tiempo, andarivel, peso_jockey, talla_jockey, handicap_equino, descalificado) VALUES (10000016, 'MARSALA', 386, 1955072712, 'VAS-QUITO', 155766, 2, '59.65', '146.39', '31.7', false);
INSERT INTO participacion(jockey_persona_dni, equino_nombre, carrera_numero, carrera_encuentro_numero, stud_nombre, tiempo, andarivel, peso_jockey, talla_jockey, handicap_equino, descalificado) VALUES (10000121, 'PEGASO', 386, 1955072712, 'QUEREUQUEN', 130389, 3, '57.07', '142.61', '39.0', false);
INSERT INTO participacion(jockey_persona_dni, equino_nombre, carrera_numero, carrera_encuentro_numero, stud_nombre, tiempo, andarivel, peso_jockey, talla_jockey, handicap_equino, descalificado) VALUES (10000124, 'KASZTANKA', 386, 1955072712, 'LINDA SIEMPRE', 156220, 4, '46.06', '143.94', '29.9', false);
INSERT INTO participacion(jockey_persona_dni, equino_nombre, carrera_numero, carrera_encuentro_numero, stud_nombre, tiempo, andarivel, peso_jockey, talla_jockey, handicap_equino, descalificado) VALUES (10000043, 'AS DE OROS', 391, 1955072712, 'EL MAXI', 150139, 1, '57.16', '149.68', '35.9', false);
INSERT INTO participacion(jockey_persona_dni, equino_nombre, carrera_numero, carrera_encuentro_numero, stud_nombre, tiempo, andarivel, peso_jockey, talla_jockey, handicap_equino, descalificado) VALUES (10000100, 'HENGROEN', 391, 1955072712, 'MIRABELLA', 147129, 2, '51.96', '151.05', '28.3', false);
INSERT INTO participacion(jockey_persona_dni, equino_nombre, carrera_numero, carrera_encuentro_numero, stud_nombre, tiempo, andarivel, peso_jockey, talla_jockey, handicap_equino, descalificado) VALUES (10000088, 'EL PRIETO', 391, 1955072712, 'CUCUNITO', 123220, 3, '59.15', '150.19', '65.6', false);
INSERT INTO participacion(jockey_persona_dni, equino_nombre, carrera_numero, carrera_encuentro_numero, stud_nombre, tiempo, andarivel, peso_jockey, talla_jockey, handicap_equino, descalificado) VALUES (10000121, 'PEGASO', 391, 1955072712, 'QUEREUQUEN', 143403, 4, '60.21', '142.45', '44.0', false);
INSERT INTO participacion(jockey_persona_dni, equino_nombre, carrera_numero, carrera_encuentro_numero, stud_nombre, tiempo, andarivel, peso_jockey, talla_jockey, handicap_equino, descalificado) VALUES (10000067, 'DILU', 403, 1955072712, 'LOS HERMANITOS (S.Fe)', 151603, 1, '52.56', '151.52', '68.3', false);
INSERT INTO participacion(jockey_persona_dni, equino_nombre, carrera_numero, carrera_encuentro_numero, stud_nombre, tiempo, andarivel, peso_jockey, talla_jockey, handicap_equino, descalificado) VALUES (10000103, 'KANTAKA', 403, 1955072712, 'L.A. (LP)', 177246, 2, '57.14', '157.67', '28.6', false);
INSERT INTO participacion(jockey_persona_dni, equino_nombre, carrera_numero, carrera_encuentro_numero, stud_nombre, tiempo, andarivel, peso_jockey, talla_jockey, handicap_equino, descalificado) VALUES (10000037, 'CHING', 410, 1955072712, 'DON LEOPOLDO', 141460, 1, '62.08', '142.17', '20.1', false);
INSERT INTO participacion(jockey_persona_dni, equino_nombre, carrera_numero, carrera_encuentro_numero, stud_nombre, tiempo, andarivel, peso_jockey, talla_jockey, handicap_equino, descalificado) VALUES (10000106, 'PASTOR', 410, 1955072712, 'LE FRAGOLE', 144803, 2, '56.89', '145.00', '43.5', false);
INSERT INTO participacion(jockey_persona_dni, equino_nombre, carrera_numero, carrera_encuentro_numero, stud_nombre, tiempo, andarivel, peso_jockey, talla_jockey, handicap_equino, descalificado) VALUES (10000034, 'PEQUEÑO TIO', 410, 1955072712, 'EL NEGRO', 168778, 3, '57.52', '147.66', '41.5', false);
INSERT INTO participacion(jockey_persona_dni, equino_nombre, carrera_numero, carrera_encuentro_numero, stud_nombre, tiempo, andarivel, peso_jockey, talla_jockey, handicap_equino, descalificado) VALUES (10000031, 'CAGANCHO', 386, 518943856, 'FEDEX (Azul)', 153378, 5, '53.50', '138.78', '73.1', false);
INSERT INTO participacion(jockey_persona_dni, equino_nombre, carrera_numero, carrera_encuentro_numero, stud_nombre, tiempo, andarivel, peso_jockey, talla_jockey, handicap_equino, descalificado) VALUES (10000064, 'JANTO/BALIO', 386, 518943856, 'BEVA-ALCA', 121709, 6, '47.83', '141.11', '23.4', false);
INSERT INTO participacion(jockey_persona_dni, equino_nombre, carrera_numero, carrera_encuentro_numero, stud_nombre, tiempo, andarivel, peso_jockey, talla_jockey, handicap_equino, descalificado) VALUES (10000052, 'CABALLO DE TROYA', 386, 518943856, 'CABO ALARCON', 149383, 7, '54.46', '163.39', '66.8', false);
INSERT INTO participacion(jockey_persona_dni, equino_nombre, carrera_numero, carrera_encuentro_numero, stud_nombre, tiempo, andarivel, peso_jockey, talla_jockey, handicap_equino, descalificado) VALUES (10000022, 'TIRO AL BLANCO', 391, 518943856, 'HARAS LAS EMMAS', 174045, 5, '53.39', '148.22', '10.9', false);
INSERT INTO participacion(jockey_persona_dni, equino_nombre, carrera_numero, carrera_encuentro_numero, stud_nombre, tiempo, andarivel, peso_jockey, talla_jockey, handicap_equino, descalificado) VALUES (10000031, 'CAGANCHO', 391, 518943856, 'FEDEX (Azul)', 133825, 6, '54.47', '146.46', '71.3', false);
INSERT INTO participacion(jockey_persona_dni, equino_nombre, carrera_numero, carrera_encuentro_numero, stud_nombre, tiempo, andarivel, peso_jockey, talla_jockey, handicap_equino, descalificado) VALUES (10000109, 'JINN', 391, 518943856, 'LA PROVIDENCIA', 159161, 7, '49.05', '154.75', '75.4', false);
INSERT INTO participacion(jockey_persona_dni, equino_nombre, carrera_numero, carrera_encuentro_numero, stud_nombre, tiempo, andarivel, peso_jockey, talla_jockey, handicap_equino, descalificado) VALUES (10000055, 'MORZILLO', 391, 518943856, 'NOE MAR', 152490, 8, '49.22', '146.20', '30.9', false);
INSERT INTO participacion(jockey_persona_dni, equino_nombre, carrera_numero, carrera_encuentro_numero, stud_nombre, tiempo, andarivel, peso_jockey, talla_jockey, handicap_equino, descalificado) VALUES (10000028, 'ZAHAREÑO', 406, 518943856, 'MOZO BACAN', 139553, 1, '49.75', '162.26', '48.4', false);
INSERT INTO participacion(jockey_persona_dni, equino_nombre, carrera_numero, carrera_encuentro_numero, stud_nombre, tiempo, andarivel, peso_jockey, talla_jockey, handicap_equino, descalificado) VALUES (10000007, 'PALMICHE', 406, 518943856, 'GAUCHITO GIL', 157368, 2, '42.89', '136.26', '72.9', false);
INSERT INTO participacion(jockey_persona_dni, equino_nombre, carrera_numero, carrera_encuentro_numero, stud_nombre, tiempo, andarivel, peso_jockey, talla_jockey, handicap_equino, descalificado) VALUES (10000070, 'PALOMO', 406, 518943856, 'EL GUASO', 172998, 3, '49.52', '146.12', '74.2', false);
INSERT INTO participacion(jockey_persona_dni, equino_nombre, carrera_numero, carrera_encuentro_numero, stud_nombre, tiempo, andarivel, peso_jockey, talla_jockey, handicap_equino, descalificado) VALUES (10000061, 'BLAKIE', 406, 518943856, 'FIRMAMENTO', 123409, 4, '60.66', '147.97', '78.6', false);
INSERT INTO participacion(jockey_persona_dni, equino_nombre, carrera_numero, carrera_encuentro_numero, stud_nombre, tiempo, andarivel, peso_jockey, talla_jockey, handicap_equino, descalificado) VALUES (10000076, 'SALVADOR', 406, 518943856, 'LOS 4 ASES', 160510, 5, '49.17', '142.50', '70.7', false);
INSERT INTO participacion(jockey_persona_dni, equino_nombre, carrera_numero, carrera_encuentro_numero, stud_nombre, tiempo, andarivel, peso_jockey, talla_jockey, handicap_equino, descalificado) VALUES (10000088, 'EL PRIETO', 416, 518943856, 'CUCUNITO', 153574, 1, '63.24', '143.66', '71.3', false);
INSERT INTO participacion(jockey_persona_dni, equino_nombre, carrera_numero, carrera_encuentro_numero, stud_nombre, tiempo, andarivel, peso_jockey, talla_jockey, handicap_equino, descalificado) VALUES (10000073, 'SILVER', 416, 518943856, 'LA CHUMBEADA', 149244, 2, '60.49', '155.89', '21.4', false);
INSERT INTO participacion(jockey_persona_dni, equino_nombre, carrera_numero, carrera_encuentro_numero, stud_nombre, tiempo, andarivel, peso_jockey, talla_jockey, handicap_equino, descalificado) VALUES (10000112, 'PASCASAS', 428, 518943856, 'ASAYE', 171466, 1, '60.12', '154.93', '19.7', false);
INSERT INTO participacion(jockey_persona_dni, equino_nombre, carrera_numero, carrera_encuentro_numero, stud_nombre, tiempo, andarivel, peso_jockey, talla_jockey, handicap_equino, descalificado) VALUES (10000067, 'DILU', 428, 518943856, 'LOS HERMANITOS (S.Fe)', 174399, 2, '65.57', '160.23', '61.9', false);
INSERT INTO participacion(jockey_persona_dni, equino_nombre, carrera_numero, carrera_encuentro_numero, stud_nombre, tiempo, andarivel, peso_jockey, talla_jockey, handicap_equino, descalificado) VALUES (10000016, 'MARSALA', 428, 518943856, 'VAS-QUITO', 128230, 3, '55.84', '146.38', '26.4', false);
INSERT INTO participacion(jockey_persona_dni, equino_nombre, carrera_numero, carrera_encuentro_numero, stud_nombre, tiempo, andarivel, peso_jockey, talla_jockey, handicap_equino, descalificado) VALUES (10000004, 'PAMPERO', 398, 949339611, 'MAM', 178031, 1, '41.61', '152.56', '23.7', false);
INSERT INTO participacion(jockey_persona_dni, equino_nombre, carrera_numero, carrera_encuentro_numero, stud_nombre, tiempo, andarivel, peso_jockey, talla_jockey, handicap_equino, descalificado) VALUES (10000118, 'MR. ED', 398, 949339611, 'PINO SOLO', 169241, 2, '51.04', '152.17', '11.5', false);
INSERT INTO participacion(jockey_persona_dni, equino_nombre, carrera_numero, carrera_encuentro_numero, stud_nombre, tiempo, andarivel, peso_jockey, talla_jockey, handicap_equino, descalificado) VALUES (10000001, 'IMPERIOSO', 398, 949339611, 'CAITO', 148787, 3, '52.17', '151.14', '55.2', false);
INSERT INTO participacion(jockey_persona_dni, equino_nombre, carrera_numero, carrera_encuentro_numero, stud_nombre, tiempo, andarivel, peso_jockey, talla_jockey, handicap_equino, descalificado) VALUES (10000100, 'HENGROEN', 398, 949339611, 'MIRABELLA', 165554, 4, '54.44', '152.13', '31.9', false);
INSERT INTO participacion(jockey_persona_dni, equino_nombre, carrera_numero, carrera_encuentro_numero, stud_nombre, tiempo, andarivel, peso_jockey, talla_jockey, handicap_equino, descalificado) VALUES (10000061, 'BLAKIE', 403, 949339611, 'FIRMAMENTO', 157540, 3, '55.51', '154.56', '72.6', false);
INSERT INTO participacion(jockey_persona_dni, equino_nombre, carrera_numero, carrera_encuentro_numero, stud_nombre, tiempo, andarivel, peso_jockey, talla_jockey, handicap_equino, descalificado) VALUES (10000076, 'SALVADOR', 403, 949339611, 'LOS 4 ASES', 140041, 4, '50.06', '136.91', '72.1', false);
INSERT INTO participacion(jockey_persona_dni, equino_nombre, carrera_numero, carrera_encuentro_numero, stud_nombre, tiempo, andarivel, peso_jockey, talla_jockey, handicap_equino, descalificado) VALUES (10000004, 'PAMPERO', 403, 949339611, 'MAM', 120051, 5, '48.55', '144.82', '23.9', false);
INSERT INTO participacion(jockey_persona_dni, equino_nombre, carrera_numero, carrera_encuentro_numero, stud_nombre, tiempo, andarivel, peso_jockey, talla_jockey, handicap_equino, descalificado) VALUES (10000070, 'PALOMO', 403, 949339611, 'EL GUASO', 138870, 6, '46.84', '152.60', '71.4', false);
INSERT INTO participacion(jockey_persona_dni, equino_nombre, carrera_numero, carrera_encuentro_numero, stud_nombre, tiempo, andarivel, peso_jockey, talla_jockey, handicap_equino, descalificado) VALUES (10000001, 'IMPERIOSO', 403, 949339611, 'CAITO', 161703, 7, '50.04', '148.08', '61.0', false);
INSERT INTO participacion(jockey_persona_dni, equino_nombre, carrera_numero, carrera_encuentro_numero, stud_nombre, tiempo, andarivel, peso_jockey, talla_jockey, handicap_equino, descalificado) VALUES (10000088, 'EL PRIETO', 419, 949339611, 'CUCUNITO', 135491, 1, '54.97', '141.93', '68.0', false);
INSERT INTO participacion(jockey_persona_dni, equino_nombre, carrera_numero, carrera_encuentro_numero, stud_nombre, tiempo, andarivel, peso_jockey, talla_jockey, handicap_equino, descalificado) VALUES (10000052, 'CABALLO DE TROYA', 419, 949339611, 'CABO ALARCON', 172751, 2, '57.09', '162.44', '64.6', false);
INSERT INTO participacion(jockey_persona_dni, equino_nombre, carrera_numero, carrera_encuentro_numero, stud_nombre, tiempo, andarivel, peso_jockey, talla_jockey, handicap_equino, descalificado) VALUES (10000001, 'IMPERIOSO', 419, 949339611, 'CAITO', 134042, 3, '53.21', '149.11', '59.0', false);
INSERT INTO participacion(jockey_persona_dni, equino_nombre, carrera_numero, carrera_encuentro_numero, stud_nombre, tiempo, andarivel, peso_jockey, talla_jockey, handicap_equino, descalificado) VALUES (10000070, 'PALOMO', 419, 949339611, 'EL GUASO', 155079, 4, '57.23', '149.06', '68.0', false);
INSERT INTO participacion(jockey_persona_dni, equino_nombre, carrera_numero, carrera_encuentro_numero, stud_nombre, tiempo, andarivel, peso_jockey, talla_jockey, handicap_equino, descalificado) VALUES (10000025, 'STRYMON', 424, 949339611, 'PASO LOPEZ (Azul)', 128340, 1, '51.46', '146.38', '14.4', false);
INSERT INTO participacion(jockey_persona_dni, equino_nombre, carrera_numero, carrera_encuentro_numero, stud_nombre, tiempo, andarivel, peso_jockey, talla_jockey, handicap_equino, descalificado) VALUES (10000058, 'SOMBRA GRIS', 424, 949339611, 'LOS COLORADOS', 125404, 2, '58.82', '146.92', '69.4', false);
INSERT INTO participacion(jockey_persona_dni, equino_nombre, carrera_numero, carrera_encuentro_numero, stud_nombre, tiempo, andarivel, peso_jockey, talla_jockey, handicap_equino, descalificado) VALUES (10000088, 'EL PRIETO', 424, 949339611, 'CUCUNITO', 158625, 3, '55.62', '148.87', '67.2', false);
INSERT INTO participacion(jockey_persona_dni, equino_nombre, carrera_numero, carrera_encuentro_numero, stud_nombre, tiempo, andarivel, peso_jockey, talla_jockey, handicap_equino, descalificado) VALUES (10000073, 'SILVER', 433, 949339611, 'LA CHUMBEADA', 152143, 1, '57.41', '145.68', '27.4', false);
INSERT INTO participacion(jockey_persona_dni, equino_nombre, carrera_numero, carrera_encuentro_numero, stud_nombre, tiempo, andarivel, peso_jockey, talla_jockey, handicap_equino, descalificado) VALUES (10000094, 'RED FOX', 433, 949339611, 'VALLE DE LA LUNA', 120931, 2, '59.69', '150.10', '63.7', false);
INSERT INTO participacion(jockey_persona_dni, equino_nombre, carrera_numero, carrera_encuentro_numero, stud_nombre, tiempo, andarivel, peso_jockey, talla_jockey, handicap_equino, descalificado) VALUES (10000067, 'DILU', 403, 1918446008, 'LOS HERMANITOS (S.Fe)', 149552, 8, '60.26', '160.28', '62.5', false);
INSERT INTO participacion(jockey_persona_dni, equino_nombre, carrera_numero, carrera_encuentro_numero, stud_nombre, tiempo, andarivel, peso_jockey, talla_jockey, handicap_equino, descalificado) VALUES (10000115, 'MARENGO', 403, 1918446008, '27 DE ABRIL', 147712, 9, '59.17', '156.38', '19.7', false);
INSERT INTO participacion(jockey_persona_dni, equino_nombre, carrera_numero, carrera_encuentro_numero, stud_nombre, tiempo, andarivel, peso_jockey, talla_jockey, handicap_equino, descalificado) VALUES (10000115, 'MARENGO', 417, 1918446008, '27 DE ABRIL', 157780, 1, '58.75', '165.25', '20.6', false);
INSERT INTO participacion(jockey_persona_dni, equino_nombre, carrera_numero, carrera_encuentro_numero, stud_nombre, tiempo, andarivel, peso_jockey, talla_jockey, handicap_equino, descalificado) VALUES (10000118, 'MR. ED', 428, 1918446008, 'PINO SOLO', 177630, 4, '50.76', '148.66', '17.2', false);
INSERT INTO participacion(jockey_persona_dni, equino_nombre, carrera_numero, carrera_encuentro_numero, stud_nombre, tiempo, andarivel, peso_jockey, talla_jockey, handicap_equino, descalificado) VALUES (10000064, 'JANTO/BALIO', 428, 1918446008, 'BEVA-ALCA', 141308, 5, '47.19', '143.58', '27.2', false);
INSERT INTO participacion(jockey_persona_dni, equino_nombre, carrera_numero, carrera_encuentro_numero, stud_nombre, tiempo, andarivel, peso_jockey, talla_jockey, handicap_equino, descalificado) VALUES (10000040, 'LA JACA PACA', 436, 1918446008, 'JUBAFER', 133404, 1, '50.71', '158.61', '62.2', false);
INSERT INTO participacion(jockey_persona_dni, equino_nombre, carrera_numero, carrera_encuentro_numero, stud_nombre, tiempo, andarivel, peso_jockey, talla_jockey, handicap_equino, descalificado) VALUES (10000010, 'LA LEYENDA BEDUINA DE LA CREACION DEL CABALLO', 436, 1918446008, 'B.J.(Vguay.)', 141228, 2, '62.52', '146.13', '21.7', false);
INSERT INTO participacion(jockey_persona_dni, equino_nombre, carrera_numero, carrera_encuentro_numero, stud_nombre, tiempo, andarivel, peso_jockey, talla_jockey, handicap_equino, descalificado) VALUES (10000124, 'KASZTANKA', 443, 1918446008, 'LINDA SIEMPRE', 131970, 1, '50.57', '152.29', '35.4', false);
INSERT INTO participacion(jockey_persona_dni, equino_nombre, carrera_numero, carrera_encuentro_numero, stud_nombre, tiempo, andarivel, peso_jockey, talla_jockey, handicap_equino, descalificado) VALUES (10000103, 'KANTAKA', 411, 1250170522, 'L.A. (LP)', 157897, 1, '59.14', '157.35', '22.3', false);
INSERT INTO participacion(jockey_persona_dni, equino_nombre, carrera_numero, carrera_encuentro_numero, stud_nombre, tiempo, andarivel, peso_jockey, talla_jockey, handicap_equino, descalificado) VALUES (10000010, 'LA LEYENDA BEDUINA DE LA CREACION DEL CABALLO', 411, 1250170522, 'B.J.(Vguay.)', 168333, 2, '56.88', '146.23', '22.1', false);
INSERT INTO participacion(jockey_persona_dni, equino_nombre, carrera_numero, carrera_encuentro_numero, stud_nombre, tiempo, andarivel, peso_jockey, talla_jockey, handicap_equino, descalificado) VALUES (10000124, 'KASZTANKA', 411, 1250170522, 'LINDA SIEMPRE', 143870, 3, '52.74', '154.69', '33.8', false);
INSERT INTO participacion(jockey_persona_dni, equino_nombre, carrera_numero, carrera_encuentro_numero, stud_nombre, tiempo, andarivel, peso_jockey, talla_jockey, handicap_equino, descalificado) VALUES (10000040, 'LA JACA PACA', 424, 1250170522, 'JUBAFER', 173704, 4, '53.22', '149.64', '71.0', false);
INSERT INTO participacion(jockey_persona_dni, equino_nombre, carrera_numero, carrera_encuentro_numero, stud_nombre, tiempo, andarivel, peso_jockey, talla_jockey, handicap_equino, descalificado) VALUES (10000037, 'CHING', 424, 1250170522, 'DON LEOPOLDO', 131856, 5, '50.75', '139.33', '25.3', false);
INSERT INTO participacion(jockey_persona_dni, equino_nombre, carrera_numero, carrera_encuentro_numero, stud_nombre, tiempo, andarivel, peso_jockey, talla_jockey, handicap_equino, descalificado) VALUES (10000115, 'MARENGO', 424, 1250170522, '27 DE ABRIL', 160901, 6, '64.76', '151.94', '23.0', false);
INSERT INTO participacion(jockey_persona_dni, equino_nombre, carrera_numero, carrera_encuentro_numero, stud_nombre, tiempo, andarivel, peso_jockey, talla_jockey, handicap_equino, descalificado) VALUES (10000067, 'DILU', 435, 1250170522, 'LOS HERMANITOS (S.Fe)', 144244, 1, '57.61', '152.27', '66.5', false);
INSERT INTO participacion(jockey_persona_dni, equino_nombre, carrera_numero, carrera_encuentro_numero, stud_nombre, tiempo, andarivel, peso_jockey, talla_jockey, handicap_equino, descalificado) VALUES (10000022, 'TIRO AL BLANCO', 435, 1250170522, 'HARAS LAS EMMAS', 172974, 2, '56.68', '143.60', '9.4', false);
INSERT INTO participacion(jockey_persona_dni, equino_nombre, carrera_numero, carrera_encuentro_numero, stud_nombre, tiempo, andarivel, peso_jockey, talla_jockey, handicap_equino, descalificado) VALUES (10000118, 'MR. ED', 435, 1250170522, 'PINO SOLO', 175665, 3, '44.21', '157.49', '15.4', false);
INSERT INTO participacion(jockey_persona_dni, equino_nombre, carrera_numero, carrera_encuentro_numero, stud_nombre, tiempo, andarivel, peso_jockey, talla_jockey, handicap_equino, descalificado) VALUES (10000001, 'IMPERIOSO', 445, 1250170522, 'CAITO', 132431, 1, '48.68', '142.36', '55.1', false);
INSERT INTO participacion(jockey_persona_dni, equino_nombre, carrera_numero, carrera_encuentro_numero, stud_nombre, tiempo, andarivel, peso_jockey, talla_jockey, handicap_equino, descalificado) VALUES (10000040, 'LA JACA PACA', 458, 1250170522, 'JUBAFER', 176291, 1, '56.88', '149.17', '68.7', false);
INSERT INTO participacion(jockey_persona_dni, equino_nombre, carrera_numero, carrera_encuentro_numero, stud_nombre, tiempo, andarivel, peso_jockey, talla_jockey, handicap_equino, descalificado) VALUES (10000010, 'LA LEYENDA BEDUINA DE LA CREACION DEL CABALLO', 458, 1250170522, 'B.J.(Vguay.)', 148579, 2, '68.68', '146.63', '25.8', false);
INSERT INTO participacion(jockey_persona_dni, equino_nombre, carrera_numero, carrera_encuentro_numero, stud_nombre, tiempo, andarivel, peso_jockey, talla_jockey, handicap_equino, descalificado) VALUES (10000037, 'CHING', 458, 1250170522, 'DON LEOPOLDO', 131450, 3, '61.71', '138.53', '22.3', false);
INSERT INTO participacion(jockey_persona_dni, equino_nombre, carrera_numero, carrera_encuentro_numero, stud_nombre, tiempo, andarivel, peso_jockey, talla_jockey, handicap_equino, descalificado) VALUES (10000016, 'MARSALA', 458, 1250170522, 'VAS-QUITO', 156650, 4, '59.17', '143.79', '29.6', false);
