-- Hipodromo
INSERT INTO hipodromo(nombre, direccion) VALUES ('Hipodromo de La Plata', 'Av. 44 esq. 116');
INSERT INTO hipodromo(nombre, direccion) VALUES ('Hipodromo de San Isidro', 'Av. Márquez 504');
INSERT INTO hipodromo(nombre, direccion) VALUES ('Hipodromo de Palermo', 'Av. del Libertador 4101');

-- Pista
INSERT INTO pista(nombre, hipodromo_nombre, tipo, nro_andariveles) VALUES ('Pista 1', 'Hipodromo de La Plata', 'Arena', 11);
INSERT INTO pista(nombre, hipodromo_nombre, tipo, nro_andariveles) VALUES ('Pista 2', 'Hipodromo de La Plata', 'Arena', 12);
INSERT INTO pista(nombre, hipodromo_nombre, tipo, nro_andariveles) VALUES ('Pista 3', 'Hipodromo de La Plata', 'Arena', 18);
INSERT INTO pista(nombre, hipodromo_nombre, tipo, nro_andariveles) VALUES ('Pista 4', 'Hipodromo de La Plata', 'Arena', 11);
INSERT INTO pista(nombre, hipodromo_nombre, tipo, nro_andariveles) VALUES ('Pista 5', 'Hipodromo de San Isidro', 'Césped', 11);
INSERT INTO pista(nombre, hipodromo_nombre, tipo, nro_andariveles) VALUES ('Pista 6', 'Hipodromo de San Isidro', 'Arena', 11);
INSERT INTO pista(nombre, hipodromo_nombre, tipo, nro_andariveles) VALUES ('Pista 7', 'Hipodromo de Palermo', 'Césped', 9);
INSERT INTO pista(nombre, hipodromo_nombre, tipo, nro_andariveles) VALUES ('Pista 8', 'Hipodromo de Palermo', 'Arena', 11);

-- Stud
INSERT INTO stud(nombre, color_gorra, color_chaqueta) VALUES ('CAITO', 'verde claro', 'verde claro');
INSERT INTO stud(nombre, color_gorra, color_chaqueta) VALUES ('MAM', 'naranja', 'naranja');
INSERT INTO stud(nombre, color_gorra, color_chaqueta) VALUES ('GAUCHITO GIL', 'amarillo', 'amarillo');
INSERT INTO stud(nombre, color_gorra, color_chaqueta) VALUES ('B.J.(Vguay.)', 'violeta', 'violeta');
INSERT INTO stud(nombre, color_gorra, color_chaqueta) VALUES ('GENTE DE TURF', 'rojo', 'rojo');
INSERT INTO stud(nombre, color_gorra, color_chaqueta) VALUES ('VAS-QUITO', 'celeste', 'celeste');
INSERT INTO stud(nombre, color_gorra, color_chaqueta) VALUES ('LOS GATEADOS (MDP)', 'gris oscuro', 'gris oscuro');
INSERT INTO stud(nombre, color_gorra, color_chaqueta) VALUES ('HARAS LAS EMMAS', 'rosado', 'rosado');
INSERT INTO stud(nombre, color_gorra, color_chaqueta) VALUES ('PASO LOPEZ (Azul)', 'azul oscuro', 'azul oscuro');
INSERT INTO stud(nombre, color_gorra, color_chaqueta) VALUES ('MOZO BACAN', 'gris claro', 'gris claro');
INSERT INTO stud(nombre, color_gorra, color_chaqueta) VALUES ('FEDEX (Azul)', 'azul claro', 'azul claro');
INSERT INTO stud(nombre, color_gorra, color_chaqueta) VALUES ('EL NEGRO', 'negro', 'negro');
INSERT INTO stud(nombre, color_gorra, color_chaqueta) VALUES ('DON LEOPOLDO', 'rojo amarillo', 'rojo amarillo');
INSERT INTO stud(nombre, color_gorra, color_chaqueta) VALUES ('JUBAFER', 'azul verde violeta', 'azul verde');
INSERT INTO stud(nombre, color_gorra, color_chaqueta) VALUES ('EL MAXI', 'azul negro', 'azul negro');
INSERT INTO stud(nombre, color_gorra, color_chaqueta) VALUES ('EL PADRINO', 'verde amarillo', 'verde amarillo');
INSERT INTO stud(nombre, color_gorra, color_chaqueta) VALUES ('LAS TUTIS', 'violeta celeste', 'violeta celeste');
INSERT INTO stud(nombre, color_gorra, color_chaqueta) VALUES ('CABO ALARCON', 'rosa rojo naranja', 'rosa rojo naranja');
INSERT INTO stud(nombre, color_gorra, color_chaqueta) VALUES ('NOE MAR', 'verde amaraillo azul', 'verde amaraillo azul');
INSERT INTO stud(nombre, color_gorra, color_chaqueta) VALUES ('LOS COLORADOS', 'rojo', 'rojo');
INSERT INTO stud(nombre, color_gorra, color_chaqueta) VALUES ('FIRMAMENTO', 'gris verde azul', 'gris verde azul');
INSERT INTO stud(nombre, color_gorra, color_chaqueta) VALUES ('BEVA-ALCA', 'blanco amarillo rojo negro', 'blanco amarillo rojo negro');
INSERT INTO stud(nombre, color_gorra, color_chaqueta) VALUES ('LOS HERMANITOS (S.Fe)', 'violeta blanco azul', 'violeta blanco azul');
INSERT INTO stud(nombre, color_gorra, color_chaqueta) VALUES ('EL GUASO', 'gris verde granate', 'gris verde granate');
INSERT INTO stud(nombre, color_gorra, color_chaqueta) VALUES ('LA CHUMBEADA', 'marron amarillo', 'marron amarillo');
INSERT INTO stud(nombre, color_gorra, color_chaqueta) VALUES ('LOS 4 ASES', 'azul marron gris', 'azul marron gris');
INSERT INTO stud(nombre, color_gorra, color_chaqueta) VALUES ('LA CAMPANA', 'blanco gris negro', 'blanco gris negro');
INSERT INTO stud(nombre, color_gorra, color_chaqueta) VALUES ('LA QUEBRADA', 'negro marron claro verde', 'negro marron claro verde');
INSERT INTO stud(nombre, color_gorra, color_chaqueta) VALUES ('CUMENEYEN', 'verde amarello', 'verde amarello');
INSERT INTO stud(nombre, color_gorra, color_chaqueta) VALUES ('CUCUNITO', 'azul celeste amarillo blanco', 'azul celeste amarillo blanco');
INSERT INTO stud(nombre, color_gorra, color_chaqueta) VALUES ('EL ZAINO', 'verde claro', 'verde claro y rojo');
INSERT INTO stud(nombre, color_gorra, color_chaqueta) VALUES ('VALLE DE LA LUNA', 'gris azul claro', 'gris azul claro');
INSERT INTO stud(nombre, color_gorra, color_chaqueta) VALUES ('ESEERREEFE', 'verde oscuro', 'verde oscuro');
INSERT INTO stud(nombre, color_gorra, color_chaqueta) VALUES ('MIRABELLA', 'amarillo rojo', 'rojo amarillo');
INSERT INTO stud(nombre, color_gorra, color_chaqueta) VALUES ('L.A. (LP)', 'verde celeste amarillo', 'verde celeste amarillo');
INSERT INTO stud(nombre, color_gorra, color_chaqueta) VALUES ('LE FRAGOLE', 'verde celeste naranja', 'verde celeste naranja');
INSERT INTO stud(nombre, color_gorra, color_chaqueta) VALUES ('LA PROVIDENCIA', 'marron naranja', 'marron naranja');
INSERT INTO stud(nombre, color_gorra, color_chaqueta) VALUES ('ASAYE', 'rojo celeste', 'rojo celeste');
INSERT INTO stud(nombre, color_gorra, color_chaqueta) VALUES ('27 DE ABRIL', 'blanco rojo', 'blanco rojo');
INSERT INTO stud(nombre, color_gorra, color_chaqueta) VALUES ('PINO SOLO', 'rojo naranja blanco', 'rojo naranja blanco');
INSERT INTO stud(nombre, color_gorra, color_chaqueta) VALUES ('QUEREUQUEN', 'verde violeta negro', 'verde violeta negro');
INSERT INTO stud(nombre, color_gorra, color_chaqueta) VALUES ('LINDA SIEMPRE', 'marron celesete', 'marron celesete');

-- Persona
INSERT INTO persona(dni, nombres, apellidos, stud_nombre) VALUES (10000001, 'Juan Carlos', 'Perez', 'CAITO');
INSERT INTO persona(dni, nombres, apellidos, stud_nombre) VALUES (10000002, 'Jose', 'Picardo', 'CAITO');
INSERT INTO persona(dni, nombres, apellidos, stud_nombre) VALUES (10000003, 'Jimena', 'Cleveland', 'CAITO');
INSERT INTO persona(dni, nombres, apellidos, stud_nombre) VALUES (10000004, 'Gerardo', 'Paez', 'MAM');
INSERT INTO persona(dni, nombres, apellidos, stud_nombre) VALUES (10000005, 'Juan', 'Picolo', 'MAM');
INSERT INTO persona(dni, nombres, apellidos, stud_nombre) VALUES (10000006, 'Monto', 'Remz', 'MAM');
INSERT INTO persona(dni, nombres, apellidos, stud_nombre) VALUES (10000007, 'Moises', 'Agers', 'GAUCHITO GIL');
INSERT INTO persona(dni, nombres, apellidos, stud_nombre) VALUES (10000008, 'Mariano', 'Andre', 'GAUCHITO GIL');
INSERT INTO persona(dni, nombres, apellidos, stud_nombre) VALUES (10000009, 'German', 'Agata', 'GAUCHITO GIL');
INSERT INTO persona(dni, nombres, apellidos, stud_nombre) VALUES (10000010, 'Joseph', 'Wevver', 'B.J.(Vguay.)');
INSERT INTO persona(dni, nombres, apellidos, stud_nombre) VALUES (10000011, 'Aaron', 'Crispulo', 'B.J.(Vguay.)');
INSERT INTO persona(dni, nombres, apellidos, stud_nombre) VALUES (10000012, 'Abrahan', 'Cleveland', 'B.J.(Vguay.)');
INSERT INTO persona(dni, nombres, apellidos, stud_nombre) VALUES (10000013, 'Bonfilio', 'Webbez', 'GENTE DE TURF');
INSERT INTO persona(dni, nombres, apellidos, stud_nombre) VALUES (10000014, 'Boris', 'Mica', 'GENTE DE TURF');
INSERT INTO persona(dni, nombres, apellidos, stud_nombre) VALUES (10000015, 'Caesar', 'Tasptger', 'GENTE DE TURF');
INSERT INTO persona(dni, nombres, apellidos, stud_nombre) VALUES (10000016, 'Bertoldo', 'Cullen', 'VAS-QUITO');
INSERT INTO persona(dni, nombres, apellidos, stud_nombre) VALUES (10000017, 'Briccio', 'Pacet', 'VAS-QUITO');
INSERT INTO persona(dni, nombres, apellidos, stud_nombre) VALUES (10000018, 'Caetano', 'Cuadragesimo', 'VAS-QUITO');
INSERT INTO persona(dni, nombres, apellidos, stud_nombre) VALUES (10000019, 'Caian', 'Cupido', 'LOS GATEADOS (MDP)');
INSERT INTO persona(dni, nombres, apellidos, stud_nombre) VALUES (10000020, 'Cain', 'Crispulo', 'LOS GATEADOS (MDP)');
INSERT INTO persona(dni, nombres, apellidos, stud_nombre) VALUES (10000021, 'Mauricio', 'Cuniberto', 'LOS GATEADOS (MDP)');
INSERT INTO persona(dni, nombres, apellidos, stud_nombre) VALUES (10000022, 'Miguel', 'Mirac', 'HARAS LAS EMMAS');
INSERT INTO persona(dni, nombres, apellidos, stud_nombre) VALUES (10000023, 'Guillermo', 'Locars', 'HARAS LAS EMMAS');
INSERT INTO persona(dni, nombres, apellidos, stud_nombre) VALUES (10000024, 'Juan', 'Cyrus', 'HARAS LAS EMMAS');
INSERT INTO persona(dni, nombres, apellidos, stud_nombre) VALUES (10000025, 'Hernan', 'Legiers', 'PASO LOPEZ (Azul)');
INSERT INTO persona(dni, nombres, apellidos, stud_nombre) VALUES (10000026, 'Calepodio', 'Lopez', 'PASO LOPEZ (Azul)');
INSERT INTO persona(dni, nombres, apellidos, stud_nombre) VALUES (10000027, 'Hashini', 'Cynric', 'PASO LOPEZ (Azul)');
INSERT INTO persona(dni, nombres, apellidos, stud_nombre) VALUES (10000028, 'Aaron', 'Cleveland', 'MOZO BACAN');
INSERT INTO persona(dni, nombres, apellidos, stud_nombre) VALUES (10000029, 'Abrahan', 'Cuyen', 'MOZO BACAN');
INSERT INTO persona(dni, nombres, apellidos, stud_nombre) VALUES (10000030, 'Subar', 'Cupido', 'MOZO BACAN');
INSERT INTO persona(dni, nombres, apellidos, stud_nombre) VALUES (10000031, 'Tabia', 'Yumiz', 'FEDEX (Azul)');
INSERT INTO persona(dni, nombres, apellidos, stud_nombre) VALUES (10000032, 'Baltasar', 'Crispulo', 'FEDEX (Azul)');
INSERT INTO persona(dni, nombres, apellidos, stud_nombre) VALUES (10000033, 'Ricardo', 'Ferdinando', 'FEDEX (Azul)');
INSERT INTO persona(dni, nombres, apellidos, stud_nombre) VALUES (10000034, 'Richard', 'Fernandez', 'EL NEGRO');
INSERT INTO persona(dni, nombres, apellidos, stud_nombre) VALUES (10000035, 'Abel', 'Galo', 'EL NEGRO');
INSERT INTO persona(dni, nombres, apellidos, stud_nombre) VALUES (10000036, 'Roberto', 'Kiriff', 'EL NEGRO');
INSERT INTO persona(dni, nombres, apellidos, stud_nombre) VALUES (10000037, 'Mercucio', 'Pignato', 'DON LEOPOLDO');
INSERT INTO persona(dni, nombres, apellidos, stud_nombre) VALUES (10000038, 'Flavio', 'Pignato', 'DON LEOPOLDO');
INSERT INTO persona(dni, nombres, apellidos, stud_nombre) VALUES (10000039, 'Baltasar', 'Crispulo', 'DON LEOPOLDO');
INSERT INTO persona(dni, nombres, apellidos, stud_nombre) VALUES (10000040, 'Faustino', 'Paulot', 'JUBAFER');
INSERT INTO persona(dni, nombres, apellidos, stud_nombre) VALUES (10000041, 'Bertoldo', 'Feliciano', 'JUBAFER');
INSERT INTO persona(dni, nombres, apellidos, stud_nombre) VALUES (10000042, 'Fermal', 'Cleveland', 'JUBAFER');
INSERT INTO persona(dni, nombres, apellidos, stud_nombre) VALUES (10000043, 'Pocho', 'Paulot', 'EL MAXI');
INSERT INTO persona(dni, nombres, apellidos, stud_nombre) VALUES (10000044, 'Beranger', 'Pocur', 'EL MAXI');
INSERT INTO persona(dni, nombres, apellidos, stud_nombre) VALUES (10000045, 'Tatin', 'Felicisimo', 'EL MAXI');
INSERT INTO persona(dni, nombres, apellidos, stud_nombre) VALUES (10000046, 'Tomas', 'Flinn', 'EL PADRINO');
INSERT INTO persona(dni, nombres, apellidos, stud_nombre) VALUES (10000047, 'Barrett', 'Firneo', 'EL PADRINO');
INSERT INTO persona(dni, nombres, apellidos, stud_nombre) VALUES (10000048, 'Lucas', 'Fintano', 'EL PADRINO');
INSERT INTO persona(dni, nombres, apellidos, stud_nombre) VALUES (10000049, 'Calixto', 'Crispulo', 'LAS TUTIS');
INSERT INTO persona(dni, nombres, apellidos, stud_nombre) VALUES (10000050, 'Benedicto', 'Ferreolo', 'LAS TUTIS');
INSERT INTO persona(dni, nombres, apellidos, stud_nombre) VALUES (10000051, 'Abel', 'Fiacro', 'LAS TUTIS');
INSERT INTO persona(dni, nombres, apellidos, stud_nombre) VALUES (10000052, 'Calixto', 'Filindo', 'CABO ALARCON');
INSERT INTO persona(dni, nombres, apellidos, stud_nombre) VALUES (10000053, 'Lucas', 'Fileas', 'CABO ALARCON');
INSERT INTO persona(dni, nombres, apellidos, stud_nombre) VALUES (10000054, 'Aaron', 'Corbett', 'CABO ALARCON');
INSERT INTO persona(dni, nombres, apellidos, stud_nombre) VALUES (10000055, 'Camden', 'Cleveland', 'NOE MAR');
INSERT INTO persona(dni, nombres, apellidos, stud_nombre) VALUES (10000056, 'Mauricio', 'Perez', 'NOE MAR');
INSERT INTO persona(dni, nombres, apellidos, stud_nombre) VALUES (10000057, 'Abrahan', 'Rodriguez', 'NOE MAR');
INSERT INTO persona(dni, nombres, apellidos, stud_nombre) VALUES (10000058, 'Sebastian', 'Florian', 'LOS COLORADOS');
INSERT INTO persona(dni, nombres, apellidos, stud_nombre) VALUES (10000059, 'Santiago', 'Rodriguez', 'LOS COLORADOS');
INSERT INTO persona(dni, nombres, apellidos, stud_nombre) VALUES (10000060, 'Abrahan', 'Febronio', 'LOS COLORADOS');
INSERT INTO persona(dni, nombres, apellidos, stud_nombre) VALUES (10000061, 'Fabian', 'Floviano', 'FIRMAMENTO');
INSERT INTO persona(dni, nombres, apellidos, stud_nombre) VALUES (10000062, 'Mariano', 'Faustiniano', 'FIRMAMENTO');
INSERT INTO persona(dni, nombres, apellidos, stud_nombre) VALUES (10000063, 'Federico', 'Corbett', 'FIRMAMENTO');
INSERT INTO persona(dni, nombres, apellidos, stud_nombre) VALUES (10000064, 'Andres', 'Rodriguez', 'BEVA-ALCA');
INSERT INTO persona(dni, nombres, apellidos, stud_nombre) VALUES (10000065, 'Baltasar', 'Perez', 'BEVA-ALCA');
INSERT INTO persona(dni, nombres, apellidos, stud_nombre) VALUES (10000066, 'Sergio', 'Cooper', 'BEVA-ALCA');
INSERT INTO persona(dni, nombres, apellidos, stud_nombre) VALUES (10000067, 'Fernando', 'Perez', 'LOS HERMANITOS (S.Fe)');
INSERT INTO persona(dni, nombres, apellidos, stud_nombre) VALUES (10000068, 'Federico', 'Perez', 'LOS HERMANITOS (S.Fe)');
INSERT INTO persona(dni, nombres, apellidos, stud_nombre) VALUES (10000069, 'Abel', 'Coriolano', 'LOS HERMANITOS (S.Fe)');
INSERT INTO persona(dni, nombres, apellidos, stud_nombre) VALUES (10000070, 'Carlos', 'Perez', 'EL GUASO');
INSERT INTO persona(dni, nombres, apellidos, stud_nombre) VALUES (10000071, 'Federico', 'Perez', 'EL GUASO');
INSERT INTO persona(dni, nombres, apellidos, stud_nombre) VALUES (10000072, 'Fabian', 'Mirato', 'EL GUASO');
INSERT INTO persona(dni, nombres, apellidos, stud_nombre) VALUES (10000073, 'Fernando', 'Coriolano', 'LA CHUMBEADA');
INSERT INTO persona(dni, nombres, apellidos, stud_nombre) VALUES (10000074, 'Carlos', 'Morza', 'LA CHUMBEADA');
INSERT INTO persona(dni, nombres, apellidos, stud_nombre) VALUES (10000075, 'Fernando', 'Miguez', 'LA CHUMBEADA');
INSERT INTO persona(dni, nombres, apellidos, stud_nombre) VALUES (10000076, 'Facundo', 'Cleveland', 'LOS 4 ASES');
INSERT INTO persona(dni, nombres, apellidos, stud_nombre) VALUES (10000077, 'Permacio', 'Molar', 'LOS 4 ASES');
INSERT INTO persona(dni, nombres, apellidos, stud_nombre) VALUES (10000078, 'Claudiano', 'Raes', 'LOS 4 ASES');
INSERT INTO persona(dni, nombres, apellidos, stud_nombre) VALUES (10000079, 'Pablo', 'Rico', 'LA CAMPANA');
INSERT INTO persona(dni, nombres, apellidos, stud_nombre) VALUES (10000080, 'Baltasar', 'Rolon', 'LA CAMPANA');
INSERT INTO persona(dni, nombres, apellidos, stud_nombre) VALUES (10000081, 'Julian', 'Mecrano', 'LA CAMPANA');
INSERT INTO persona(dni, nombres, apellidos, stud_nombre) VALUES (10000082, 'German', 'Paset', 'LA QUEBRADA');
INSERT INTO persona(dni, nombres, apellidos, stud_nombre) VALUES (10000083, 'Carlos', 'Pocara', 'LA QUEBRADA');
INSERT INTO persona(dni, nombres, apellidos, stud_nombre) VALUES (10000084, 'Petrin', 'Olvert', 'LA QUEBRADA');
INSERT INTO persona(dni, nombres, apellidos, stud_nombre) VALUES (10000085, 'James', 'Merca', 'CUMENEYEN');
INSERT INTO persona(dni, nombres, apellidos, stud_nombre) VALUES (10000086, 'Sebastian', 'Mujica', 'CUMENEYEN');
INSERT INTO persona(dni, nombres, apellidos, stud_nombre) VALUES (10000087, 'Rodrigo', 'Monitz', 'CUMENEYEN');
INSERT INTO persona(dni, nombres, apellidos, stud_nombre) VALUES (10000088, 'Aaron', 'Cleveland', 'CUCUNITO');
INSERT INTO persona(dni, nombres, apellidos, stud_nombre) VALUES (10000089, 'Alberto', 'Licsd', 'CUCUNITO');
INSERT INTO persona(dni, nombres, apellidos, stud_nombre) VALUES (10000090, 'Abel', 'Tradec', 'CUCUNITO');
INSERT INTO persona(dni, nombres, apellidos, stud_nombre) VALUES (10000091, 'Patricio', 'Totiz', 'EL ZAINO');
INSERT INTO persona(dni, nombres, apellidos, stud_nombre) VALUES (10000092, 'Juan Carlos', 'Pera', 'EL ZAINO');
INSERT INTO persona(dni, nombres, apellidos, stud_nombre) VALUES (10000093, 'Jorge', 'Banquito', 'EL ZAINO');
INSERT INTO persona(dni, nombres, apellidos, stud_nombre) VALUES (10000094, 'Matias', 'Farrell', 'VALLE DE LA LUNA');
INSERT INTO persona(dni, nombres, apellidos, stud_nombre) VALUES (10000095, 'Abundio', 'Licrec', 'VALLE DE LA LUNA');
INSERT INTO persona(dni, nombres, apellidos, stud_nombre) VALUES (10000096, 'Charlie', 'Clotario', 'VALLE DE LA LUNA');
INSERT INTO persona(dni, nombres, apellidos, stud_nombre) VALUES (10000097, 'Climaco', 'Marts', 'ESEERREEFE');
INSERT INTO persona(dni, nombres, apellidos, stud_nombre) VALUES (10000098, 'Clicerio', 'Clinio', 'ESEERREEFE');
INSERT INTO persona(dni, nombres, apellidos, stud_nombre) VALUES (10000099, 'Baltasar', 'Faraon', 'ESEERREEFE');
INSERT INTO persona(dni, nombres, apellidos, stud_nombre) VALUES (10000100, 'Claudiano', 'Argesty', 'MIRABELLA');
INSERT INTO persona(dni, nombres, apellidos, stud_nombre) VALUES (10000101, 'Cleto', 'Mirabella', 'MIRABELLA');
INSERT INTO persona(dni, nombres, apellidos, stud_nombre) VALUES (10000102, 'Clero', 'Mirabella', 'MIRABELLA');
INSERT INTO persona(dni, nombres, apellidos, stud_nombre) VALUES (10000103, 'Cleon Adriano', 'Reo', 'L.A. (LP)');
INSERT INTO persona(dni, nombres, apellidos, stud_nombre) VALUES (10000104, 'Cleon', 'Estud', 'L.A. (LP)');
INSERT INTO persona(dni, nombres, apellidos, stud_nombre) VALUES (10000105, 'Cirineo', 'Pertac', 'L.A. (LP)');
INSERT INTO persona(dni, nombres, apellidos, stud_nombre) VALUES (10000106, 'Christos', 'Rodriguez', 'LE FRAGOLE');
INSERT INTO persona(dni, nombres, apellidos, stud_nombre) VALUES (10000107, 'Chukwuma', 'Rodriguez', 'LE FRAGOLE');
INSERT INTO persona(dni, nombres, apellidos, stud_nombre) VALUES (10000108, 'Chase', 'Perez', 'LE FRAGOLE');
INSERT INTO persona(dni, nombres, apellidos, stud_nombre) VALUES (10000109, 'Camden', 'Cochi', 'LA PROVIDENCIA');
INSERT INTO persona(dni, nombres, apellidos, stud_nombre) VALUES (10000110, 'Cesario', 'Farnacio', 'LA PROVIDENCIA');
INSERT INTO persona(dni, nombres, apellidos, stud_nombre) VALUES (10000111, 'Carlisle', 'Coleman', 'LA PROVIDENCIA');
INSERT INTO persona(dni, nombres, apellidos, stud_nombre) VALUES (10000112, 'Celestino', 'Faraj', 'ASAYE');
INSERT INTO persona(dni, nombres, apellidos, stud_nombre) VALUES (10000113, 'Abundio', 'Cochi', 'ASAYE');
INSERT INTO persona(dni, nombres, apellidos, stud_nombre) VALUES (10000114, 'Carlos', 'Fantino', 'ASAYE');
INSERT INTO persona(dni, nombres, apellidos, stud_nombre) VALUES (10000115, 'Celestino', 'Fairfax', '27 DE ABRIL');
INSERT INTO persona(dni, nombres, apellidos, stud_nombre) VALUES (10000116, 'Ceferino', 'Falcon', '27 DE ABRIL');
INSERT INTO persona(dni, nombres, apellidos, stud_nombre) VALUES (10000117, 'Abundio', 'Clinio', '27 DE ABRIL');
INSERT INTO persona(dni, nombres, apellidos, stud_nombre) VALUES (10000118, 'Castor', 'Cooper', 'PINO SOLO');
INSERT INTO persona(dni, nombres, apellidos, stud_nombre) VALUES (10000119, 'Adriano', 'Clotario', 'PINO SOLO');
INSERT INTO persona(dni, nombres, apellidos, stud_nombre) VALUES (10000120, 'Caspar', 'Cooper', 'PINO SOLO');
INSERT INTO persona(dni, nombres, apellidos, stud_nombre) VALUES (10000121, 'Adriano', 'Fairfax', 'QUEREUQUEN');
INSERT INTO persona(dni, nombres, apellidos, stud_nombre) VALUES (10000122, 'Carmelo', 'Clinio', 'QUEREUQUEN');
INSERT INTO persona(dni, nombres, apellidos, stud_nombre) VALUES (10000123, 'Casandro', 'Cooper', 'QUEREUQUEN');
INSERT INTO persona(dni, nombres, apellidos, stud_nombre) VALUES (10000124, 'Abundio', 'Clotario', 'LINDA SIEMPRE');
INSERT INTO persona(dni, nombres, apellidos, stud_nombre) VALUES (10000125, 'Carmelo', 'Coleman', 'LINDA SIEMPRE');
INSERT INTO persona(dni, nombres, apellidos, stud_nombre) VALUES (10000126, 'Carlos', 'Cochi', 'LINDA SIEMPRE');


-- Jockey
INSERT INTO jockey(persona_dni, categoria, talla, peso) VALUES (10000001, 'Profesional', '141.47', '54.47');
INSERT INTO jockey(persona_dni, categoria, talla, peso) VALUES (10000004, 'Profesional', '158.70', '53.76');
INSERT INTO jockey(persona_dni, categoria, talla, peso) VALUES (10000007, 'Profesional', '155.63', '58.44');
INSERT INTO jockey(persona_dni, categoria, talla, peso) VALUES (10000010, 'Profesional', '155.85', '56.85');
INSERT INTO jockey(persona_dni, categoria, talla, peso) VALUES (10000013, 'Profesional', '142.76', '54.78');
INSERT INTO jockey(persona_dni, categoria, talla, peso) VALUES (10000016, 'Profesional', '141.57', '57.51');
INSERT INTO jockey(persona_dni, categoria, talla, peso) VALUES (10000019, 'Profesional', '146.58', '56.58');
INSERT INTO jockey(persona_dni, categoria, talla, peso) VALUES (10000022, 'Profesional', '143.24', '56.13');
INSERT INTO jockey(persona_dni, categoria, talla, peso) VALUES (10000025, 'Profesional', '156.09', '52.03');
INSERT INTO jockey(persona_dni, categoria, talla, peso) VALUES (10000028, 'Profesional', '155.15', '53.34');
INSERT INTO jockey(persona_dni, categoria, talla, peso) VALUES (10000031, 'Profesional', '142.37', '57.31');
INSERT INTO jockey(persona_dni, categoria, talla, peso) VALUES (10000034, 'Profesional', '159.90', '57.10');
INSERT INTO jockey(persona_dni, categoria, talla, peso) VALUES (10000037, 'Profesional', '154.72', '57.85');
INSERT INTO jockey(persona_dni, categoria, talla, peso) VALUES (10000040, 'Profesional', '150.45', '53.37');
INSERT INTO jockey(persona_dni, categoria, talla, peso) VALUES (10000043, 'Profesional', '153.01', '50.26');
INSERT INTO jockey(persona_dni, categoria, talla, peso) VALUES (10000046, 'Profesional', '148.50', '59.68');
INSERT INTO jockey(persona_dni, categoria, talla, peso) VALUES (10000049, 'Profesional', '152.56', '53.81');
INSERT INTO jockey(persona_dni, categoria, talla, peso) VALUES (10000052, 'Profesional', '159.98', '54.10');
INSERT INTO jockey(persona_dni, categoria, talla, peso) VALUES (10000055, 'Profesional', '152.85', '52.59');
INSERT INTO jockey(persona_dni, categoria, talla, peso) VALUES (10000058, 'Profesional', '158.47', '55.58');
INSERT INTO jockey(persona_dni, categoria, talla, peso) VALUES (10000061, 'Profesional', '152.01', '56.83');
INSERT INTO jockey(persona_dni, categoria, talla, peso) VALUES (10000064, 'Profesional', '143.49', '55.64');
INSERT INTO jockey(persona_dni, categoria, talla, peso) VALUES (10000067, 'Profesional', '155.27', '54.79');
INSERT INTO jockey(persona_dni, categoria, talla, peso) VALUES (10000070, 'Profesional', '142.15', '55.20');
INSERT INTO jockey(persona_dni, categoria, talla, peso) VALUES (10000073, 'Profesional', '147.68', '54.28');
INSERT INTO jockey(persona_dni, categoria, talla, peso) VALUES (10000076, 'Profesional', '149.75', '55.33');
INSERT INTO jockey(persona_dni, categoria, talla, peso) VALUES (10000079, 'Profesional', '158.49', '56.85');
INSERT INTO jockey(persona_dni, categoria, talla, peso) VALUES (10000082, 'Profesional', '157.98', '54.84');
INSERT INTO jockey(persona_dni, categoria, talla, peso) VALUES (10000085, 'Profesional', '158.11', '55.72');
INSERT INTO jockey(persona_dni, categoria, talla, peso) VALUES (10000088, 'Profesional', '157.52', '53.28');
INSERT INTO jockey(persona_dni, categoria, talla, peso) VALUES (10000091, 'Profesional', '157.29', '52.99');
INSERT INTO jockey(persona_dni, categoria, talla, peso) VALUES (10000094, 'Profesional', '146.27', '53.02');
INSERT INTO jockey(persona_dni, categoria, talla, peso) VALUES (10000097, 'Profesional', '142.24', '50.80');
INSERT INTO jockey(persona_dni, categoria, talla, peso) VALUES (10000100, 'Profesional', '143.82', '59.79');
INSERT INTO jockey(persona_dni, categoria, talla, peso) VALUES (10000103, 'Profesional', '159.90', '55.63');
INSERT INTO jockey(persona_dni, categoria, talla, peso) VALUES (10000106, 'Profesional', '148.34', '57.26');
INSERT INTO jockey(persona_dni, categoria, talla, peso) VALUES (10000109, 'Profesional', '142.79', '55.10');
INSERT INTO jockey(persona_dni, categoria, talla, peso) VALUES (10000112, 'Profesional', '152.89', '57.36');
INSERT INTO jockey(persona_dni, categoria, talla, peso) VALUES (10000115, 'Profesional', '154.51', '51.69');
INSERT INTO jockey(persona_dni, categoria, talla, peso) VALUES (10000118, 'Profesional', '144.79', '54.95');
INSERT INTO jockey(persona_dni, categoria, talla, peso) VALUES (10000121, 'Profesional', '143.39', '58.36');
INSERT INTO jockey(persona_dni, categoria, talla, peso) VALUES (10000124, 'Profesional', '143.88', '52.11');


-- Entrenador
INSERT INTO entrenador(persona_dni) VALUES (10000002);
INSERT INTO entrenador(persona_dni) VALUES (10000005);
INSERT INTO entrenador(persona_dni) VALUES (10000008);
INSERT INTO entrenador(persona_dni) VALUES (10000011);
INSERT INTO entrenador(persona_dni) VALUES (10000014);
INSERT INTO entrenador(persona_dni) VALUES (10000017);
INSERT INTO entrenador(persona_dni) VALUES (10000020);
INSERT INTO entrenador(persona_dni) VALUES (10000023);
INSERT INTO entrenador(persona_dni) VALUES (10000026);
INSERT INTO entrenador(persona_dni) VALUES (10000029);
INSERT INTO entrenador(persona_dni) VALUES (10000032);
INSERT INTO entrenador(persona_dni) VALUES (10000035);
INSERT INTO entrenador(persona_dni) VALUES (10000038);
INSERT INTO entrenador(persona_dni) VALUES (10000041);
INSERT INTO entrenador(persona_dni) VALUES (10000044);
INSERT INTO entrenador(persona_dni) VALUES (10000047);
INSERT INTO entrenador(persona_dni) VALUES (10000050);
INSERT INTO entrenador(persona_dni) VALUES (10000053);
INSERT INTO entrenador(persona_dni) VALUES (10000056);
INSERT INTO entrenador(persona_dni) VALUES (10000059);
INSERT INTO entrenador(persona_dni) VALUES (10000062);
INSERT INTO entrenador(persona_dni) VALUES (10000065);
INSERT INTO entrenador(persona_dni) VALUES (10000068);
INSERT INTO entrenador(persona_dni) VALUES (10000071);
INSERT INTO entrenador(persona_dni) VALUES (10000074);
INSERT INTO entrenador(persona_dni) VALUES (10000077);
INSERT INTO entrenador(persona_dni) VALUES (10000080);
INSERT INTO entrenador(persona_dni) VALUES (10000083);
INSERT INTO entrenador(persona_dni) VALUES (10000086);
INSERT INTO entrenador(persona_dni) VALUES (10000089);
INSERT INTO entrenador(persona_dni) VALUES (10000092);
INSERT INTO entrenador(persona_dni) VALUES (10000095);
INSERT INTO entrenador(persona_dni) VALUES (10000098);
INSERT INTO entrenador(persona_dni) VALUES (10000101);
INSERT INTO entrenador(persona_dni) VALUES (10000104);
INSERT INTO entrenador(persona_dni) VALUES (10000107);
INSERT INTO entrenador(persona_dni) VALUES (10000110);
INSERT INTO entrenador(persona_dni) VALUES (10000113);
INSERT INTO entrenador(persona_dni) VALUES (10000116);
INSERT INTO entrenador(persona_dni) VALUES (10000119);
INSERT INTO entrenador(persona_dni) VALUES (10000122);
INSERT INTO entrenador(persona_dni) VALUES (10000125);


-- Cuidador
INSERT INTO cuidador(persona_dni) VALUES (10000003);
INSERT INTO cuidador(persona_dni) VALUES (10000006);
INSERT INTO cuidador(persona_dni) VALUES (10000009);
INSERT INTO cuidador(persona_dni) VALUES (10000012);
INSERT INTO cuidador(persona_dni) VALUES (10000015);
INSERT INTO cuidador(persona_dni) VALUES (10000018);
INSERT INTO cuidador(persona_dni) VALUES (10000021);
INSERT INTO cuidador(persona_dni) VALUES (10000024);
INSERT INTO cuidador(persona_dni) VALUES (10000027);
INSERT INTO cuidador(persona_dni) VALUES (10000030);
INSERT INTO cuidador(persona_dni) VALUES (10000033);
INSERT INTO cuidador(persona_dni) VALUES (10000036);
INSERT INTO cuidador(persona_dni) VALUES (10000039);
INSERT INTO cuidador(persona_dni) VALUES (10000042);
INSERT INTO cuidador(persona_dni) VALUES (10000045);
INSERT INTO cuidador(persona_dni) VALUES (10000048);
INSERT INTO cuidador(persona_dni) VALUES (10000051);
INSERT INTO cuidador(persona_dni) VALUES (10000054);
INSERT INTO cuidador(persona_dni) VALUES (10000057);
INSERT INTO cuidador(persona_dni) VALUES (10000060);
INSERT INTO cuidador(persona_dni) VALUES (10000063);
INSERT INTO cuidador(persona_dni) VALUES (10000066);
INSERT INTO cuidador(persona_dni) VALUES (10000069);
INSERT INTO cuidador(persona_dni) VALUES (10000072);
INSERT INTO cuidador(persona_dni) VALUES (10000075);
INSERT INTO cuidador(persona_dni) VALUES (10000078);
INSERT INTO cuidador(persona_dni) VALUES (10000081);
INSERT INTO cuidador(persona_dni) VALUES (10000084);
INSERT INTO cuidador(persona_dni) VALUES (10000087);
INSERT INTO cuidador(persona_dni) VALUES (10000090);
INSERT INTO cuidador(persona_dni) VALUES (10000093);
INSERT INTO cuidador(persona_dni) VALUES (10000096);
INSERT INTO cuidador(persona_dni) VALUES (10000099);
INSERT INTO cuidador(persona_dni) VALUES (10000102);
INSERT INTO cuidador(persona_dni) VALUES (10000105);
INSERT INTO cuidador(persona_dni) VALUES (10000108);
INSERT INTO cuidador(persona_dni) VALUES (10000111);
INSERT INTO cuidador(persona_dni) VALUES (10000114);
INSERT INTO cuidador(persona_dni) VALUES (10000117);
INSERT INTO cuidador(persona_dni) VALUES (10000120);
INSERT INTO cuidador(persona_dni) VALUES (10000123);
INSERT INTO cuidador(persona_dni) VALUES (10000126);


-- Equino
INSERT INTO equino(nombre, tipo, pelaje, sexo, handicap, stud_nombre, cuidador_persona_dni, entrenador_persona_dni) VALUES ('IMPERIOSO', 'Ganador de primera', 'Gris', 0, '66.4', 'CAITO', 10000003, 10000002);
INSERT INTO equino(nombre, tipo, pelaje, sexo, handicap, stud_nombre, cuidador_persona_dni, entrenador_persona_dni) VALUES ('PAMPERO', 'Ganador de primera', 'Marron oscuro', 0, '48.7', 'MAM', 10000006, 10000005);
INSERT INTO equino(nombre, tipo, pelaje, sexo, handicap, stud_nombre, cuidador_persona_dni, entrenador_persona_dni) VALUES ('PALMICHE', 'Ganador de primera', 'Azul', 0, '26.8', 'GAUCHITO GIL', 10000009, 10000008);
INSERT INTO equino(nombre, tipo, pelaje, sexo, handicap, stud_nombre, cuidador_persona_dni, entrenador_persona_dni) VALUES ('LA LEYENDA BEDUINA DE LA CREACION DEL CABALLO', 'Ganador de primera', 'Rojo', 1, '29.3', 'B.J.(Vguay.)', 10000012, 10000011);
INSERT INTO equino(nombre, tipo, pelaje, sexo, handicap, stud_nombre, cuidador_persona_dni, entrenador_persona_dni) VALUES ('MAGNOLIA', 'Ganador de primera', 'Rojo', 1, '67.2', 'GENTE DE TURF', 10000015, 10000014);
INSERT INTO equino(nombre, tipo, pelaje, sexo, handicap, stud_nombre, cuidador_persona_dni, entrenador_persona_dni) VALUES ('MARSALA', 'Ganador de primera', 'Marron oscuro', 1, '71.4', 'VAS-QUITO', 10000018, 10000017);
INSERT INTO equino(nombre, tipo, pelaje, sexo, handicap, stud_nombre, cuidador_persona_dni, entrenador_persona_dni) VALUES ('HAIZUN', 'Ganador de primera', 'Negro', 0, '57.4', 'LOS GATEADOS (MDP)', 10000021, 10000020);
INSERT INTO equino(nombre, tipo, pelaje, sexo, handicap, stud_nombre, cuidador_persona_dni, entrenador_persona_dni) VALUES ('TIRO AL BLANCO', 'Ganador de primera', 'Azul', 0, '45.8', 'HARAS LAS EMMAS', 10000024, 10000023);
INSERT INTO equino(nombre, tipo, pelaje, sexo, handicap, stud_nombre, cuidador_persona_dni, entrenador_persona_dni) VALUES ('STRYMON', 'Ganador de primera', 'Marron', 0, '45.6', 'PASO LOPEZ (Azul)', 10000027, 10000026);
INSERT INTO equino(nombre, tipo, pelaje, sexo, handicap, stud_nombre, cuidador_persona_dni, entrenador_persona_dni) VALUES ('ZAHAREÑO', 'Ganador de primera', 'Rojo', 0, '69.7', 'MOZO BACAN', 10000030, 10000029);
INSERT INTO equino(nombre, tipo, pelaje, sexo, handicap, stud_nombre, cuidador_persona_dni, entrenador_persona_dni) VALUES ('CAGANCHO', 'Ganador de primera', 'Gris', 0, '45.8', 'FEDEX (Azul)', 10000033, 10000032);
INSERT INTO equino(nombre, tipo, pelaje, sexo, handicap, stud_nombre, cuidador_persona_dni, entrenador_persona_dni) VALUES ('PEQUEÑO TIO', 'Ganador de primera', 'Marron oscuro', 0, '71.5', 'EL NEGRO', 10000036, 10000035);
INSERT INTO equino(nombre, tipo, pelaje, sexo, handicap, stud_nombre, cuidador_persona_dni, entrenador_persona_dni) VALUES ('CHING', 'Ganador de primera', 'Gris', 1, '58.1', 'DON LEOPOLDO', 10000039, 10000038);
INSERT INTO equino(nombre, tipo, pelaje, sexo, handicap, stud_nombre, cuidador_persona_dni, entrenador_persona_dni) VALUES ('LA JACA PACA', 'Ganador de primera', 'Azul', 1, '67.0', 'JUBAFER', 10000042, 10000041);
INSERT INTO equino(nombre, tipo, pelaje, sexo, handicap, stud_nombre, cuidador_persona_dni, entrenador_persona_dni) VALUES ('AS DE OROS', 'Ganador de primera', 'Negro', 0, '85.8', 'EL MAXI', 10000045, 10000044);
INSERT INTO equino(nombre, tipo, pelaje, sexo, handicap, stud_nombre, cuidador_persona_dni, entrenador_persona_dni) VALUES ('NELSON', 'Ganador de primera', 'Azul', 0, '46.4', 'EL PADRINO', 10000048, 10000047);
INSERT INTO equino(nombre, tipo, pelaje, sexo, handicap, stud_nombre, cuidador_persona_dni, entrenador_persona_dni) VALUES ('BUCEFALO', 'Ganador de primera', 'Marron oscuro', 0, '63.8', 'LAS TUTIS', 10000051, 10000050);
INSERT INTO equino(nombre, tipo, pelaje, sexo, handicap, stud_nombre, cuidador_persona_dni, entrenador_persona_dni) VALUES ('CABALLO DE TROYA', 'Ganador de primera', 'Marron', 0, '47.2', 'CABO ALARCON', 10000054, 10000053);
INSERT INTO equino(nombre, tipo, pelaje, sexo, handicap, stud_nombre, cuidador_persona_dni, entrenador_persona_dni) VALUES ('MORZILLO', 'Ganador de primera', 'Gris', 0, '39.7', 'NOE MAR', 10000057, 10000056);
INSERT INTO equino(nombre, tipo, pelaje, sexo, handicap, stud_nombre, cuidador_persona_dni, entrenador_persona_dni) VALUES ('SOMBRA GRIS', 'Ganador de primera', 'Rubio', 0, '33.5', 'LOS COLORADOS', 10000060, 10000059);
INSERT INTO equino(nombre, tipo, pelaje, sexo, handicap, stud_nombre, cuidador_persona_dni, entrenador_persona_dni) VALUES ('BLAKIE', 'Ganador de primera', 'Marron oscuro', 0, '61.5', 'FIRMAMENTO', 10000063, 10000062);
INSERT INTO equino(nombre, tipo, pelaje, sexo, handicap, stud_nombre, cuidador_persona_dni, entrenador_persona_dni) VALUES ('JANTO/BALIO', 'Ganador de primera', 'Marron oscuro', 0, '80.7', 'BEVA-ALCA', 10000066, 10000065);
INSERT INTO equino(nombre, tipo, pelaje, sexo, handicap, stud_nombre, cuidador_persona_dni, entrenador_persona_dni) VALUES ('DILU', 'Ganador de primera', 'Rojo', 1, '61.8', 'LOS HERMANITOS (S.Fe)', 10000069, 10000068);
INSERT INTO equino(nombre, tipo, pelaje, sexo, handicap, stud_nombre, cuidador_persona_dni, entrenador_persona_dni) VALUES ('PALOMO', 'Ganador de primera', 'Gris', 0, '14.3', 'EL GUASO', 10000072, 10000071);
INSERT INTO equino(nombre, tipo, pelaje, sexo, handicap, stud_nombre, cuidador_persona_dni, entrenador_persona_dni) VALUES ('SILVER', 'Ganador de primera', 'Gris', 0, '22.8', 'LA CHUMBEADA', 10000075, 10000074);
INSERT INTO equino(nombre, tipo, pelaje, sexo, handicap, stud_nombre, cuidador_persona_dni, entrenador_persona_dni) VALUES ('SALVADOR', 'Ganador de primera', 'Marron', 0, '55.6', 'LOS 4 ASES', 10000078, 10000077);
INSERT INTO equino(nombre, tipo, pelaje, sexo, handicap, stud_nombre, cuidador_persona_dni, entrenador_persona_dni) VALUES ('GENITOR', 'Ganador de primera', 'Rojo', 0, '28.0', 'LA CAMPANA', 10000081, 10000080);
INSERT INTO equino(nombre, tipo, pelaje, sexo, handicap, stud_nombre, cuidador_persona_dni, entrenador_persona_dni) VALUES ('SILVER BLAZE', 'Ganador de primera', 'Negro', 0, '42.8', 'LA QUEBRADA', 10000084, 10000083);
INSERT INTO equino(nombre, tipo, pelaje, sexo, handicap, stud_nombre, cuidador_persona_dni, entrenador_persona_dni) VALUES ('JOLLY JUMPER', 'Ganador de primera', 'Rojo', 0, '47.3', 'CUMENEYEN', 10000087, 10000086);
INSERT INTO equino(nombre, tipo, pelaje, sexo, handicap, stud_nombre, cuidador_persona_dni, entrenador_persona_dni) VALUES ('EL PRIETO', 'Ganador de primera', 'Marron', 0, '84.2', 'CUCUNITO', 10000090, 10000089);
INSERT INTO equino(nombre, tipo, pelaje, sexo, handicap, stud_nombre, cuidador_persona_dni, entrenador_persona_dni) VALUES ('HIPOGRIFO', 'Ganador de primera', 'Marron', 0, '67.1', 'EL ZAINO', 10000093, 10000092);
INSERT INTO equino(nombre, tipo, pelaje, sexo, handicap, stud_nombre, cuidador_persona_dni, entrenador_persona_dni) VALUES ('RED FOX', 'Ganador de primera', 'Azul', 0, '78.8', 'VALLE DE LA LUNA', 10000096, 10000095);
INSERT INTO equino(nombre, tipo, pelaje, sexo, handicap, stud_nombre, cuidador_persona_dni, entrenador_persona_dni) VALUES ('TORDILLO', 'Ganador de primera', 'Marron', 0, '64.0', 'ESEERREEFE', 10000099, 10000098);
INSERT INTO equino(nombre, tipo, pelaje, sexo, handicap, stud_nombre, cuidador_persona_dni, entrenador_persona_dni) VALUES ('HENGROEN', 'Ganador de primera', 'Rojo', 0, '37.5', 'MIRABELLA', 10000102, 10000101);
INSERT INTO equino(nombre, tipo, pelaje, sexo, handicap, stud_nombre, cuidador_persona_dni, entrenador_persona_dni) VALUES ('KANTAKA', 'Ganador de primera', 'Azul', 1, '89.4', 'L.A. (LP)', 10000105, 10000104);
INSERT INTO equino(nombre, tipo, pelaje, sexo, handicap, stud_nombre, cuidador_persona_dni, entrenador_persona_dni) VALUES ('PASTOR', 'Ganador de primera', 'Gris', 0, '39.0', 'LE FRAGOLE', 10000108, 10000107);
INSERT INTO equino(nombre, tipo, pelaje, sexo, handicap, stud_nombre, cuidador_persona_dni, entrenador_persona_dni) VALUES ('JINN', 'Ganador de primera', 'Rubio', 0, '25.5', 'LA PROVIDENCIA', 10000111, 10000110);
INSERT INTO equino(nombre, tipo, pelaje, sexo, handicap, stud_nombre, cuidador_persona_dni, entrenador_persona_dni) VALUES ('PASCASAS', 'Ganador de primera', 'Marron oscuro', 1, '34.8', 'ASAYE', 10000114, 10000113);
INSERT INTO equino(nombre, tipo, pelaje, sexo, handicap, stud_nombre, cuidador_persona_dni, entrenador_persona_dni) VALUES ('MARENGO', 'Ganador de primera', 'Rubio', 1, '67.3', '27 DE ABRIL', 10000117, 10000116);
INSERT INTO equino(nombre, tipo, pelaje, sexo, handicap, stud_nombre, cuidador_persona_dni, entrenador_persona_dni) VALUES ('MR. ED', 'Ganador de primera', 'Azul', 0, '69.1', 'PINO SOLO', 10000120, 10000119);
INSERT INTO equino(nombre, tipo, pelaje, sexo, handicap, stud_nombre, cuidador_persona_dni, entrenador_persona_dni) VALUES ('PEGASO', 'Ganador de primera', 'Rubio', 0, '39.7', 'QUEREUQUEN', 10000123, 10000122);
INSERT INTO equino(nombre, tipo, pelaje, sexo, handicap, stud_nombre, cuidador_persona_dni, entrenador_persona_dni) VALUES ('KASZTANKA', 'Ganador de primera', 'Azul', 1, '61.1', 'LINDA SIEMPRE', 10000126, 10000125);
UPDATE equino SET padre_nombre='MORZILLO', madre_nombre='PASCASAS' WHERE nombre='IMPERIOSO';
UPDATE equino SET padre_nombre='JOLLY JUMPER', madre_nombre='MAGNOLIA' WHERE nombre='PAMPERO';
UPDATE equino SET padre_nombre='HAIZUN', madre_nombre='PASCASAS' WHERE nombre='PALMICHE';
UPDATE equino SET padre_nombre='MORZILLO', madre_nombre='LA JACA PACA' WHERE nombre='LA LEYENDA BEDUINA DE LA CREACION DEL CABALLO';
UPDATE equino SET padre_nombre='PAMPERO', madre_nombre='LA JACA PACA' WHERE nombre='MAGNOLIA';
UPDATE equino SET padre_nombre='HENGROEN', madre_nombre='LA JACA PACA' WHERE nombre='MARSALA';
UPDATE equino SET padre_nombre='HIPOGRIFO', madre_nombre='KANTAKA' WHERE nombre='HAIZUN';
UPDATE equino SET padre_nombre='HENGROEN', madre_nombre='KANTAKA' WHERE nombre='TIRO AL BLANCO';
UPDATE equino SET padre_nombre='PEQUEÑO TIO', madre_nombre='MARSALA' WHERE nombre='STRYMON';
UPDATE equino SET padre_nombre='HAIZUN', madre_nombre='LA LEYENDA BEDUINA DE LA CREACION DEL CABALLO' WHERE nombre='ZAHAREÑO';
UPDATE equino SET padre_nombre='MORZILLO', madre_nombre='KASZTANKA' WHERE nombre='CAGANCHO';
UPDATE equino SET padre_nombre='SILVER BLAZE', madre_nombre='DILU' WHERE nombre='PEQUEÑO TIO';
UPDATE equino SET padre_nombre='STRYMON', madre_nombre='KANTAKA' WHERE nombre='CHING';
UPDATE equino SET padre_nombre='SILVER BLAZE', madre_nombre='CHING' WHERE nombre='LA JACA PACA';
UPDATE equino SET padre_nombre='JANTO/BALIO', madre_nombre='MAGNOLIA' WHERE nombre='AS DE OROS';
UPDATE equino SET padre_nombre='SOMBRA GRIS', madre_nombre='MARENGO' WHERE nombre='NELSON';
UPDATE equino SET padre_nombre='BUCEFALO', madre_nombre='MARSALA' WHERE nombre='BUCEFALO';
UPDATE equino SET padre_nombre='HENGROEN', madre_nombre='LA LEYENDA BEDUINA DE LA CREACION DEL CABALLO' WHERE nombre='CABALLO DE TROYA';
UPDATE equino SET padre_nombre='JANTO/BALIO', madre_nombre='PASCASAS' WHERE nombre='MORZILLO';
UPDATE equino SET padre_nombre='SOMBRA GRIS', madre_nombre='KASZTANKA' WHERE nombre='SOMBRA GRIS';
UPDATE equino SET padre_nombre='SALVADOR', madre_nombre='LA JACA PACA' WHERE nombre='BLAKIE';
UPDATE equino SET padre_nombre='RED FOX', madre_nombre='DILU' WHERE nombre='JANTO/BALIO';
UPDATE equino SET padre_nombre='IMPERIOSO', madre_nombre='MAGNOLIA' WHERE nombre='DILU';
UPDATE equino SET padre_nombre='GENITOR', madre_nombre='MAGNOLIA' WHERE nombre='PALOMO';
UPDATE equino SET padre_nombre='TIRO AL BLANCO', madre_nombre='LA LEYENDA BEDUINA DE LA CREACION DEL CABALLO' WHERE nombre='SILVER';
UPDATE equino SET padre_nombre='PEGASO', madre_nombre='DILU' WHERE nombre='SALVADOR';
UPDATE equino SET padre_nombre='PASTOR', madre_nombre='MAGNOLIA' WHERE nombre='GENITOR';
UPDATE equino SET padre_nombre='IMPERIOSO', madre_nombre='MARSALA' WHERE nombre='SILVER BLAZE';
UPDATE equino SET padre_nombre='PALMICHE', madre_nombre='MARSALA' WHERE nombre='JOLLY JUMPER';
UPDATE equino SET padre_nombre='JINN', madre_nombre='MARSALA' WHERE nombre='EL PRIETO';
UPDATE equino SET padre_nombre='PEQUEÑO TIO', madre_nombre='KASZTANKA' WHERE nombre='HIPOGRIFO';
UPDATE equino SET padre_nombre='ZAHAREÑO', madre_nombre='LA LEYENDA BEDUINA DE LA CREACION DEL CABALLO' WHERE nombre='RED FOX';
UPDATE equino SET padre_nombre='HAIZUN', madre_nombre='LA JACA PACA' WHERE nombre='TORDILLO';
UPDATE equino SET padre_nombre='ZAHAREÑO', madre_nombre='CHING' WHERE nombre='HENGROEN';
UPDATE equino SET padre_nombre='TORDILLO', madre_nombre='MAGNOLIA' WHERE nombre='KANTAKA';
UPDATE equino SET padre_nombre='PEQUEÑO TIO', madre_nombre='KANTAKA' WHERE nombre='PASTOR';
UPDATE equino SET padre_nombre='PEGASO', madre_nombre='KASZTANKA' WHERE nombre='JINN';
UPDATE equino SET padre_nombre='STRYMON', madre_nombre='CHING' WHERE nombre='PASCASAS';
UPDATE equino SET padre_nombre='HENGROEN', madre_nombre='KASZTANKA' WHERE nombre='MARENGO';
UPDATE equino SET padre_nombre='EL PRIETO', madre_nombre='CHING' WHERE nombre='MR. ED';
UPDATE equino SET padre_nombre='PAMPERO', madre_nombre='MAGNOLIA' WHERE nombre='PEGASO';
UPDATE equino SET padre_nombre='GENITOR', madre_nombre='KASZTANKA' WHERE nombre='KASZTANKA';


-- Encuentro
INSERT INTO encuentro(numero, hipodromo_nombre, fecha) VALUES (1687821356, 'Hipodromo de San Isidro', '2013-05-15 15:00:19.158');
INSERT INTO encuentro(numero, hipodromo_nombre, fecha) VALUES (1851397960, 'Hipodromo de San Isidro', '2013-05-16 15:30:19.172');
INSERT INTO encuentro(numero, hipodromo_nombre, fecha) VALUES (1859024093, 'Hipodromo de Palermo', '2013-05-17 13:30:19.173');
INSERT INTO encuentro(numero, hipodromo_nombre, fecha) VALUES (1378035526, 'Hipodromo de La Plata', '2013-05-18 14:00:19.173');
INSERT INTO encuentro(numero, hipodromo_nombre, fecha) VALUES (1397732130, 'Hipodromo de San Isidro', '2013-05-19 14:00:19.173');
INSERT INTO encuentro(numero, hipodromo_nombre, fecha) VALUES (1955627859, 'Hipodromo de Palermo', '2013-05-20 15:00:19.174');
INSERT INTO encuentro(numero, hipodromo_nombre, fecha) VALUES (1335788873, 'Hipodromo de Palermo', '2013-05-21 15:30:19.174');
INSERT INTO encuentro(numero, hipodromo_nombre, fecha) VALUES (1277562396, 'Hipodromo de San Isidro', '2013-05-22 14:30:19.174');
INSERT INTO encuentro(numero, hipodromo_nombre, fecha) VALUES (975045888, 'Hipodromo de Palermo', '2013-05-23 13:30:19.174');
INSERT INTO encuentro(numero, hipodromo_nombre, fecha) VALUES (12605892, 'Hipodromo de Palermo', '2013-05-24 14:30:19.175');
INSERT INTO encuentro(numero, hipodromo_nombre, fecha) VALUES (168083212, 'Hipodromo de Palermo', '2013-05-25 15:00:19.175');
INSERT INTO encuentro(numero, hipodromo_nombre, fecha) VALUES (1302245295, 'Hipodromo de San Isidro', '2013-05-26 15:00:19.176');
INSERT INTO encuentro(numero, hipodromo_nombre, fecha) VALUES (1570749171, 'Hipodromo de La Plata', '2013-05-27 13:00:19.176');
INSERT INTO encuentro(numero, hipodromo_nombre, fecha) VALUES (436148264, 'Hipodromo de La Plata', '2013-05-28 14:30:19.176');
INSERT INTO encuentro(numero, hipodromo_nombre, fecha) VALUES (929530779, 'Hipodromo de San Isidro', '2013-05-29 13:30:19.176');
INSERT INTO encuentro(numero, hipodromo_nombre, fecha) VALUES (281830029, 'Hipodromo de Palermo', '2013-05-30 14:30:19.177');
INSERT INTO encuentro(numero, hipodromo_nombre, fecha) VALUES (1248276283, 'Hipodromo de San Isidro', '2013-05-31 14:00:19.177');
INSERT INTO encuentro(numero, hipodromo_nombre, fecha) VALUES (534654362, 'Hipodromo de San Isidro', '2013-06-01 15:00:19.177');
INSERT INTO encuentro(numero, hipodromo_nombre, fecha) VALUES (1316316927, 'Hipodromo de La Plata', '2013-06-02 14:30:19.178');
INSERT INTO encuentro(numero, hipodromo_nombre, fecha) VALUES (1732964039, 'Hipodromo de San Isidro', '2013-06-03 15:30:19.178');
INSERT INTO encuentro(numero, hipodromo_nombre, fecha) VALUES (1958702818, 'Hipodromo de La Plata', '2013-06-04 14:00:19.178');
INSERT INTO encuentro(numero, hipodromo_nombre, fecha) VALUES (1095498541, 'Hipodromo de La Plata', '2013-06-05 14:30:19.178');
INSERT INTO encuentro(numero, hipodromo_nombre, fecha) VALUES (891694729, 'Hipodromo de San Isidro', '2013-06-06 13:30:19.179');
INSERT INTO encuentro(numero, hipodromo_nombre, fecha) VALUES (724799181, 'Hipodromo de Palermo', '2013-06-07 13:00:19.180');
INSERT INTO encuentro(numero, hipodromo_nombre, fecha) VALUES (1290614947, 'Hipodromo de San Isidro', '2013-06-08 14:00:19.180');
INSERT INTO encuentro(numero, hipodromo_nombre, fecha) VALUES (2012533911, 'Hipodromo de Palermo', '2013-06-09 14:30:19.180');
INSERT INTO encuentro(numero, hipodromo_nombre, fecha) VALUES (1731973775, 'Hipodromo de La Plata', '2013-06-10 14:00:19.181');
INSERT INTO encuentro(numero, hipodromo_nombre, fecha) VALUES (1421733564, 'Hipodromo de San Isidro', '2013-06-11 13:30:19.181');
INSERT INTO encuentro(numero, hipodromo_nombre, fecha) VALUES (133168444, 'Hipodromo de Palermo', '2013-06-12 15:30:19.181');
INSERT INTO encuentro(numero, hipodromo_nombre, fecha) VALUES (1210318508, 'Hipodromo de San Isidro', '2013-06-13 15:30:19.181');
INSERT INTO encuentro(numero, hipodromo_nombre, fecha) VALUES (1900248188, 'Hipodromo de La Plata', '2013-06-14 15:00:19.182');
INSERT INTO encuentro(numero, hipodromo_nombre, fecha) VALUES (1952525550, 'Hipodromo de La Plata', '2013-06-15 14:00:19.183');
INSERT INTO encuentro(numero, hipodromo_nombre, fecha) VALUES (1556275057, 'Hipodromo de Palermo', '2013-06-16 15:30:19.183');
INSERT INTO encuentro(numero, hipodromo_nombre, fecha) VALUES (86290663, 'Hipodromo de San Isidro', '2013-06-17 15:30:19.184');
INSERT INTO encuentro(numero, hipodromo_nombre, fecha) VALUES (1476651, 'Hipodromo de Palermo', '2013-06-18 14:00:19.184');
INSERT INTO encuentro(numero, hipodromo_nombre, fecha) VALUES (1366612357, 'Hipodromo de Palermo', '2013-06-19 15:00:19.184');
INSERT INTO encuentro(numero, hipodromo_nombre, fecha) VALUES (1981658111, 'Hipodromo de Palermo', '2013-06-20 13:30:19.184');
INSERT INTO encuentro(numero, hipodromo_nombre, fecha) VALUES (1512248492, 'Hipodromo de Palermo', '2013-06-21 14:30:19.185');
INSERT INTO encuentro(numero, hipodromo_nombre, fecha) VALUES (1155236713, 'Hipodromo de Palermo', '2013-06-22 13:00:19.185');
INSERT INTO encuentro(numero, hipodromo_nombre, fecha) VALUES (1834088198, 'Hipodromo de La Plata', '2013-06-23 15:00:19.185');
INSERT INTO encuentro(numero, hipodromo_nombre, fecha) VALUES (1488323035, 'Hipodromo de La Plata', '2013-06-24 14:30:19.192');
INSERT INTO encuentro(numero, hipodromo_nombre, fecha) VALUES (1468876031, 'Hipodromo de Palermo', '2013-06-25 15:30:19.192');


-- Carrera
INSERT INTO carrera(numero, encuentro_numero, tipo, estado_pista, estado_tiempo, sexo_equinos, distancia, hora, pista_nombre, pista_hipodromo_nombre) VALUES (0, 1687821356, 'Clasicas', 'Embarrada', 'Bueno', 2, 589, '15:00:19.158', 'Pista 6', 'Hipodromo de San Isidro');
INSERT INTO carrera(numero, encuentro_numero, tipo, estado_pista, estado_tiempo, sexo_equinos, distancia, hora, pista_nombre, pista_hipodromo_nombre) VALUES (19, 1687821356, 'Handicap', 'Resvalosa', 'Bueno', 2, 596, '15:00:19.158', 'Pista 6', 'Hipodromo de San Isidro');
INSERT INTO carrera(numero, encuentro_numero, tipo, estado_pista, estado_tiempo, sexo_equinos, distancia, hora, pista_nombre, pista_hipodromo_nombre) VALUES (19, 1851397960, 'De grado', 'Excelente', 'Bueno', 2, 484, '15:30:19.172', 'Pista 5', 'Hipodromo de San Isidro');
INSERT INTO carrera(numero, encuentro_numero, tipo, estado_pista, estado_tiempo, sexo_equinos, distancia, hora, pista_nombre, pista_hipodromo_nombre) VALUES (22, 1851397960, 'Clasicas', 'Excelente', 'Bueno', 0, 461, '15:30:19.172', 'Pista 5', 'Hipodromo de San Isidro');
INSERT INTO carrera(numero, encuentro_numero, tipo, estado_pista, estado_tiempo, sexo_equinos, distancia, hora, pista_nombre, pista_hipodromo_nombre) VALUES (27, 1859024093, 'De grado', 'Excelente', 'Bueno', 2, 582, '13:30:19.173', 'Pista 7', 'Hipodromo de Palermo');
INSERT INTO carrera(numero, encuentro_numero, tipo, estado_pista, estado_tiempo, sexo_equinos, distancia, hora, pista_nombre, pista_hipodromo_nombre) VALUES (36, 1859024093, 'De grado', 'Embarrada', 'Bueno', 2, 466, '13:30:19.173', 'Pista 8', 'Hipodromo de Palermo');
INSERT INTO carrera(numero, encuentro_numero, tipo, estado_pista, estado_tiempo, sexo_equinos, distancia, hora, pista_nombre, pista_hipodromo_nombre) VALUES (35, 1378035526, 'De grado', 'Buena', 'Bueno', 1, 486, '14:00:19.173', 'Pista 2', 'Hipodromo de La Plata');
INSERT INTO carrera(numero, encuentro_numero, tipo, estado_pista, estado_tiempo, sexo_equinos, distancia, hora, pista_nombre, pista_hipodromo_nombre) VALUES (41, 1397732130, 'Clasicas', 'Excelente', 'Bueno', 1, 418, '14:00:19.173', 'Pista 5', 'Hipodromo de San Isidro');
INSERT INTO carrera(numero, encuentro_numero, tipo, estado_pista, estado_tiempo, sexo_equinos, distancia, hora, pista_nombre, pista_hipodromo_nombre) VALUES (57, 1397732130, 'Perdedores', 'Embarrada', 'Bueno', 0, 572, '14:00:19.173', 'Pista 6', 'Hipodromo de San Isidro');
INSERT INTO carrera(numero, encuentro_numero, tipo, estado_pista, estado_tiempo, sexo_equinos, distancia, hora, pista_nombre, pista_hipodromo_nombre) VALUES (59, 1955627859, 'De grado', 'Buena', 'Bueno', 1, 433, '15:00:19.174', 'Pista 8', 'Hipodromo de Palermo');
INSERT INTO carrera(numero, encuentro_numero, tipo, estado_pista, estado_tiempo, sexo_equinos, distancia, hora, pista_nombre, pista_hipodromo_nombre) VALUES (60, 1335788873, 'Perdedores', 'Resvalosa', 'Bueno', 1, 407, '15:30:19.174', 'Pista 7', 'Hipodromo de Palermo');
INSERT INTO carrera(numero, encuentro_numero, tipo, estado_pista, estado_tiempo, sexo_equinos, distancia, hora, pista_nombre, pista_hipodromo_nombre) VALUES (77, 1335788873, 'De grado', 'Embarrada', 'Bueno', 2, 464, '15:30:19.174', 'Pista 7', 'Hipodromo de Palermo');
INSERT INTO carrera(numero, encuentro_numero, tipo, estado_pista, estado_tiempo, sexo_equinos, distancia, hora, pista_nombre, pista_hipodromo_nombre) VALUES (76, 1277562396, 'Clasicas', 'Excelente', 'Bueno', 1, 543, '14:30:19.174', 'Pista 5', 'Hipodromo de San Isidro');
INSERT INTO carrera(numero, encuentro_numero, tipo, estado_pista, estado_tiempo, sexo_equinos, distancia, hora, pista_nombre, pista_hipodromo_nombre) VALUES (84, 1277562396, 'Clasicas', 'Excelente', 'Bueno', 1, 589, '14:30:19.174', 'Pista 6', 'Hipodromo de San Isidro');
INSERT INTO carrera(numero, encuentro_numero, tipo, estado_pista, estado_tiempo, sexo_equinos, distancia, hora, pista_nombre, pista_hipodromo_nombre) VALUES (80, 975045888, 'Perdedores', 'Embarrada', 'Bueno', 2, 424, '13:30:19.174', 'Pista 8', 'Hipodromo de Palermo');
INSERT INTO carrera(numero, encuentro_numero, tipo, estado_pista, estado_tiempo, sexo_equinos, distancia, hora, pista_nombre, pista_hipodromo_nombre) VALUES (90, 975045888, 'Handicap', 'Excelente', 'Bueno', 0, 589, '13:30:19.174', 'Pista 8', 'Hipodromo de Palermo');
INSERT INTO carrera(numero, encuentro_numero, tipo, estado_pista, estado_tiempo, sexo_equinos, distancia, hora, pista_nombre, pista_hipodromo_nombre) VALUES (99, 12605892, 'Clasicas', 'Resvalosa', 'Bueno', 0, 496, '14:30:19.175', 'Pista 8', 'Hipodromo de Palermo');
INSERT INTO carrera(numero, encuentro_numero, tipo, estado_pista, estado_tiempo, sexo_equinos, distancia, hora, pista_nombre, pista_hipodromo_nombre) VALUES (101, 12605892, 'Handicap', 'Buena', 'Bueno', 1, 503, '14:30:19.175', 'Pista 8', 'Hipodromo de Palermo');
INSERT INTO carrera(numero, encuentro_numero, tipo, estado_pista, estado_tiempo, sexo_equinos, distancia, hora, pista_nombre, pista_hipodromo_nombre) VALUES (102, 168083212, 'Perdedores', 'Embarrada', 'Bueno', 0, 451, '15:00:19.175', 'Pista 8', 'Hipodromo de Palermo');
INSERT INTO carrera(numero, encuentro_numero, tipo, estado_pista, estado_tiempo, sexo_equinos, distancia, hora, pista_nombre, pista_hipodromo_nombre) VALUES (110, 168083212, 'Clasicas', 'Excelente', 'Bueno', 2, 510, '15:00:19.175', 'Pista 8', 'Hipodromo de Palermo');
INSERT INTO carrera(numero, encuentro_numero, tipo, estado_pista, estado_tiempo, sexo_equinos, distancia, hora, pista_nombre, pista_hipodromo_nombre) VALUES (110, 1302245295, 'De grado', 'Resvalosa', 'Bueno', 2, 539, '15:00:19.176', 'Pista 6', 'Hipodromo de San Isidro');
INSERT INTO carrera(numero, encuentro_numero, tipo, estado_pista, estado_tiempo, sexo_equinos, distancia, hora, pista_nombre, pista_hipodromo_nombre) VALUES (124, 1570749171, 'Perdedores', 'Buena', 'Bueno', 1, 521, '13:00:19.176', 'Pista 1', 'Hipodromo de La Plata');
INSERT INTO carrera(numero, encuentro_numero, tipo, estado_pista, estado_tiempo, sexo_equinos, distancia, hora, pista_nombre, pista_hipodromo_nombre) VALUES (135, 436148264, 'Clasicas', 'Buena', 'Bueno', 0, 586, '14:30:19.176', 'Pista 4', 'Hipodromo de La Plata');
INSERT INTO carrera(numero, encuentro_numero, tipo, estado_pista, estado_tiempo, sexo_equinos, distancia, hora, pista_nombre, pista_hipodromo_nombre) VALUES (144, 436148264, 'Perdedores', 'Embarrada', 'Bueno', 0, 546, '14:30:19.176', 'Pista 2', 'Hipodromo de La Plata');
INSERT INTO carrera(numero, encuentro_numero, tipo, estado_pista, estado_tiempo, sexo_equinos, distancia, hora, pista_nombre, pista_hipodromo_nombre) VALUES (147, 929530779, 'De grado', 'Resvalosa', 'Bueno', 2, 423, '13:30:19.176', 'Pista 6', 'Hipodromo de San Isidro');
INSERT INTO carrera(numero, encuentro_numero, tipo, estado_pista, estado_tiempo, sexo_equinos, distancia, hora, pista_nombre, pista_hipodromo_nombre) VALUES (153, 281830029, 'Perdedores', 'Resvalosa', 'Bueno', 0, 448, '14:30:19.177', 'Pista 7', 'Hipodromo de Palermo');
INSERT INTO carrera(numero, encuentro_numero, tipo, estado_pista, estado_tiempo, sexo_equinos, distancia, hora, pista_nombre, pista_hipodromo_nombre) VALUES (164, 281830029, 'Handicap', 'Resvalosa', 'Bueno', 1, 434, '14:30:19.177', 'Pista 7', 'Hipodromo de Palermo');
INSERT INTO carrera(numero, encuentro_numero, tipo, estado_pista, estado_tiempo, sexo_equinos, distancia, hora, pista_nombre, pista_hipodromo_nombre) VALUES (165, 1248276283, 'De grado', 'Buena', 'Bueno', 2, 562, '14:00:19.177', 'Pista 5', 'Hipodromo de San Isidro');
INSERT INTO carrera(numero, encuentro_numero, tipo, estado_pista, estado_tiempo, sexo_equinos, distancia, hora, pista_nombre, pista_hipodromo_nombre) VALUES (174, 1248276283, 'Perdedores', 'Buena', 'Bueno', 2, 525, '14:00:19.177', 'Pista 6', 'Hipodromo de San Isidro');
INSERT INTO carrera(numero, encuentro_numero, tipo, estado_pista, estado_tiempo, sexo_equinos, distancia, hora, pista_nombre, pista_hipodromo_nombre) VALUES (176, 534654362, 'Clasicas', 'Resvalosa', 'Bueno', 0, 442, '15:00:19.177', 'Pista 5', 'Hipodromo de San Isidro');
INSERT INTO carrera(numero, encuentro_numero, tipo, estado_pista, estado_tiempo, sexo_equinos, distancia, hora, pista_nombre, pista_hipodromo_nombre) VALUES (188, 1316316927, 'De grado', 'Excelente', 'Bueno', 2, 591, '14:30:19.178', 'Pista 2', 'Hipodromo de La Plata');
INSERT INTO carrera(numero, encuentro_numero, tipo, estado_pista, estado_tiempo, sexo_equinos, distancia, hora, pista_nombre, pista_hipodromo_nombre) VALUES (198, 1316316927, 'Handicap', 'Excelente', 'Bueno', 1, 564, '14:30:19.178', 'Pista 2', 'Hipodromo de La Plata');
INSERT INTO carrera(numero, encuentro_numero, tipo, estado_pista, estado_tiempo, sexo_equinos, distancia, hora, pista_nombre, pista_hipodromo_nombre) VALUES (196, 1732964039, 'Perdedores', 'Buena', 'Bueno', 2, 474, '15:30:19.178', 'Pista 5', 'Hipodromo de San Isidro');
INSERT INTO carrera(numero, encuentro_numero, tipo, estado_pista, estado_tiempo, sexo_equinos, distancia, hora, pista_nombre, pista_hipodromo_nombre) VALUES (204, 1958702818, 'De grado', 'Embarrada', 'Bueno', 1, 402, '14:00:19.178', 'Pista 4', 'Hipodromo de La Plata');
INSERT INTO carrera(numero, encuentro_numero, tipo, estado_pista, estado_tiempo, sexo_equinos, distancia, hora, pista_nombre, pista_hipodromo_nombre) VALUES (216, 1095498541, 'Handicap', 'Embarrada', 'Bueno', 2, 542, '14:30:19.178', 'Pista 3', 'Hipodromo de La Plata');
INSERT INTO carrera(numero, encuentro_numero, tipo, estado_pista, estado_tiempo, sexo_equinos, distancia, hora, pista_nombre, pista_hipodromo_nombre) VALUES (221, 891694729, 'Handicap', 'Resvalosa', 'Bueno', 0, 483, '13:30:19.179', 'Pista 6', 'Hipodromo de San Isidro');
INSERT INTO carrera(numero, encuentro_numero, tipo, estado_pista, estado_tiempo, sexo_equinos, distancia, hora, pista_nombre, pista_hipodromo_nombre) VALUES (236, 724799181, 'Perdedores', 'Embarrada', 'Bueno', 2, 400, '13:00:19.180', 'Pista 8', 'Hipodromo de Palermo');
INSERT INTO carrera(numero, encuentro_numero, tipo, estado_pista, estado_tiempo, sexo_equinos, distancia, hora, pista_nombre, pista_hipodromo_nombre) VALUES (246, 724799181, 'Handicap', 'Embarrada', 'Bueno', 2, 412, '13:00:19.180', 'Pista 7', 'Hipodromo de Palermo');
INSERT INTO carrera(numero, encuentro_numero, tipo, estado_pista, estado_tiempo, sexo_equinos, distancia, hora, pista_nombre, pista_hipodromo_nombre) VALUES (243, 1290614947, 'De grado', 'Excelente', 'Bueno', 1, 471, '14:00:19.180', 'Pista 5', 'Hipodromo de San Isidro');
INSERT INTO carrera(numero, encuentro_numero, tipo, estado_pista, estado_tiempo, sexo_equinos, distancia, hora, pista_nombre, pista_hipodromo_nombre) VALUES (256, 1290614947, 'Handicap', 'Resvalosa', 'Bueno', 2, 510, '14:00:19.180', 'Pista 6', 'Hipodromo de San Isidro');
INSERT INTO carrera(numero, encuentro_numero, tipo, estado_pista, estado_tiempo, sexo_equinos, distancia, hora, pista_nombre, pista_hipodromo_nombre) VALUES (253, 2012533911, 'Clasicas', 'Buena', 'Bueno', 1, 452, '14:30:19.180', 'Pista 8', 'Hipodromo de Palermo');
INSERT INTO carrera(numero, encuentro_numero, tipo, estado_pista, estado_tiempo, sexo_equinos, distancia, hora, pista_nombre, pista_hipodromo_nombre) VALUES (260, 2012533911, 'Handicap', 'Embarrada', 'Bueno', 0, 575, '14:30:19.180', 'Pista 7', 'Hipodromo de Palermo');
INSERT INTO carrera(numero, encuentro_numero, tipo, estado_pista, estado_tiempo, sexo_equinos, distancia, hora, pista_nombre, pista_hipodromo_nombre) VALUES (260, 1731973775, 'Perdedores', 'Buena', 'Bueno', 1, 520, '14:00:19.181', 'Pista 3', 'Hipodromo de La Plata');
INSERT INTO carrera(numero, encuentro_numero, tipo, estado_pista, estado_tiempo, sexo_equinos, distancia, hora, pista_nombre, pista_hipodromo_nombre) VALUES (270, 1731973775, 'Handicap', 'Buena', 'Bueno', 2, 434, '14:00:19.181', 'Pista 1', 'Hipodromo de La Plata');
INSERT INTO carrera(numero, encuentro_numero, tipo, estado_pista, estado_tiempo, sexo_equinos, distancia, hora, pista_nombre, pista_hipodromo_nombre) VALUES (273, 1421733564, 'Perdedores', 'Embarrada', 'Bueno', 2, 533, '13:30:19.181', 'Pista 6', 'Hipodromo de San Isidro');
INSERT INTO carrera(numero, encuentro_numero, tipo, estado_pista, estado_tiempo, sexo_equinos, distancia, hora, pista_nombre, pista_hipodromo_nombre) VALUES (285, 133168444, 'Perdedores', 'Buena', 'Bueno', 2, 438, '15:30:19.181', 'Pista 8', 'Hipodromo de Palermo');
INSERT INTO carrera(numero, encuentro_numero, tipo, estado_pista, estado_tiempo, sexo_equinos, distancia, hora, pista_nombre, pista_hipodromo_nombre) VALUES (297, 1210318508, 'Handicap', 'Excelente', 'Bueno', 2, 482, '15:30:19.181', 'Pista 6', 'Hipodromo de San Isidro');
INSERT INTO carrera(numero, encuentro_numero, tipo, estado_pista, estado_tiempo, sexo_equinos, distancia, hora, pista_nombre, pista_hipodromo_nombre) VALUES (309, 1900248188, 'Handicap', 'Excelente', 'Bueno', 1, 426, '15:00:19.182', 'Pista 2', 'Hipodromo de La Plata');
INSERT INTO carrera(numero, encuentro_numero, tipo, estado_pista, estado_tiempo, sexo_equinos, distancia, hora, pista_nombre, pista_hipodromo_nombre) VALUES (316, 1952525550, 'De grado', 'Embarrada', 'Bueno', 0, 479, '14:00:19.183', 'Pista 1', 'Hipodromo de La Plata');
INSERT INTO carrera(numero, encuentro_numero, tipo, estado_pista, estado_tiempo, sexo_equinos, distancia, hora, pista_nombre, pista_hipodromo_nombre) VALUES (320, 1952525550, 'Handicap', 'Excelente', 'Bueno', 2, 423, '14:00:19.183', 'Pista 2', 'Hipodromo de La Plata');
INSERT INTO carrera(numero, encuentro_numero, tipo, estado_pista, estado_tiempo, sexo_equinos, distancia, hora, pista_nombre, pista_hipodromo_nombre) VALUES (322, 1556275057, 'Handicap', 'Buena', 'Bueno', 0, 596, '15:30:19.183', 'Pista 7', 'Hipodromo de Palermo');
INSERT INTO carrera(numero, encuentro_numero, tipo, estado_pista, estado_tiempo, sexo_equinos, distancia, hora, pista_nombre, pista_hipodromo_nombre) VALUES (332, 86290663, 'De grado', 'Excelente', 'Bueno', 2, 430, '15:30:19.184', 'Pista 6', 'Hipodromo de San Isidro');
INSERT INTO carrera(numero, encuentro_numero, tipo, estado_pista, estado_tiempo, sexo_equinos, distancia, hora, pista_nombre, pista_hipodromo_nombre) VALUES (340, 86290663, 'Perdedores', 'Embarrada', 'Bueno', 0, 568, '15:30:19.184', 'Pista 6', 'Hipodromo de San Isidro');
INSERT INTO carrera(numero, encuentro_numero, tipo, estado_pista, estado_tiempo, sexo_equinos, distancia, hora, pista_nombre, pista_hipodromo_nombre) VALUES (345, 1476651, 'De grado', 'Excelente', 'Bueno', 2, 588, '14:00:19.184', 'Pista 7', 'Hipodromo de Palermo');
INSERT INTO carrera(numero, encuentro_numero, tipo, estado_pista, estado_tiempo, sexo_equinos, distancia, hora, pista_nombre, pista_hipodromo_nombre) VALUES (354, 1476651, 'Perdedores', 'Embarrada', 'Bueno', 1, 449, '14:00:19.184', 'Pista 8', 'Hipodromo de Palermo');
INSERT INTO carrera(numero, encuentro_numero, tipo, estado_pista, estado_tiempo, sexo_equinos, distancia, hora, pista_nombre, pista_hipodromo_nombre) VALUES (351, 1366612357, 'De grado', 'Excelente', 'Bueno', 0, 489, '15:00:19.184', 'Pista 8', 'Hipodromo de Palermo');
INSERT INTO carrera(numero, encuentro_numero, tipo, estado_pista, estado_tiempo, sexo_equinos, distancia, hora, pista_nombre, pista_hipodromo_nombre) VALUES (369, 1981658111, 'Handicap', 'Resvalosa', 'Bueno', 0, 517, '13:30:19.184', 'Pista 7', 'Hipodromo de Palermo');
INSERT INTO carrera(numero, encuentro_numero, tipo, estado_pista, estado_tiempo, sexo_equinos, distancia, hora, pista_nombre, pista_hipodromo_nombre) VALUES (375, 1981658111, 'De grado', 'Embarrada', 'Bueno', 2, 441, '13:30:19.184', 'Pista 8', 'Hipodromo de Palermo');
INSERT INTO carrera(numero, encuentro_numero, tipo, estado_pista, estado_tiempo, sexo_equinos, distancia, hora, pista_nombre, pista_hipodromo_nombre) VALUES (373, 1512248492, 'Handicap', 'Resvalosa', 'Bueno', 0, 485, '14:30:19.185', 'Pista 8', 'Hipodromo de Palermo');
INSERT INTO carrera(numero, encuentro_numero, tipo, estado_pista, estado_tiempo, sexo_equinos, distancia, hora, pista_nombre, pista_hipodromo_nombre) VALUES (381, 1155236713, 'Perdedores', 'Resvalosa', 'Bueno', 0, 531, '13:00:19.185', 'Pista 7', 'Hipodromo de Palermo');
INSERT INTO carrera(numero, encuentro_numero, tipo, estado_pista, estado_tiempo, sexo_equinos, distancia, hora, pista_nombre, pista_hipodromo_nombre) VALUES (394, 1155236713, 'Clasicas', 'Excelente', 'Bueno', 0, 442, '13:00:19.185', 'Pista 8', 'Hipodromo de Palermo');
INSERT INTO carrera(numero, encuentro_numero, tipo, estado_pista, estado_tiempo, sexo_equinos, distancia, hora, pista_nombre, pista_hipodromo_nombre) VALUES (394, 1834088198, 'Perdedores', 'Excelente', 'Bueno', 1, 467, '15:00:19.185', 'Pista 4', 'Hipodromo de La Plata');
INSERT INTO carrera(numero, encuentro_numero, tipo, estado_pista, estado_tiempo, sexo_equinos, distancia, hora, pista_nombre, pista_hipodromo_nombre) VALUES (409, 1488323035, 'Clasicas', 'Excelente', 'Bueno', 1, 527, '14:30:19.192', 'Pista 3', 'Hipodromo de La Plata');
INSERT INTO carrera(numero, encuentro_numero, tipo, estado_pista, estado_tiempo, sexo_equinos, distancia, hora, pista_nombre, pista_hipodromo_nombre) VALUES (416, 1468876031, 'Perdedores', 'Excelente', 'Bueno', 2, 480, '15:30:19.192', 'Pista 7', 'Hipodromo de Palermo');


-- Participacion
INSERT INTO participacion(jockey_persona_dni, equino_nombre, carrera_numero, carrera_encuentro_numero, stud_nombre, tiempo, andarivel, peso_jockey, talla_jockey, handicap_equino, descalificado) VALUES (10000049, 'BUCEFALO', 0, 1687821356, 'LAS TUTIS', 179958, 1, '46.08', '148.11', '54.4', false);
INSERT INTO participacion(jockey_persona_dni, equino_nombre, carrera_numero, carrera_encuentro_numero, stud_nombre, tiempo, andarivel, peso_jockey, talla_jockey, handicap_equino, descalificado) VALUES (10000004, 'PAMPERO', 0, 1687821356, 'MAM', 144277, 2, '49.48', '163.51', '41.7', false);
INSERT INTO participacion(jockey_persona_dni, equino_nombre, carrera_numero, carrera_encuentro_numero, stud_nombre, tiempo, andarivel, peso_jockey, talla_jockey, handicap_equino, descalificado) VALUES (10000061, 'BLAKIE', 0, 1687821356, 'FIRMAMENTO', 129786, 3, '49.72', '153.74', '57.1', false);
INSERT INTO participacion(jockey_persona_dni, equino_nombre, carrera_numero, carrera_encuentro_numero, stud_nombre, tiempo, andarivel, peso_jockey, talla_jockey, handicap_equino, descalificado) VALUES (10000121, 'PEGASO', 19, 1687821356, 'QUEREUQUEN', 142278, 1, '52.05', '141.73', '33.1', false);
INSERT INTO participacion(jockey_persona_dni, equino_nombre, carrera_numero, carrera_encuentro_numero, stud_nombre, tiempo, andarivel, peso_jockey, talla_jockey, handicap_equino, descalificado) VALUES (10000064, 'JANTO/BALIO', 19, 1687821356, 'BEVA-ALCA', 158916, 2, '53.15', '151.12', '78.5', false);
INSERT INTO participacion(jockey_persona_dni, equino_nombre, carrera_numero, carrera_encuentro_numero, stud_nombre, tiempo, andarivel, peso_jockey, talla_jockey, handicap_equino, descalificado) VALUES (10000031, 'CAGANCHO', 19, 1687821356, 'FEDEX (Azul)', 121634, 3, '64.77', '139.14', '40.1', false);
INSERT INTO participacion(jockey_persona_dni, equino_nombre, carrera_numero, carrera_encuentro_numero, stud_nombre, tiempo, andarivel, peso_jockey, talla_jockey, handicap_equino, descalificado) VALUES (10000046, 'NELSON', 19, 1687821356, 'EL PADRINO', 132657, 4, '60.38', '150.10', '40.0', false);
INSERT INTO participacion(jockey_persona_dni, equino_nombre, carrera_numero, carrera_encuentro_numero, stud_nombre, tiempo, andarivel, peso_jockey, talla_jockey, handicap_equino, descalificado) VALUES (10000004, 'PAMPERO', 19, 1851397960, 'MAM', 174757, 5, '51.89', '158.92', '44.1', false);
INSERT INTO participacion(jockey_persona_dni, equino_nombre, carrera_numero, carrera_encuentro_numero, stud_nombre, tiempo, andarivel, peso_jockey, talla_jockey, handicap_equino, descalificado) VALUES (10000097, 'TORDILLO', 19, 1851397960, 'ESEERREEFE', 173505, 6, '47.25', '132.82', '54.7', false);
INSERT INTO participacion(jockey_persona_dni, equino_nombre, carrera_numero, carrera_encuentro_numero, stud_nombre, tiempo, andarivel, peso_jockey, talla_jockey, handicap_equino, descalificado) VALUES (10000055, 'MORZILLO', 19, 1851397960, 'NOE MAR', 120774, 7, '46.37', '160.83', '31.1', false);
INSERT INTO participacion(jockey_persona_dni, equino_nombre, carrera_numero, carrera_encuentro_numero, stud_nombre, tiempo, andarivel, peso_jockey, talla_jockey, handicap_equino, descalificado) VALUES (10000013, 'MAGNOLIA', 22, 1851397960, 'GENTE DE TURF', 140587, 1, '49.00', '141.60', '59.2', false);
INSERT INTO participacion(jockey_persona_dni, equino_nombre, carrera_numero, carrera_encuentro_numero, stud_nombre, tiempo, andarivel, peso_jockey, talla_jockey, handicap_equino, descalificado) VALUES (10000040, 'LA JACA PACA', 22, 1851397960, 'JUBAFER', 146485, 2, '57.26', '147.48', '63.8', false);
INSERT INTO participacion(jockey_persona_dni, equino_nombre, carrera_numero, carrera_encuentro_numero, stud_nombre, tiempo, andarivel, peso_jockey, talla_jockey, handicap_equino, descalificado) VALUES (10000124, 'KASZTANKA', 22, 1851397960, 'LINDA SIEMPRE', 152471, 3, '56.64', '146.68', '59.0', false);
INSERT INTO participacion(jockey_persona_dni, equino_nombre, carrera_numero, carrera_encuentro_numero, stud_nombre, tiempo, andarivel, peso_jockey, talla_jockey, handicap_equino, descalificado) VALUES (10000073, 'SILVER', 27, 1859024093, 'LA CHUMBEADA', 162920, 1, '61.54', '146.05', '21.6', false);
INSERT INTO participacion(jockey_persona_dni, equino_nombre, carrera_numero, carrera_encuentro_numero, stud_nombre, tiempo, andarivel, peso_jockey, talla_jockey, handicap_equino, descalificado) VALUES (10000079, 'GENITOR', 27, 1859024093, 'LA CAMPANA', 123738, 2, '51.85', '157.58', '27.9', false);
INSERT INTO participacion(jockey_persona_dni, equino_nombre, carrera_numero, carrera_encuentro_numero, stud_nombre, tiempo, andarivel, peso_jockey, talla_jockey, handicap_equino, descalificado) VALUES (10000055, 'MORZILLO', 27, 1859024093, 'NOE MAR', 133795, 3, '60.25', '157.64', '34.2', false);
INSERT INTO participacion(jockey_persona_dni, equino_nombre, carrera_numero, carrera_encuentro_numero, stud_nombre, tiempo, andarivel, peso_jockey, talla_jockey, handicap_equino, descalificado) VALUES (10000076, 'SALVADOR', 27, 1859024093, 'LOS 4 ASES', 129891, 4, '48.85', '149.10', '54.4', false);
INSERT INTO participacion(jockey_persona_dni, equino_nombre, carrera_numero, carrera_encuentro_numero, stud_nombre, tiempo, andarivel, peso_jockey, talla_jockey, handicap_equino, descalificado) VALUES (10000001, 'IMPERIOSO', 36, 1859024093, 'CAITO', 128207, 1, '56.28', '136.36', '64.6', false);
INSERT INTO participacion(jockey_persona_dni, equino_nombre, carrera_numero, carrera_encuentro_numero, stud_nombre, tiempo, andarivel, peso_jockey, talla_jockey, handicap_equino, descalificado) VALUES (10000034, 'PEQUEÑO TIO', 36, 1859024093, 'EL NEGRO', 173252, 2, '53.38', '159.03', '64.2', false);
INSERT INTO participacion(jockey_persona_dni, equino_nombre, carrera_numero, carrera_encuentro_numero, stud_nombre, tiempo, andarivel, peso_jockey, talla_jockey, handicap_equino, descalificado) VALUES (10000118, 'MR. ED', 36, 1859024093, 'PINO SOLO', 172447, 3, '59.50', '147.74', '64.4', false);
INSERT INTO participacion(jockey_persona_dni, equino_nombre, carrera_numero, carrera_encuentro_numero, stud_nombre, tiempo, andarivel, peso_jockey, talla_jockey, handicap_equino, descalificado) VALUES (10000034, 'PEQUEÑO TIO', 35, 1378035526, 'EL NEGRO', 169116, 1, '53.98', '161.61', '68.9', false);
INSERT INTO participacion(jockey_persona_dni, equino_nombre, carrera_numero, carrera_encuentro_numero, stud_nombre, tiempo, andarivel, peso_jockey, talla_jockey, handicap_equino, descalificado) VALUES (10000097, 'TORDILLO', 35, 1378035526, 'ESEERREEFE', 165630, 2, '49.33', '143.63', '58.4', false);
INSERT INTO participacion(jockey_persona_dni, equino_nombre, carrera_numero, carrera_encuentro_numero, stud_nombre, tiempo, andarivel, peso_jockey, talla_jockey, handicap_equino, descalificado) VALUES (10000079, 'GENITOR', 35, 1378035526, 'LA CAMPANA', 156816, 3, '56.47', '159.59', '22.3', false);
INSERT INTO participacion(jockey_persona_dni, equino_nombre, carrera_numero, carrera_encuentro_numero, stud_nombre, tiempo, andarivel, peso_jockey, talla_jockey, handicap_equino, descalificado) VALUES (10000001, 'IMPERIOSO', 35, 1378035526, 'CAITO', 142893, 4, '49.98', '141.40', '62.1', false);
INSERT INTO participacion(jockey_persona_dni, equino_nombre, carrera_numero, carrera_encuentro_numero, stud_nombre, tiempo, andarivel, peso_jockey, talla_jockey, handicap_equino, descalificado) VALUES (10000082, 'SILVER BLAZE', 41, 1397732130, 'LA QUEBRADA', 155746, 1, '54.90', '160.94', '34.5', false);
INSERT INTO participacion(jockey_persona_dni, equino_nombre, carrera_numero, carrera_encuentro_numero, stud_nombre, tiempo, andarivel, peso_jockey, talla_jockey, handicap_equino, descalificado) VALUES (10000070, 'PALOMO', 41, 1397732130, 'EL GUASO', 127370, 2, '59.30', '151.83', '4.4', false);
INSERT INTO participacion(jockey_persona_dni, equino_nombre, carrera_numero, carrera_encuentro_numero, stud_nombre, tiempo, andarivel, peso_jockey, talla_jockey, handicap_equino, descalificado) VALUES (10000004, 'PAMPERO', 41, 1397732130, 'MAM', 158275, 3, '58.26', '165.55', '43.6', false);
INSERT INTO participacion(jockey_persona_dni, equino_nombre, carrera_numero, carrera_encuentro_numero, stud_nombre, tiempo, andarivel, peso_jockey, talla_jockey, handicap_equino, descalificado) VALUES (10000064, 'JANTO/BALIO', 41, 1397732130, 'BEVA-ALCA', 156377, 4, '56.50', '147.52', '77.2', false);
INSERT INTO participacion(jockey_persona_dni, equino_nombre, carrera_numero, carrera_encuentro_numero, stud_nombre, tiempo, andarivel, peso_jockey, talla_jockey, handicap_equino, descalificado) VALUES (10000037, 'CHING', 57, 1397732130, 'DON LEOPOLDO', 176756, 1, '61.88', '159.54', '53.6', false);
INSERT INTO participacion(jockey_persona_dni, equino_nombre, carrera_numero, carrera_encuentro_numero, stud_nombre, tiempo, andarivel, peso_jockey, talla_jockey, handicap_equino, descalificado) VALUES (10000040, 'LA JACA PACA', 57, 1397732130, 'JUBAFER', 154676, 2, '48.84', '155.31', '62.5', false);
INSERT INTO participacion(jockey_persona_dni, equino_nombre, carrera_numero, carrera_encuentro_numero, stud_nombre, tiempo, andarivel, peso_jockey, talla_jockey, handicap_equino, descalificado) VALUES (10000103, 'KANTAKA', 57, 1397732130, 'L.A. (LP)', 143197, 3, '46.06', '157.66', '87.0', false);
INSERT INTO participacion(jockey_persona_dni, equino_nombre, carrera_numero, carrera_encuentro_numero, stud_nombre, tiempo, andarivel, peso_jockey, talla_jockey, handicap_equino, descalificado) VALUES (10000115, 'MARENGO', 57, 1397732130, '27 DE ABRIL', 132922, 4, '55.16', '154.71', '62.8', false);
INSERT INTO participacion(jockey_persona_dni, equino_nombre, carrera_numero, carrera_encuentro_numero, stud_nombre, tiempo, andarivel, peso_jockey, talla_jockey, handicap_equino, descalificado) VALUES (10000028, 'ZAHAREÑO', 59, 1955627859, 'MOZO BACAN', 132497, 1, '53.98', '155.71', '64.7', false);
INSERT INTO participacion(jockey_persona_dni, equino_nombre, carrera_numero, carrera_encuentro_numero, stud_nombre, tiempo, andarivel, peso_jockey, talla_jockey, handicap_equino, descalificado) VALUES (10000058, 'SOMBRA GRIS', 59, 1955627859, 'LOS COLORADOS', 139140, 2, '48.23', '162.64', '32.6', false);
INSERT INTO participacion(jockey_persona_dni, equino_nombre, carrera_numero, carrera_encuentro_numero, stud_nombre, tiempo, andarivel, peso_jockey, talla_jockey, handicap_equino, descalificado) VALUES (10000082, 'SILVER BLAZE', 59, 1955627859, 'LA QUEBRADA', 174291, 3, '53.74', '162.03', '40.8', false);
INSERT INTO participacion(jockey_persona_dni, equino_nombre, carrera_numero, carrera_encuentro_numero, stud_nombre, tiempo, andarivel, peso_jockey, talla_jockey, handicap_equino, descalificado) VALUES (10000046, 'NELSON', 60, 1335788873, 'EL PADRINO', 157023, 1, '61.23', '151.04', '36.9', false);
INSERT INTO participacion(jockey_persona_dni, equino_nombre, carrera_numero, carrera_encuentro_numero, stud_nombre, tiempo, andarivel, peso_jockey, talla_jockey, handicap_equino, descalificado) VALUES (10000082, 'SILVER BLAZE', 60, 1335788873, 'LA QUEBRADA', 166767, 2, '61.13', '150.01', '36.0', false);
INSERT INTO participacion(jockey_persona_dni, equino_nombre, carrera_numero, carrera_encuentro_numero, stud_nombre, tiempo, andarivel, peso_jockey, talla_jockey, handicap_equino, descalificado) VALUES (10000073, 'SILVER', 60, 1335788873, 'LA CHUMBEADA', 153916, 3, '54.86', '146.58', '16.7', false);
INSERT INTO participacion(jockey_persona_dni, equino_nombre, carrera_numero, carrera_encuentro_numero, stud_nombre, tiempo, andarivel, peso_jockey, talla_jockey, handicap_equino, descalificado) VALUES (10000034, 'PEQUEÑO TIO', 77, 1335788873, 'EL NEGRO', 125284, 1, '54.13', '159.23', '66.0', false);
INSERT INTO participacion(jockey_persona_dni, equino_nombre, carrera_numero, carrera_encuentro_numero, stud_nombre, tiempo, andarivel, peso_jockey, talla_jockey, handicap_equino, descalificado) VALUES (10000025, 'STRYMON', 77, 1335788873, 'PASO LOPEZ (Azul)', 174882, 2, '49.79', '157.01', '41.1', false);
INSERT INTO participacion(jockey_persona_dni, equino_nombre, carrera_numero, carrera_encuentro_numero, stud_nombre, tiempo, andarivel, peso_jockey, talla_jockey, handicap_equino, descalificado) VALUES (10000022, 'TIRO AL BLANCO', 77, 1335788873, 'HARAS LAS EMMAS', 139536, 3, '57.97', '146.54', '44.1', false);
INSERT INTO participacion(jockey_persona_dni, equino_nombre, carrera_numero, carrera_encuentro_numero, stud_nombre, tiempo, andarivel, peso_jockey, talla_jockey, handicap_equino, descalificado) VALUES (10000109, 'JINN', 76, 1277562396, 'LA PROVIDENCIA', 143034, 1, '55.69', '152.16', '21.5', false);
INSERT INTO participacion(jockey_persona_dni, equino_nombre, carrera_numero, carrera_encuentro_numero, stud_nombre, tiempo, andarivel, peso_jockey, talla_jockey, handicap_equino, descalificado) VALUES (10000121, 'PEGASO', 76, 1277562396, 'QUEREUQUEN', 126583, 2, '56.54', '148.91', '35.5', false);
INSERT INTO participacion(jockey_persona_dni, equino_nombre, carrera_numero, carrera_encuentro_numero, stud_nombre, tiempo, andarivel, peso_jockey, talla_jockey, handicap_equino, descalificado) VALUES (10000004, 'PAMPERO', 76, 1277562396, 'MAM', 146937, 3, '53.15', '158.22', '45.2', false);
INSERT INTO participacion(jockey_persona_dni, equino_nombre, carrera_numero, carrera_encuentro_numero, stud_nombre, tiempo, andarivel, peso_jockey, talla_jockey, handicap_equino, descalificado) VALUES (10000028, 'ZAHAREÑO', 84, 1277562396, 'MOZO BACAN', 178813, 1, '50.68', '153.22', '66.9', false);
INSERT INTO participacion(jockey_persona_dni, equino_nombre, carrera_numero, carrera_encuentro_numero, stud_nombre, tiempo, andarivel, peso_jockey, talla_jockey, handicap_equino, descalificado) VALUES (10000007, 'PALMICHE', 84, 1277562396, 'GAUCHITO GIL', 158986, 2, '64.15', '164.11', '24.0', false);
INSERT INTO participacion(jockey_persona_dni, equino_nombre, carrera_numero, carrera_encuentro_numero, stud_nombre, tiempo, andarivel, peso_jockey, talla_jockey, handicap_equino, descalificado) VALUES (10000031, 'CAGANCHO', 84, 1277562396, 'FEDEX (Azul)', 163382, 3, '50.54', '144.76', '39.6', false);
INSERT INTO participacion(jockey_persona_dni, equino_nombre, carrera_numero, carrera_encuentro_numero, stud_nombre, tiempo, andarivel, peso_jockey, talla_jockey, handicap_equino, descalificado) VALUES (10000085, 'JOLLY JUMPER', 84, 1277562396, 'CUMENEYEN', 138973, 4, '51.55', '158.79', '40.8', false);
INSERT INTO participacion(jockey_persona_dni, equino_nombre, carrera_numero, carrera_encuentro_numero, stud_nombre, tiempo, andarivel, peso_jockey, talla_jockey, handicap_equino, descalificado) VALUES (10000097, 'TORDILLO', 80, 975045888, 'ESEERREEFE', 131110, 1, '55.91', '139.90', '56.6', false);
INSERT INTO participacion(jockey_persona_dni, equino_nombre, carrera_numero, carrera_encuentro_numero, stud_nombre, tiempo, andarivel, peso_jockey, talla_jockey, handicap_equino, descalificado) VALUES (10000079, 'GENITOR', 80, 975045888, 'LA CAMPANA', 152585, 2, '61.48', '161.86', '20.0', false);
INSERT INTO participacion(jockey_persona_dni, equino_nombre, carrera_numero, carrera_encuentro_numero, stud_nombre, tiempo, andarivel, peso_jockey, talla_jockey, handicap_equino, descalificado) VALUES (10000040, 'LA JACA PACA', 80, 975045888, 'JUBAFER', 159315, 3, '53.72', '154.06', '66.4', false);
INSERT INTO participacion(jockey_persona_dni, equino_nombre, carrera_numero, carrera_encuentro_numero, stud_nombre, tiempo, andarivel, peso_jockey, talla_jockey, handicap_equino, descalificado) VALUES (10000112, 'PASCASAS', 90, 975045888, 'ASAYE', 127257, 1, '56.58', '146.23', '28.8', false);
INSERT INTO participacion(jockey_persona_dni, equino_nombre, carrera_numero, carrera_encuentro_numero, stud_nombre, tiempo, andarivel, peso_jockey, talla_jockey, handicap_equino, descalificado) VALUES (10000037, 'CHING', 90, 975045888, 'DON LEOPOLDO', 123999, 2, '52.85', '156.58', '57.7', false);
INSERT INTO participacion(jockey_persona_dni, equino_nombre, carrera_numero, carrera_encuentro_numero, stud_nombre, tiempo, andarivel, peso_jockey, talla_jockey, handicap_equino, descalificado) VALUES (10000124, 'KASZTANKA', 90, 975045888, 'LINDA SIEMPRE', 157335, 3, '57.69', '150.48', '51.2', false);
INSERT INTO participacion(jockey_persona_dni, equino_nombre, carrera_numero, carrera_encuentro_numero, stud_nombre, tiempo, andarivel, peso_jockey, talla_jockey, handicap_equino, descalificado) VALUES (10000016, 'MARSALA', 90, 975045888, 'VAS-QUITO', 164147, 4, '61.01', '140.54', '67.8', false);
INSERT INTO participacion(jockey_persona_dni, equino_nombre, carrera_numero, carrera_encuentro_numero, stud_nombre, tiempo, andarivel, peso_jockey, talla_jockey, handicap_equino, descalificado) VALUES (10000013, 'MAGNOLIA', 99, 12605892, 'GENTE DE TURF', 155196, 1, '55.57', '147.13', '66.5', false);
INSERT INTO participacion(jockey_persona_dni, equino_nombre, carrera_numero, carrera_encuentro_numero, stud_nombre, tiempo, andarivel, peso_jockey, talla_jockey, handicap_equino, descalificado) VALUES (10000115, 'MARENGO', 99, 12605892, '27 DE ABRIL', 165926, 2, '54.52', '151.69', '63.6', false);
INSERT INTO participacion(jockey_persona_dni, equino_nombre, carrera_numero, carrera_encuentro_numero, stud_nombre, tiempo, andarivel, peso_jockey, talla_jockey, handicap_equino, descalificado) VALUES (10000010, 'LA LEYENDA BEDUINA DE LA CREACION DEL CABALLO', 99, 12605892, 'B.J.(Vguay.)', 129828, 3, '58.63', '156.67', '24.8', false);
INSERT INTO participacion(jockey_persona_dni, equino_nombre, carrera_numero, carrera_encuentro_numero, stud_nombre, tiempo, andarivel, peso_jockey, talla_jockey, handicap_equino, descalificado) VALUES (10000037, 'CHING', 99, 12605892, 'DON LEOPOLDO', 144063, 4, '63.36', '154.20', '57.4', false);
INSERT INTO participacion(jockey_persona_dni, equino_nombre, carrera_numero, carrera_encuentro_numero, stud_nombre, tiempo, andarivel, peso_jockey, talla_jockey, handicap_equino, descalificado) VALUES (10000001, 'IMPERIOSO', 101, 12605892, 'CAITO', 174508, 1, '49.12', '148.37', '57.8', false);
INSERT INTO participacion(jockey_persona_dni, equino_nombre, carrera_numero, carrera_encuentro_numero, stud_nombre, tiempo, andarivel, peso_jockey, talla_jockey, handicap_equino, descalificado) VALUES (10000055, 'MORZILLO', 101, 12605892, 'NOE MAR', 129914, 2, '54.11', '146.32', '36.5', false);
INSERT INTO participacion(jockey_persona_dni, equino_nombre, carrera_numero, carrera_encuentro_numero, stud_nombre, tiempo, andarivel, peso_jockey, talla_jockey, handicap_equino, descalificado) VALUES (10000007, 'PALMICHE', 101, 12605892, 'GAUCHITO GIL', 167603, 3, '56.97', '158.11', '17.0', false);
INSERT INTO participacion(jockey_persona_dni, equino_nombre, carrera_numero, carrera_encuentro_numero, stud_nombre, tiempo, andarivel, peso_jockey, talla_jockey, handicap_equino, descalificado) VALUES (10000004, 'PAMPERO', 101, 12605892, 'MAM', 178333, 4, '54.04', '166.51', '39.1', false);
INSERT INTO participacion(jockey_persona_dni, equino_nombre, carrera_numero, carrera_encuentro_numero, stud_nombre, tiempo, andarivel, peso_jockey, talla_jockey, handicap_equino, descalificado) VALUES (10000040, 'LA JACA PACA', 102, 168083212, 'JUBAFER', 166370, 1, '55.65', '149.53', '65.0', false);
INSERT INTO participacion(jockey_persona_dni, equino_nombre, carrera_numero, carrera_encuentro_numero, stud_nombre, tiempo, andarivel, peso_jockey, talla_jockey, handicap_equino, descalificado) VALUES (10000124, 'KASZTANKA', 102, 168083212, 'LINDA SIEMPRE', 133108, 2, '54.10', '150.39', '56.1', false);
INSERT INTO participacion(jockey_persona_dni, equino_nombre, carrera_numero, carrera_encuentro_numero, stud_nombre, tiempo, andarivel, peso_jockey, talla_jockey, handicap_equino, descalificado) VALUES (10000016, 'MARSALA', 102, 168083212, 'VAS-QUITO', 138589, 3, '57.23', '139.64', '62.2', false);
INSERT INTO participacion(jockey_persona_dni, equino_nombre, carrera_numero, carrera_encuentro_numero, stud_nombre, tiempo, andarivel, peso_jockey, talla_jockey, handicap_equino, descalificado) VALUES (10000052, 'CABALLO DE TROYA', 110, 168083212, 'CABO ALARCON', 136497, 1, '48.39', '160.91', '38.1', false);
INSERT INTO participacion(jockey_persona_dni, equino_nombre, carrera_numero, carrera_encuentro_numero, stud_nombre, tiempo, andarivel, peso_jockey, talla_jockey, handicap_equino, descalificado) VALUES (10000073, 'SILVER', 110, 168083212, 'LA CHUMBEADA', 154568, 2, '62.67', '149.11', '15.5', false);
INSERT INTO participacion(jockey_persona_dni, equino_nombre, carrera_numero, carrera_encuentro_numero, stud_nombre, tiempo, andarivel, peso_jockey, talla_jockey, handicap_equino, descalificado) VALUES (10000121, 'PEGASO', 110, 168083212, 'QUEREUQUEN', 131775, 3, '60.04', '142.00', '30.2', false);
INSERT INTO participacion(jockey_persona_dni, equino_nombre, carrera_numero, carrera_encuentro_numero, stud_nombre, tiempo, andarivel, peso_jockey, talla_jockey, handicap_equino, descalificado) VALUES (10000091, 'HIPOGRIFO', 110, 168083212, 'EL ZAINO', 132842, 4, '47.51', '157.14', '62.8', false);
INSERT INTO participacion(jockey_persona_dni, equino_nombre, carrera_numero, carrera_encuentro_numero, stud_nombre, tiempo, andarivel, peso_jockey, talla_jockey, handicap_equino, descalificado) VALUES (10000037, 'CHING', 110, 1302245295, 'DON LEOPOLDO', 171934, 5, '58.08', '157.39', '50.6', false);
INSERT INTO participacion(jockey_persona_dni, equino_nombre, carrera_numero, carrera_encuentro_numero, stud_nombre, tiempo, andarivel, peso_jockey, talla_jockey, handicap_equino, descalificado) VALUES (10000121, 'PEGASO', 110, 1302245295, 'QUEREUQUEN', 176055, 6, '59.53', '140.32', '38.2', false);
INSERT INTO participacion(jockey_persona_dni, equino_nombre, carrera_numero, carrera_encuentro_numero, stud_nombre, tiempo, andarivel, peso_jockey, talla_jockey, handicap_equino, descalificado) VALUES (10000100, 'HENGROEN', 110, 1302245295, 'MIRABELLA', 133852, 7, '56.75', '146.26', '35.8', false);
INSERT INTO participacion(jockey_persona_dni, equino_nombre, carrera_numero, carrera_encuentro_numero, stud_nombre, tiempo, andarivel, peso_jockey, talla_jockey, handicap_equino, descalificado) VALUES (10000109, 'JINN', 124, 1570749171, 'LA PROVIDENCIA', 144483, 1, '52.46', '139.47', '20.3', false);
INSERT INTO participacion(jockey_persona_dni, equino_nombre, carrera_numero, carrera_encuentro_numero, stud_nombre, tiempo, andarivel, peso_jockey, talla_jockey, handicap_equino, descalificado) VALUES (10000070, 'PALOMO', 124, 1570749171, 'EL GUASO', 134001, 2, '62.79', '142.24', '11.8', false);
INSERT INTO participacion(jockey_persona_dni, equino_nombre, carrera_numero, carrera_encuentro_numero, stud_nombre, tiempo, andarivel, peso_jockey, talla_jockey, handicap_equino, descalificado) VALUES (10000055, 'MORZILLO', 124, 1570749171, 'NOE MAR', 145623, 3, '47.61', '146.77', '34.9', false);
INSERT INTO participacion(jockey_persona_dni, equino_nombre, carrera_numero, carrera_encuentro_numero, stud_nombre, tiempo, andarivel, peso_jockey, talla_jockey, handicap_equino, descalificado) VALUES (10000094, 'RED FOX', 124, 1570749171, 'VALLE DE LA LUNA', 173261, 4, '53.06', '147.36', '72.5', false);
INSERT INTO participacion(jockey_persona_dni, equino_nombre, carrera_numero, carrera_encuentro_numero, stud_nombre, tiempo, andarivel, peso_jockey, talla_jockey, handicap_equino, descalificado) VALUES (10000124, 'KASZTANKA', 135, 436148264, 'LINDA SIEMPRE', 126825, 1, '53.89', '146.62', '52.3', false);
INSERT INTO participacion(jockey_persona_dni, equino_nombre, carrera_numero, carrera_encuentro_numero, stud_nombre, tiempo, andarivel, peso_jockey, talla_jockey, handicap_equino, descalificado) VALUES (10000010, 'LA LEYENDA BEDUINA DE LA CREACION DEL CABALLO', 135, 436148264, 'B.J.(Vguay.)', 177785, 2, '58.90', '150.11', '28.9', false);
INSERT INTO participacion(jockey_persona_dni, equino_nombre, carrera_numero, carrera_encuentro_numero, stud_nombre, tiempo, andarivel, peso_jockey, talla_jockey, handicap_equino, descalificado) VALUES (10000037, 'CHING', 135, 436148264, 'DON LEOPOLDO', 126615, 3, '61.87', '162.59', '57.4', false);
INSERT INTO participacion(jockey_persona_dni, equino_nombre, carrera_numero, carrera_encuentro_numero, stud_nombre, tiempo, andarivel, peso_jockey, talla_jockey, handicap_equino, descalificado) VALUES (10000040, 'LA JACA PACA', 144, 436148264, 'JUBAFER', 165606, 1, '57.32', '150.56', '62.8', false);
INSERT INTO participacion(jockey_persona_dni, equino_nombre, carrera_numero, carrera_encuentro_numero, stud_nombre, tiempo, andarivel, peso_jockey, talla_jockey, handicap_equino, descalificado) VALUES (10000016, 'MARSALA', 144, 436148264, 'VAS-QUITO', 129462, 2, '60.64', '143.52', '65.0', false);
INSERT INTO participacion(jockey_persona_dni, equino_nombre, carrera_numero, carrera_encuentro_numero, stud_nombre, tiempo, andarivel, peso_jockey, talla_jockey, handicap_equino, descalificado) VALUES (10000112, 'PASCASAS', 144, 436148264, 'ASAYE', 146147, 3, '56.62', '158.86', '33.4', false);
INSERT INTO participacion(jockey_persona_dni, equino_nombre, carrera_numero, carrera_encuentro_numero, stud_nombre, tiempo, andarivel, peso_jockey, talla_jockey, handicap_equino, descalificado) VALUES (10000091, 'HIPOGRIFO', 147, 929530779, 'EL ZAINO', 131273, 1, '52.33', '163.93', '64.8', false);
INSERT INTO participacion(jockey_persona_dni, equino_nombre, carrera_numero, carrera_encuentro_numero, stud_nombre, tiempo, andarivel, peso_jockey, talla_jockey, handicap_equino, descalificado) VALUES (10000082, 'SILVER BLAZE', 147, 929530779, 'LA QUEBRADA', 129693, 2, '56.41', '158.98', '41.2', false);
INSERT INTO participacion(jockey_persona_dni, equino_nombre, carrera_numero, carrera_encuentro_numero, stud_nombre, tiempo, andarivel, peso_jockey, talla_jockey, handicap_equino, descalificado) VALUES (10000016, 'MARSALA', 147, 929530779, 'VAS-QUITO', 166757, 3, '56.65', '148.63', '70.0', false);
INSERT INTO participacion(jockey_persona_dni, equino_nombre, carrera_numero, carrera_encuentro_numero, stud_nombre, tiempo, andarivel, peso_jockey, talla_jockey, handicap_equino, descalificado) VALUES (10000067, 'DILU', 147, 929530779, 'LOS HERMANITOS (S.Fe)', 159312, 4, '50.86', '154.88', '59.2', false);
INSERT INTO participacion(jockey_persona_dni, equino_nombre, carrera_numero, carrera_encuentro_numero, stud_nombre, tiempo, andarivel, peso_jockey, talla_jockey, handicap_equino, descalificado) VALUES (10000115, 'MARENGO', 153, 281830029, '27 DE ABRIL', 126496, 1, '45.72', '156.85', '64.5', false);
INSERT INTO participacion(jockey_persona_dni, equino_nombre, carrera_numero, carrera_encuentro_numero, stud_nombre, tiempo, andarivel, peso_jockey, talla_jockey, handicap_equino, descalificado) VALUES (10000037, 'CHING', 153, 281830029, 'DON LEOPOLDO', 149851, 2, '54.31', '155.30', '56.9', false);
INSERT INTO participacion(jockey_persona_dni, equino_nombre, carrera_numero, carrera_encuentro_numero, stud_nombre, tiempo, andarivel, peso_jockey, talla_jockey, handicap_equino, descalificado) VALUES (10000010, 'LA LEYENDA BEDUINA DE LA CREACION DEL CABALLO', 153, 281830029, 'B.J.(Vguay.)', 121280, 3, '54.00', '160.72', '24.0', false);
INSERT INTO participacion(jockey_persona_dni, equino_nombre, carrera_numero, carrera_encuentro_numero, stud_nombre, tiempo, andarivel, peso_jockey, talla_jockey, handicap_equino, descalificado) VALUES (10000040, 'LA JACA PACA', 153, 281830029, 'JUBAFER', 164832, 4, '48.85', '149.86', '61.5', false);
INSERT INTO participacion(jockey_persona_dni, equino_nombre, carrera_numero, carrera_encuentro_numero, stud_nombre, tiempo, andarivel, peso_jockey, talla_jockey, handicap_equino, descalificado) VALUES (10000031, 'CAGANCHO', 164, 281830029, 'FEDEX (Azul)', 128510, 1, '54.52', '146.08', '36.4', false);
INSERT INTO participacion(jockey_persona_dni, equino_nombre, carrera_numero, carrera_encuentro_numero, stud_nombre, tiempo, andarivel, peso_jockey, talla_jockey, handicap_equino, descalificado) VALUES (10000058, 'SOMBRA GRIS', 164, 281830029, 'LOS COLORADOS', 149359, 2, '46.38', '164.68', '27.8', false);
INSERT INTO participacion(jockey_persona_dni, equino_nombre, carrera_numero, carrera_encuentro_numero, stud_nombre, tiempo, andarivel, peso_jockey, talla_jockey, handicap_equino, descalificado) VALUES (10000100, 'HENGROEN', 164, 281830029, 'MIRABELLA', 120815, 3, '56.09', '137.86', '33.1', false);
INSERT INTO participacion(jockey_persona_dni, equino_nombre, carrera_numero, carrera_encuentro_numero, stud_nombre, tiempo, andarivel, peso_jockey, talla_jockey, handicap_equino, descalificado) VALUES (10000052, 'CABALLO DE TROYA', 164, 281830029, 'CABO ALARCON', 150155, 4, '59.02', '158.78', '38.0', false);
INSERT INTO participacion(jockey_persona_dni, equino_nombre, carrera_numero, carrera_encuentro_numero, stud_nombre, tiempo, andarivel, peso_jockey, talla_jockey, handicap_equino, descalificado) VALUES (10000010, 'LA LEYENDA BEDUINA DE LA CREACION DEL CABALLO', 165, 1248276283, 'B.J.(Vguay.)', 163347, 1, '56.86', '153.07', '23.8', false);
INSERT INTO participacion(jockey_persona_dni, equino_nombre, carrera_numero, carrera_encuentro_numero, stud_nombre, tiempo, andarivel, peso_jockey, talla_jockey, handicap_equino, descalificado) VALUES (10000091, 'HIPOGRIFO', 165, 1248276283, 'EL ZAINO', 140237, 2, '58.26', '157.86', '66.1', false);
INSERT INTO participacion(jockey_persona_dni, equino_nombre, carrera_numero, carrera_encuentro_numero, stud_nombre, tiempo, andarivel, peso_jockey, talla_jockey, handicap_equino, descalificado) VALUES (10000082, 'SILVER BLAZE', 165, 1248276283, 'LA QUEBRADA', 151761, 3, '56.28', '151.77', '35.7', false);
INSERT INTO participacion(jockey_persona_dni, equino_nombre, carrera_numero, carrera_encuentro_numero, stud_nombre, tiempo, andarivel, peso_jockey, talla_jockey, handicap_equino, descalificado) VALUES (10000100, 'HENGROEN', 174, 1248276283, 'MIRABELLA', 128983, 1, '55.38', '145.69', '31.1', false);
INSERT INTO participacion(jockey_persona_dni, equino_nombre, carrera_numero, carrera_encuentro_numero, stud_nombre, tiempo, andarivel, peso_jockey, talla_jockey, handicap_equino, descalificado) VALUES (10000079, 'GENITOR', 174, 1248276283, 'LA CAMPANA', 136894, 2, '58.94', '159.00', '25.5', false);
INSERT INTO participacion(jockey_persona_dni, equino_nombre, carrera_numero, carrera_encuentro_numero, stud_nombre, tiempo, andarivel, peso_jockey, talla_jockey, handicap_equino, descalificado) VALUES (10000109, 'JINN', 174, 1248276283, 'LA PROVIDENCIA', 129237, 3, '50.45', '144.66', '23.6', false);
INSERT INTO participacion(jockey_persona_dni, equino_nombre, carrera_numero, carrera_encuentro_numero, stud_nombre, tiempo, andarivel, peso_jockey, talla_jockey, handicap_equino, descalificado) VALUES (10000067, 'DILU', 176, 534654362, 'LOS HERMANITOS (S.Fe)', 123827, 1, '53.51', '148.76', '58.0', false);
INSERT INTO participacion(jockey_persona_dni, equino_nombre, carrera_numero, carrera_encuentro_numero, stud_nombre, tiempo, andarivel, peso_jockey, talla_jockey, handicap_equino, descalificado) VALUES (10000037, 'CHING', 176, 534654362, 'DON LEOPOLDO', 130926, 2, '52.05', '154.08', '50.4', false);
INSERT INTO participacion(jockey_persona_dni, equino_nombre, carrera_numero, carrera_encuentro_numero, stud_nombre, tiempo, andarivel, peso_jockey, talla_jockey, handicap_equino, descalificado) VALUES (10000040, 'LA JACA PACA', 176, 534654362, 'JUBAFER', 163947, 3, '57.29', '149.64', '64.3', false);
INSERT INTO participacion(jockey_persona_dni, equino_nombre, carrera_numero, carrera_encuentro_numero, stud_nombre, tiempo, andarivel, peso_jockey, talla_jockey, handicap_equino, descalificado) VALUES (10000103, 'KANTAKA', 176, 534654362, 'L.A. (LP)', 163119, 4, '52.66', '159.35', '81.5', false);
INSERT INTO participacion(jockey_persona_dni, equino_nombre, carrera_numero, carrera_encuentro_numero, stud_nombre, tiempo, andarivel, peso_jockey, talla_jockey, handicap_equino, descalificado) VALUES (10000040, 'LA JACA PACA', 188, 1316316927, 'JUBAFER', 174684, 1, '49.00', '153.08', '62.4', false);
INSERT INTO participacion(jockey_persona_dni, equino_nombre, carrera_numero, carrera_encuentro_numero, stud_nombre, tiempo, andarivel, peso_jockey, talla_jockey, handicap_equino, descalificado) VALUES (10000004, 'PAMPERO', 188, 1316316927, 'MAM', 152286, 2, '53.41', '153.88', '44.6', false);
INSERT INTO participacion(jockey_persona_dni, equino_nombre, carrera_numero, carrera_encuentro_numero, stud_nombre, tiempo, andarivel, peso_jockey, talla_jockey, handicap_equino, descalificado) VALUES (10000022, 'TIRO AL BLANCO', 188, 1316316927, 'HARAS LAS EMMAS', 153740, 3, '56.69', '142.63', '43.1', false);
INSERT INTO participacion(jockey_persona_dni, equino_nombre, carrera_numero, carrera_encuentro_numero, stud_nombre, tiempo, andarivel, peso_jockey, talla_jockey, handicap_equino, descalificado) VALUES (10000109, 'JINN', 198, 1316316927, 'LA PROVIDENCIA', 142911, 1, '48.54', '149.50', '18.6', false);
INSERT INTO participacion(jockey_persona_dni, equino_nombre, carrera_numero, carrera_encuentro_numero, stud_nombre, tiempo, andarivel, peso_jockey, talla_jockey, handicap_equino, descalificado) VALUES (10000052, 'CABALLO DE TROYA', 198, 1316316927, 'CABO ALARCON', 153908, 2, '48.58', '158.10', '39.7', false);
INSERT INTO participacion(jockey_persona_dni, equino_nombre, carrera_numero, carrera_encuentro_numero, stud_nombre, tiempo, andarivel, peso_jockey, talla_jockey, handicap_equino, descalificado) VALUES (10000031, 'CAGANCHO', 198, 1316316927, 'FEDEX (Azul)', 136485, 3, '60.02', '139.28', '45.7', false);
INSERT INTO participacion(jockey_persona_dni, equino_nombre, carrera_numero, carrera_encuentro_numero, stud_nombre, tiempo, andarivel, peso_jockey, talla_jockey, handicap_equino, descalificado) VALUES (10000028, 'ZAHAREÑO', 198, 1316316927, 'MOZO BACAN', 161249, 4, '58.13', '154.50', '68.7', false);
INSERT INTO participacion(jockey_persona_dni, equino_nombre, carrera_numero, carrera_encuentro_numero, stud_nombre, tiempo, andarivel, peso_jockey, talla_jockey, handicap_equino, descalificado) VALUES (10000061, 'BLAKIE', 196, 1732964039, 'FIRMAMENTO', 134835, 1, '56.05', '158.60', '60.7', false);
INSERT INTO participacion(jockey_persona_dni, equino_nombre, carrera_numero, carrera_encuentro_numero, stud_nombre, tiempo, andarivel, peso_jockey, talla_jockey, handicap_equino, descalificado) VALUES (10000100, 'HENGROEN', 196, 1732964039, 'MIRABELLA', 138771, 2, '58.70', '142.47', '36.4', false);
INSERT INTO participacion(jockey_persona_dni, equino_nombre, carrera_numero, carrera_encuentro_numero, stud_nombre, tiempo, andarivel, peso_jockey, talla_jockey, handicap_equino, descalificado) VALUES (10000082, 'SILVER BLAZE', 196, 1732964039, 'LA QUEBRADA', 170402, 3, '53.74', '164.44', '40.4', false);
INSERT INTO participacion(jockey_persona_dni, equino_nombre, carrera_numero, carrera_encuentro_numero, stud_nombre, tiempo, andarivel, peso_jockey, talla_jockey, handicap_equino, descalificado) VALUES (10000091, 'HIPOGRIFO', 204, 1958702818, 'EL ZAINO', 162625, 1, '49.40', '156.88', '65.7', false);
INSERT INTO participacion(jockey_persona_dni, equino_nombre, carrera_numero, carrera_encuentro_numero, stud_nombre, tiempo, andarivel, peso_jockey, talla_jockey, handicap_equino, descalificado) VALUES (10000097, 'TORDILLO', 204, 1958702818, 'ESEERREEFE', 170800, 2, '51.08', '139.12', '56.6', false);
INSERT INTO participacion(jockey_persona_dni, equino_nombre, carrera_numero, carrera_encuentro_numero, stud_nombre, tiempo, andarivel, peso_jockey, talla_jockey, handicap_equino, descalificado) VALUES (10000070, 'PALOMO', 204, 1958702818, 'EL GUASO', 150419, 3, '57.04', '138.44', '12.0', false);
INSERT INTO participacion(jockey_persona_dni, equino_nombre, carrera_numero, carrera_encuentro_numero, stud_nombre, tiempo, andarivel, peso_jockey, talla_jockey, handicap_equino, descalificado) VALUES (10000022, 'TIRO AL BLANCO', 216, 1095498541, 'HARAS LAS EMMAS', 160728, 1, '61.43', '145.09', '36.1', false);
INSERT INTO participacion(jockey_persona_dni, equino_nombre, carrera_numero, carrera_encuentro_numero, stud_nombre, tiempo, andarivel, peso_jockey, talla_jockey, handicap_equino, descalificado) VALUES (10000064, 'JANTO/BALIO', 216, 1095498541, 'BEVA-ALCA', 127077, 2, '57.37', '141.71', '71.6', false);
INSERT INTO participacion(jockey_persona_dni, equino_nombre, carrera_numero, carrera_encuentro_numero, stud_nombre, tiempo, andarivel, peso_jockey, talla_jockey, handicap_equino, descalificado) VALUES (10000049, 'BUCEFALO', 216, 1095498541, 'LAS TUTIS', 152519, 3, '55.83', '150.63', '58.4', false);
INSERT INTO participacion(jockey_persona_dni, equino_nombre, carrera_numero, carrera_encuentro_numero, stud_nombre, tiempo, andarivel, peso_jockey, talla_jockey, handicap_equino, descalificado) VALUES (10000010, 'LA LEYENDA BEDUINA DE LA CREACION DEL CABALLO', 221, 891694729, 'B.J.(Vguay.)', 164577, 1, '57.82', '153.95', '28.7', false);
INSERT INTO participacion(jockey_persona_dni, equino_nombre, carrera_numero, carrera_encuentro_numero, stud_nombre, tiempo, andarivel, peso_jockey, talla_jockey, handicap_equino, descalificado) VALUES (10000103, 'KANTAKA', 221, 891694729, 'L.A. (LP)', 147074, 2, '63.89', '157.19', '81.4', false);
INSERT INTO participacion(jockey_persona_dni, equino_nombre, carrera_numero, carrera_encuentro_numero, stud_nombre, tiempo, andarivel, peso_jockey, talla_jockey, handicap_equino, descalificado) VALUES (10000037, 'CHING', 221, 891694729, 'DON LEOPOLDO', 128537, 3, '52.56', '155.91', '51.3', false);
INSERT INTO participacion(jockey_persona_dni, equino_nombre, carrera_numero, carrera_encuentro_numero, stud_nombre, tiempo, andarivel, peso_jockey, talla_jockey, handicap_equino, descalificado) VALUES (10000028, 'ZAHAREÑO', 236, 724799181, 'MOZO BACAN', 151678, 1, '61.01', '155.07', '63.0', false);
INSERT INTO participacion(jockey_persona_dni, equino_nombre, carrera_numero, carrera_encuentro_numero, stud_nombre, tiempo, andarivel, peso_jockey, talla_jockey, handicap_equino, descalificado) VALUES (10000040, 'LA JACA PACA', 236, 724799181, 'JUBAFER', 160326, 2, '55.36', '154.62', '66.2', false);
INSERT INTO participacion(jockey_persona_dni, equino_nombre, carrera_numero, carrera_encuentro_numero, stud_nombre, tiempo, andarivel, peso_jockey, talla_jockey, handicap_equino, descalificado) VALUES (10000118, 'MR. ED', 236, 724799181, 'PINO SOLO', 177318, 3, '59.34', '136.81', '63.5', false);
INSERT INTO participacion(jockey_persona_dni, equino_nombre, carrera_numero, carrera_encuentro_numero, stud_nombre, tiempo, andarivel, peso_jockey, talla_jockey, handicap_equino, descalificado) VALUES (10000025, 'STRYMON', 246, 724799181, 'PASO LOPEZ (Azul)', 176505, 1, '44.83', '157.37', '38.9', false);
INSERT INTO participacion(jockey_persona_dni, equino_nombre, carrera_numero, carrera_encuentro_numero, stud_nombre, tiempo, andarivel, peso_jockey, talla_jockey, handicap_equino, descalificado) VALUES (10000079, 'GENITOR', 246, 724799181, 'LA CAMPANA', 158372, 2, '54.11', '162.79', '24.2', false);
INSERT INTO participacion(jockey_persona_dni, equino_nombre, carrera_numero, carrera_encuentro_numero, stud_nombre, tiempo, andarivel, peso_jockey, talla_jockey, handicap_equino, descalificado) VALUES (10000052, 'CABALLO DE TROYA', 246, 724799181, 'CABO ALARCON', 134217, 3, '47.95', '160.20', '41.9', false);
INSERT INTO participacion(jockey_persona_dni, equino_nombre, carrera_numero, carrera_encuentro_numero, stud_nombre, tiempo, andarivel, peso_jockey, talla_jockey, handicap_equino, descalificado) VALUES (10000112, 'PASCASAS', 246, 724799181, 'ASAYE', 168297, 4, '56.87', '157.76', '26.2', false);
INSERT INTO participacion(jockey_persona_dni, equino_nombre, carrera_numero, carrera_encuentro_numero, stud_nombre, tiempo, andarivel, peso_jockey, talla_jockey, handicap_equino, descalificado) VALUES (10000061, 'BLAKIE', 243, 1290614947, 'FIRMAMENTO', 155397, 1, '53.09', '149.03', '55.6', false);
INSERT INTO participacion(jockey_persona_dni, equino_nombre, carrera_numero, carrera_encuentro_numero, stud_nombre, tiempo, andarivel, peso_jockey, talla_jockey, handicap_equino, descalificado) VALUES (10000073, 'SILVER', 243, 1290614947, 'LA CHUMBEADA', 144232, 2, '60.50', '153.16', '17.8', false);
INSERT INTO participacion(jockey_persona_dni, equino_nombre, carrera_numero, carrera_encuentro_numero, stud_nombre, tiempo, andarivel, peso_jockey, talla_jockey, handicap_equino, descalificado) VALUES (10000064, 'JANTO/BALIO', 243, 1290614947, 'BEVA-ALCA', 154409, 3, '58.46', '138.12', '74.0', false);
INSERT INTO participacion(jockey_persona_dni, equino_nombre, carrera_numero, carrera_encuentro_numero, stud_nombre, tiempo, andarivel, peso_jockey, talla_jockey, handicap_equino, descalificado) VALUES (10000088, 'EL PRIETO', 256, 1290614947, 'CUCUNITO', 179733, 1, '49.27', '163.91', '79.2', false);
INSERT INTO participacion(jockey_persona_dni, equino_nombre, carrera_numero, carrera_encuentro_numero, stud_nombre, tiempo, andarivel, peso_jockey, talla_jockey, handicap_equino, descalificado) VALUES (10000097, 'TORDILLO', 256, 1290614947, 'ESEERREEFE', 151750, 2, '51.29', '143.49', '55.1', false);
INSERT INTO participacion(jockey_persona_dni, equino_nombre, carrera_numero, carrera_encuentro_numero, stud_nombre, tiempo, andarivel, peso_jockey, talla_jockey, handicap_equino, descalificado) VALUES (10000019, 'HAIZUN', 256, 1290614947, 'LOS GATEADOS (MDP)', 141586, 3, '49.47', '146.84', '53.7', false);
INSERT INTO participacion(jockey_persona_dni, equino_nombre, carrera_numero, carrera_encuentro_numero, stud_nombre, tiempo, andarivel, peso_jockey, talla_jockey, handicap_equino, descalificado) VALUES (10000067, 'DILU', 256, 1290614947, 'LOS HERMANITOS (S.Fe)', 120384, 4, '59.76', '156.36', '59.5', false);
INSERT INTO participacion(jockey_persona_dni, equino_nombre, carrera_numero, carrera_encuentro_numero, stud_nombre, tiempo, andarivel, peso_jockey, talla_jockey, handicap_equino, descalificado) VALUES (10000028, 'ZAHAREÑO', 253, 2012533911, 'MOZO BACAN', 121091, 1, '61.65', '147.57', '66.5', false);
INSERT INTO participacion(jockey_persona_dni, equino_nombre, carrera_numero, carrera_encuentro_numero, stud_nombre, tiempo, andarivel, peso_jockey, talla_jockey, handicap_equino, descalificado) VALUES (10000052, 'CABALLO DE TROYA', 253, 2012533911, 'CABO ALARCON', 179702, 2, '58.15', '155.74', '39.7', false);
INSERT INTO participacion(jockey_persona_dni, equino_nombre, carrera_numero, carrera_encuentro_numero, stud_nombre, tiempo, andarivel, peso_jockey, talla_jockey, handicap_equino, descalificado) VALUES (10000109, 'JINN', 253, 2012533911, 'LA PROVIDENCIA', 154700, 3, '58.14', '152.38', '19.8', false);
INSERT INTO participacion(jockey_persona_dni, equino_nombre, carrera_numero, carrera_encuentro_numero, stud_nombre, tiempo, andarivel, peso_jockey, talla_jockey, handicap_equino, descalificado) VALUES (10000103, 'KANTAKA', 260, 2012533911, 'L.A. (LP)', 151288, 1, '57.12', '157.99', '81.0', false);
INSERT INTO participacion(jockey_persona_dni, equino_nombre, carrera_numero, carrera_encuentro_numero, stud_nombre, tiempo, andarivel, peso_jockey, talla_jockey, handicap_equino, descalificado) VALUES (10000124, 'KASZTANKA', 260, 2012533911, 'LINDA SIEMPRE', 120082, 2, '50.32', '153.25', '52.8', false);
INSERT INTO participacion(jockey_persona_dni, equino_nombre, carrera_numero, carrera_encuentro_numero, stud_nombre, tiempo, andarivel, peso_jockey, talla_jockey, handicap_equino, descalificado) VALUES (10000115, 'MARENGO', 260, 2012533911, '27 DE ABRIL', 131201, 3, '51.90', '162.56', '58.7', false);
INSERT INTO participacion(jockey_persona_dni, equino_nombre, carrera_numero, carrera_encuentro_numero, stud_nombre, tiempo, andarivel, peso_jockey, talla_jockey, handicap_equino, descalificado) VALUES (10000094, 'RED FOX', 260, 1731973775, 'VALLE DE LA LUNA', 149469, 4, '57.84', '142.90', '75.0', false);
INSERT INTO participacion(jockey_persona_dni, equino_nombre, carrera_numero, carrera_encuentro_numero, stud_nombre, tiempo, andarivel, peso_jockey, talla_jockey, handicap_equino, descalificado) VALUES (10000061, 'BLAKIE', 260, 1731973775, 'FIRMAMENTO', 160839, 5, '63.75', '145.27', '60.3', false);
INSERT INTO participacion(jockey_persona_dni, equino_nombre, carrera_numero, carrera_encuentro_numero, stud_nombre, tiempo, andarivel, peso_jockey, talla_jockey, handicap_equino, descalificado) VALUES (10000091, 'HIPOGRIFO', 260, 1731973775, 'EL ZAINO', 122605, 6, '56.49', '157.70', '64.1', false);
INSERT INTO participacion(jockey_persona_dni, equino_nombre, carrera_numero, carrera_encuentro_numero, stud_nombre, tiempo, andarivel, peso_jockey, talla_jockey, handicap_equino, descalificado) VALUES (10000025, 'STRYMON', 260, 1731973775, 'PASO LOPEZ (Azul)', 152695, 7, '50.15', '150.73', '44.8', false);
INSERT INTO participacion(jockey_persona_dni, equino_nombre, carrera_numero, carrera_encuentro_numero, stud_nombre, tiempo, andarivel, peso_jockey, talla_jockey, handicap_equino, descalificado) VALUES (10000124, 'KASZTANKA', 270, 1731973775, 'LINDA SIEMPRE', 141699, 1, '44.81', '144.16', '58.5', false);
INSERT INTO participacion(jockey_persona_dni, equino_nombre, carrera_numero, carrera_encuentro_numero, stud_nombre, tiempo, andarivel, peso_jockey, talla_jockey, handicap_equino, descalificado) VALUES (10000067, 'DILU', 270, 1731973775, 'LOS HERMANITOS (S.Fe)', 123169, 2, '56.72', '161.42', '58.0', false);
INSERT INTO participacion(jockey_persona_dni, equino_nombre, carrera_numero, carrera_encuentro_numero, stud_nombre, tiempo, andarivel, peso_jockey, talla_jockey, handicap_equino, descalificado) VALUES (10000028, 'ZAHAREÑO', 270, 1731973775, 'MOZO BACAN', 123813, 3, '51.49', '154.69', '64.4', false);
INSERT INTO participacion(jockey_persona_dni, equino_nombre, carrera_numero, carrera_encuentro_numero, stud_nombre, tiempo, andarivel, peso_jockey, talla_jockey, handicap_equino, descalificado) VALUES (10000046, 'NELSON', 273, 1421733564, 'EL PADRINO', 165626, 1, '56.92', '148.14', '43.4', false);
INSERT INTO participacion(jockey_persona_dni, equino_nombre, carrera_numero, carrera_encuentro_numero, stud_nombre, tiempo, andarivel, peso_jockey, talla_jockey, handicap_equino, descalificado) VALUES (10000016, 'MARSALA', 273, 1421733564, 'VAS-QUITO', 144487, 2, '57.44', '143.08', '64.9', false);
INSERT INTO participacion(jockey_persona_dni, equino_nombre, carrera_numero, carrera_encuentro_numero, stud_nombre, tiempo, andarivel, peso_jockey, talla_jockey, handicap_equino, descalificado) VALUES (10000052, 'CABALLO DE TROYA', 273, 1421733564, 'CABO ALARCON', 157470, 3, '54.39', '160.93', '42.6', false);
INSERT INTO participacion(jockey_persona_dni, equino_nombre, carrera_numero, carrera_encuentro_numero, stud_nombre, tiempo, andarivel, peso_jockey, talla_jockey, handicap_equino, descalificado) VALUES (10000088, 'EL PRIETO', 273, 1421733564, 'CUCUNITO', 159881, 4, '50.95', '158.35', '75.2', false);
INSERT INTO participacion(jockey_persona_dni, equino_nombre, carrera_numero, carrera_encuentro_numero, stud_nombre, tiempo, andarivel, peso_jockey, talla_jockey, handicap_equino, descalificado) VALUES (10000055, 'MORZILLO', 285, 133168444, 'NOE MAR', 172263, 1, '48.94', '149.69', '33.5', false);
INSERT INTO participacion(jockey_persona_dni, equino_nombre, carrera_numero, carrera_encuentro_numero, stud_nombre, tiempo, andarivel, peso_jockey, talla_jockey, handicap_equino, descalificado) VALUES (10000079, 'GENITOR', 285, 133168444, 'LA CAMPANA', 123458, 2, '49.94', '158.93', '21.3', false);
INSERT INTO participacion(jockey_persona_dni, equino_nombre, carrera_numero, carrera_encuentro_numero, stud_nombre, tiempo, andarivel, peso_jockey, talla_jockey, handicap_equino, descalificado) VALUES (10000076, 'SALVADOR', 285, 133168444, 'LOS 4 ASES', 177107, 3, '60.13', '148.21', '50.5', false);
INSERT INTO participacion(jockey_persona_dni, equino_nombre, carrera_numero, carrera_encuentro_numero, stud_nombre, tiempo, andarivel, peso_jockey, talla_jockey, handicap_equino, descalificado) VALUES (10000073, 'SILVER', 297, 1210318508, 'LA CHUMBEADA', 128869, 1, '48.73', '140.93', '14.8', false);
INSERT INTO participacion(jockey_persona_dni, equino_nombre, carrera_numero, carrera_encuentro_numero, stud_nombre, tiempo, andarivel, peso_jockey, talla_jockey, handicap_equino, descalificado) VALUES (10000064, 'JANTO/BALIO', 297, 1210318508, 'BEVA-ALCA', 147967, 2, '54.07', '145.76', '79.3', false);
INSERT INTO participacion(jockey_persona_dni, equino_nombre, carrera_numero, carrera_encuentro_numero, stud_nombre, tiempo, andarivel, peso_jockey, talla_jockey, handicap_equino, descalificado) VALUES (10000055, 'MORZILLO', 297, 1210318508, 'NOE MAR', 169114, 3, '56.15', '152.93', '31.4', false);
INSERT INTO participacion(jockey_persona_dni, equino_nombre, carrera_numero, carrera_encuentro_numero, stud_nombre, tiempo, andarivel, peso_jockey, talla_jockey, handicap_equino, descalificado) VALUES (10000004, 'PAMPERO', 309, 1900248188, 'MAM', 145353, 1, '55.36', '151.95', '40.7', false);
INSERT INTO participacion(jockey_persona_dni, equino_nombre, carrera_numero, carrera_encuentro_numero, stud_nombre, tiempo, andarivel, peso_jockey, talla_jockey, handicap_equino, descalificado) VALUES (10000100, 'HENGROEN', 309, 1900248188, 'MIRABELLA', 157460, 2, '65.66', '153.13', '34.1', false);
INSERT INTO participacion(jockey_persona_dni, equino_nombre, carrera_numero, carrera_encuentro_numero, stud_nombre, tiempo, andarivel, peso_jockey, talla_jockey, handicap_equino, descalificado) VALUES (10000025, 'STRYMON', 309, 1900248188, 'PASO LOPEZ (Azul)', 178849, 3, '51.45', '160.68', '38.2', false);
INSERT INTO participacion(jockey_persona_dni, equino_nombre, carrera_numero, carrera_encuentro_numero, stud_nombre, tiempo, andarivel, peso_jockey, talla_jockey, handicap_equino, descalificado) VALUES (10000061, 'BLAKIE', 309, 1900248188, 'FIRMAMENTO', 172776, 4, '52.15', '157.10', '54.6', false);
INSERT INTO participacion(jockey_persona_dni, equino_nombre, carrera_numero, carrera_encuentro_numero, stud_nombre, tiempo, andarivel, peso_jockey, talla_jockey, handicap_equino, descalificado) VALUES (10000040, 'LA JACA PACA', 316, 1952525550, 'JUBAFER', 170049, 1, '50.83', '151.75', '65.5', false);
INSERT INTO participacion(jockey_persona_dni, equino_nombre, carrera_numero, carrera_encuentro_numero, stud_nombre, tiempo, andarivel, peso_jockey, talla_jockey, handicap_equino, descalificado) VALUES (10000016, 'MARSALA', 316, 1952525550, 'VAS-QUITO', 158200, 2, '57.75', '140.51', '69.3', false);
INSERT INTO participacion(jockey_persona_dni, equino_nombre, carrera_numero, carrera_encuentro_numero, stud_nombre, tiempo, andarivel, peso_jockey, talla_jockey, handicap_equino, descalificado) VALUES (10000124, 'KASZTANKA', 316, 1952525550, 'LINDA SIEMPRE', 133186, 3, '48.75', '139.04', '53.5', false);
INSERT INTO participacion(jockey_persona_dni, equino_nombre, carrera_numero, carrera_encuentro_numero, stud_nombre, tiempo, andarivel, peso_jockey, talla_jockey, handicap_equino, descalificado) VALUES (10000013, 'MAGNOLIA', 320, 1952525550, 'GENTE DE TURF', 166525, 1, '49.28', '142.78', '61.4', false);
INSERT INTO participacion(jockey_persona_dni, equino_nombre, carrera_numero, carrera_encuentro_numero, stud_nombre, tiempo, andarivel, peso_jockey, talla_jockey, handicap_equino, descalificado) VALUES (10000121, 'PEGASO', 320, 1952525550, 'QUEREUQUEN', 143992, 2, '67.07', '152.21', '36.7', false);
INSERT INTO participacion(jockey_persona_dni, equino_nombre, carrera_numero, carrera_encuentro_numero, stud_nombre, tiempo, andarivel, peso_jockey, talla_jockey, handicap_equino, descalificado) VALUES (10000055, 'MORZILLO', 320, 1952525550, 'NOE MAR', 177859, 3, '53.72', '154.87', '34.1', false);
INSERT INTO participacion(jockey_persona_dni, equino_nombre, carrera_numero, carrera_encuentro_numero, stud_nombre, tiempo, andarivel, peso_jockey, talla_jockey, handicap_equino, descalificado) VALUES (10000094, 'RED FOX', 320, 1952525550, 'VALLE DE LA LUNA', 165270, 4, '50.19', '149.66', '74.7', false);
INSERT INTO participacion(jockey_persona_dni, equino_nombre, carrera_numero, carrera_encuentro_numero, stud_nombre, tiempo, andarivel, peso_jockey, talla_jockey, handicap_equino, descalificado) VALUES (10000115, 'MARENGO', 322, 1556275057, '27 DE ABRIL', 161503, 1, '46.35', '154.48', '67.1', false);
INSERT INTO participacion(jockey_persona_dni, equino_nombre, carrera_numero, carrera_encuentro_numero, stud_nombre, tiempo, andarivel, peso_jockey, talla_jockey, handicap_equino, descalificado) VALUES (10000124, 'KASZTANKA', 322, 1556275057, 'LINDA SIEMPRE', 163077, 2, '42.94', '149.11', '60.1', false);
INSERT INTO participacion(jockey_persona_dni, equino_nombre, carrera_numero, carrera_encuentro_numero, stud_nombre, tiempo, andarivel, peso_jockey, talla_jockey, handicap_equino, descalificado) VALUES (10000112, 'PASCASAS', 322, 1556275057, 'ASAYE', 138452, 3, '58.03', '159.24', '31.9', false);
INSERT INTO participacion(jockey_persona_dni, equino_nombre, carrera_numero, carrera_encuentro_numero, stud_nombre, tiempo, andarivel, peso_jockey, talla_jockey, handicap_equino, descalificado) VALUES (10000013, 'MAGNOLIA', 322, 1556275057, 'GENTE DE TURF', 121784, 4, '55.16', '143.56', '57.3', false);
INSERT INTO participacion(jockey_persona_dni, equino_nombre, carrera_numero, carrera_encuentro_numero, stud_nombre, tiempo, andarivel, peso_jockey, talla_jockey, handicap_equino, descalificado) VALUES (10000100, 'HENGROEN', 332, 86290663, 'MIRABELLA', 158146, 1, '61.16', '153.13', '27.9', false);
INSERT INTO participacion(jockey_persona_dni, equino_nombre, carrera_numero, carrera_encuentro_numero, stud_nombre, tiempo, andarivel, peso_jockey, talla_jockey, handicap_equino, descalificado) VALUES (10000055, 'MORZILLO', 332, 86290663, 'NOE MAR', 147711, 2, '49.39', '148.23', '35.7', false);
INSERT INTO participacion(jockey_persona_dni, equino_nombre, carrera_numero, carrera_encuentro_numero, stud_nombre, tiempo, andarivel, peso_jockey, talla_jockey, handicap_equino, descalificado) VALUES (10000085, 'JOLLY JUMPER', 332, 86290663, 'CUMENEYEN', 140826, 3, '51.11', '154.58', '45.1', false);
INSERT INTO participacion(jockey_persona_dni, equino_nombre, carrera_numero, carrera_encuentro_numero, stud_nombre, tiempo, andarivel, peso_jockey, talla_jockey, handicap_equino, descalificado) VALUES (10000067, 'DILU', 340, 86290663, 'LOS HERMANITOS (S.Fe)', 143621, 1, '52.14', '156.90', '59.0', false);
INSERT INTO participacion(jockey_persona_dni, equino_nombre, carrera_numero, carrera_encuentro_numero, stud_nombre, tiempo, andarivel, peso_jockey, talla_jockey, handicap_equino, descalificado) VALUES (10000103, 'KANTAKA', 340, 86290663, 'L.A. (LP)', 145841, 2, '62.72', '164.51', '86.3', false);
INSERT INTO participacion(jockey_persona_dni, equino_nombre, carrera_numero, carrera_encuentro_numero, stud_nombre, tiempo, andarivel, peso_jockey, talla_jockey, handicap_equino, descalificado) VALUES (10000010, 'LA LEYENDA BEDUINA DE LA CREACION DEL CABALLO', 340, 86290663, 'B.J.(Vguay.)', 173529, 3, '58.33', '155.51', '27.0', false);
INSERT INTO participacion(jockey_persona_dni, equino_nombre, carrera_numero, carrera_encuentro_numero, stud_nombre, tiempo, andarivel, peso_jockey, talla_jockey, handicap_equino, descalificado) VALUES (10000037, 'CHING', 340, 86290663, 'DON LEOPOLDO', 171217, 4, '54.21', '162.04', '55.6', false);
INSERT INTO participacion(jockey_persona_dni, equino_nombre, carrera_numero, carrera_encuentro_numero, stud_nombre, tiempo, andarivel, peso_jockey, talla_jockey, handicap_equino, descalificado) VALUES (10000112, 'PASCASAS', 345, 1476651, 'ASAYE', 177923, 1, '56.03', '149.24', '30.4', false);
INSERT INTO participacion(jockey_persona_dni, equino_nombre, carrera_numero, carrera_encuentro_numero, stud_nombre, tiempo, andarivel, peso_jockey, talla_jockey, handicap_equino, descalificado) VALUES (10000070, 'PALOMO', 345, 1476651, 'EL GUASO', 144099, 2, '56.37', '137.45', '12.0', false);
INSERT INTO participacion(jockey_persona_dni, equino_nombre, carrera_numero, carrera_encuentro_numero, stud_nombre, tiempo, andarivel, peso_jockey, talla_jockey, handicap_equino, descalificado) VALUES (10000121, 'PEGASO', 345, 1476651, 'QUEREUQUEN', 171178, 3, '58.23', '145.15', '34.6', false);
INSERT INTO participacion(jockey_persona_dni, equino_nombre, carrera_numero, carrera_encuentro_numero, stud_nombre, tiempo, andarivel, peso_jockey, talla_jockey, handicap_equino, descalificado) VALUES (10000049, 'BUCEFALO', 354, 1476651, 'LAS TUTIS', 165363, 1, '47.58', '155.39', '57.8', false);
INSERT INTO participacion(jockey_persona_dni, equino_nombre, carrera_numero, carrera_encuentro_numero, stud_nombre, tiempo, andarivel, peso_jockey, talla_jockey, handicap_equino, descalificado) VALUES (10000019, 'HAIZUN', 354, 1476651, 'LOS GATEADOS (MDP)', 169661, 2, '53.05', '145.97', '55.1', false);
INSERT INTO participacion(jockey_persona_dni, equino_nombre, carrera_numero, carrera_encuentro_numero, stud_nombre, tiempo, andarivel, peso_jockey, talla_jockey, handicap_equino, descalificado) VALUES (10000100, 'HENGROEN', 354, 1476651, 'MIRABELLA', 121454, 3, '66.04', '150.65', '34.9', false);
INSERT INTO participacion(jockey_persona_dni, equino_nombre, carrera_numero, carrera_encuentro_numero, stud_nombre, tiempo, andarivel, peso_jockey, talla_jockey, handicap_equino, descalificado) VALUES (10000067, 'DILU', 351, 1366612357, 'LOS HERMANITOS (S.Fe)', 165061, 1, '53.02', '153.55', '58.2', false);
INSERT INTO participacion(jockey_persona_dni, equino_nombre, carrera_numero, carrera_encuentro_numero, stud_nombre, tiempo, andarivel, peso_jockey, talla_jockey, handicap_equino, descalificado) VALUES (10000103, 'KANTAKA', 351, 1366612357, 'L.A. (LP)', 123195, 2, '56.04', '168.75', '88.7', false);
INSERT INTO participacion(jockey_persona_dni, equino_nombre, carrera_numero, carrera_encuentro_numero, stud_nombre, tiempo, andarivel, peso_jockey, talla_jockey, handicap_equino, descalificado) VALUES (10000013, 'MAGNOLIA', 351, 1366612357, 'GENTE DE TURF', 131700, 3, '59.99', '140.51', '59.8', false);
INSERT INTO participacion(jockey_persona_dni, equino_nombre, carrera_numero, carrera_encuentro_numero, stud_nombre, tiempo, andarivel, peso_jockey, talla_jockey, handicap_equino, descalificado) VALUES (10000037, 'CHING', 369, 1981658111, 'DON LEOPOLDO', 131051, 1, '58.92', '159.58', '50.8', false);
INSERT INTO participacion(jockey_persona_dni, equino_nombre, carrera_numero, carrera_encuentro_numero, stud_nombre, tiempo, andarivel, peso_jockey, talla_jockey, handicap_equino, descalificado) VALUES (10000103, 'KANTAKA', 369, 1981658111, 'L.A. (LP)', 154052, 2, '47.41', '155.74', '80.6', false);
INSERT INTO participacion(jockey_persona_dni, equino_nombre, carrera_numero, carrera_encuentro_numero, stud_nombre, tiempo, andarivel, peso_jockey, talla_jockey, handicap_equino, descalificado) VALUES (10000040, 'LA JACA PACA', 369, 1981658111, 'JUBAFER', 146112, 3, '56.94', '152.39', '61.1', false);
INSERT INTO participacion(jockey_persona_dni, equino_nombre, carrera_numero, carrera_encuentro_numero, stud_nombre, tiempo, andarivel, peso_jockey, talla_jockey, handicap_equino, descalificado) VALUES (10000052, 'CABALLO DE TROYA', 375, 1981658111, 'CABO ALARCON', 164374, 1, '50.08', '154.15', '39.6', false);
INSERT INTO participacion(jockey_persona_dni, equino_nombre, carrera_numero, carrera_encuentro_numero, stud_nombre, tiempo, andarivel, peso_jockey, talla_jockey, handicap_equino, descalificado) VALUES (10000109, 'JINN', 375, 1981658111, 'LA PROVIDENCIA', 131014, 2, '52.06', '142.89', '21.5', false);
INSERT INTO participacion(jockey_persona_dni, equino_nombre, carrera_numero, carrera_encuentro_numero, stud_nombre, tiempo, andarivel, peso_jockey, talla_jockey, handicap_equino, descalificado) VALUES (10000124, 'KASZTANKA', 375, 1981658111, 'LINDA SIEMPRE', 171860, 3, '47.61', '144.99', '58.4', false);
INSERT INTO participacion(jockey_persona_dni, equino_nombre, carrera_numero, carrera_encuentro_numero, stud_nombre, tiempo, andarivel, peso_jockey, talla_jockey, handicap_equino, descalificado) VALUES (10000115, 'MARENGO', 373, 1512248492, '27 DE ABRIL', 169702, 1, '56.77', '152.67', '61.8', false);
INSERT INTO participacion(jockey_persona_dni, equino_nombre, carrera_numero, carrera_encuentro_numero, stud_nombre, tiempo, andarivel, peso_jockey, talla_jockey, handicap_equino, descalificado) VALUES (10000067, 'DILU', 373, 1512248492, 'LOS HERMANITOS (S.Fe)', 125212, 2, '53.53', '158.80', '55.7', false);
INSERT INTO participacion(jockey_persona_dni, equino_nombre, carrera_numero, carrera_encuentro_numero, stud_nombre, tiempo, andarivel, peso_jockey, talla_jockey, handicap_equino, descalificado) VALUES (10000037, 'CHING', 373, 1512248492, 'DON LEOPOLDO', 142767, 3, '59.28', '158.01', '50.2', false);
INSERT INTO participacion(jockey_persona_dni, equino_nombre, carrera_numero, carrera_encuentro_numero, stud_nombre, tiempo, andarivel, peso_jockey, talla_jockey, handicap_equino, descalificado) VALUES (10000112, 'PASCASAS', 373, 1512248492, 'ASAYE', 125395, 4, '57.76', '151.20', '29.9', false);
INSERT INTO participacion(jockey_persona_dni, equino_nombre, carrera_numero, carrera_encuentro_numero, stud_nombre, tiempo, andarivel, peso_jockey, talla_jockey, handicap_equino, descalificado) VALUES (10000067, 'DILU', 381, 1155236713, 'LOS HERMANITOS (S.Fe)', 122558, 1, '57.77', '154.88', '52.9', false);
INSERT INTO participacion(jockey_persona_dni, equino_nombre, carrera_numero, carrera_encuentro_numero, stud_nombre, tiempo, andarivel, peso_jockey, talla_jockey, handicap_equino, descalificado) VALUES (10000124, 'KASZTANKA', 381, 1155236713, 'LINDA SIEMPRE', 161577, 2, '47.20', '151.38', '51.3', false);
INSERT INTO participacion(jockey_persona_dni, equino_nombre, carrera_numero, carrera_encuentro_numero, stud_nombre, tiempo, andarivel, peso_jockey, talla_jockey, handicap_equino, descalificado) VALUES (10000040, 'LA JACA PACA', 381, 1155236713, 'JUBAFER', 146924, 3, '45.74', '148.40', '63.3', false);
INSERT INTO participacion(jockey_persona_dni, equino_nombre, carrera_numero, carrera_encuentro_numero, stud_nombre, tiempo, andarivel, peso_jockey, talla_jockey, handicap_equino, descalificado) VALUES (10000010, 'LA LEYENDA BEDUINA DE LA CREACION DEL CABALLO', 394, 1155236713, 'B.J.(Vguay.)', 133541, 1, '61.07', '163.68', '28.5', false);
INSERT INTO participacion(jockey_persona_dni, equino_nombre, carrera_numero, carrera_encuentro_numero, stud_nombre, tiempo, andarivel, peso_jockey, talla_jockey, handicap_equino, descalificado) VALUES (10000103, 'KANTAKA', 394, 1155236713, 'L.A. (LP)', 134245, 2, '56.90', '160.82', '84.8', false);
INSERT INTO participacion(jockey_persona_dni, equino_nombre, carrera_numero, carrera_encuentro_numero, stud_nombre, tiempo, andarivel, peso_jockey, talla_jockey, handicap_equino, descalificado) VALUES (10000016, 'MARSALA', 394, 1155236713, 'VAS-QUITO', 129041, 3, '58.95', '132.78', '70.6', false);
INSERT INTO participacion(jockey_persona_dni, equino_nombre, carrera_numero, carrera_encuentro_numero, stud_nombre, tiempo, andarivel, peso_jockey, talla_jockey, handicap_equino, descalificado) VALUES (10000112, 'PASCASAS', 394, 1155236713, 'ASAYE', 158466, 4, '59.61', '155.13', '33.9', false);
INSERT INTO participacion(jockey_persona_dni, equino_nombre, carrera_numero, carrera_encuentro_numero, stud_nombre, tiempo, andarivel, peso_jockey, talla_jockey, handicap_equino, descalificado) VALUES (10000070, 'PALOMO', 394, 1834088198, 'EL GUASO', 145924, 5, '55.30', '144.79', '11.7', false);
INSERT INTO participacion(jockey_persona_dni, equino_nombre, carrera_numero, carrera_encuentro_numero, stud_nombre, tiempo, andarivel, peso_jockey, talla_jockey, handicap_equino, descalificado) VALUES (10000007, 'PALMICHE', 394, 1834088198, 'GAUCHITO GIL', 161424, 6, '58.77', '151.36', '24.5', false);
INSERT INTO participacion(jockey_persona_dni, equino_nombre, carrera_numero, carrera_encuentro_numero, stud_nombre, tiempo, andarivel, peso_jockey, talla_jockey, handicap_equino, descalificado) VALUES (10000058, 'SOMBRA GRIS', 394, 1834088198, 'LOS COLORADOS', 157062, 7, '48.45', '153.72', '28.5', false);
INSERT INTO participacion(jockey_persona_dni, equino_nombre, carrera_numero, carrera_encuentro_numero, stud_nombre, tiempo, andarivel, peso_jockey, talla_jockey, handicap_equino, descalificado) VALUES (10000025, 'STRYMON', 409, 1488323035, 'PASO LOPEZ (Azul)', 137585, 1, '50.55', '155.23', '37.6', false);
INSERT INTO participacion(jockey_persona_dni, equino_nombre, carrera_numero, carrera_encuentro_numero, stud_nombre, tiempo, andarivel, peso_jockey, talla_jockey, handicap_equino, descalificado) VALUES (10000109, 'JINN', 409, 1488323035, 'LA PROVIDENCIA', 154238, 2, '59.77', '149.48', '24.0', false);
INSERT INTO participacion(jockey_persona_dni, equino_nombre, carrera_numero, carrera_encuentro_numero, stud_nombre, tiempo, andarivel, peso_jockey, talla_jockey, handicap_equino, descalificado) VALUES (10000049, 'BUCEFALO', 409, 1488323035, 'LAS TUTIS', 127760, 3, '58.16', '153.49', '57.8', false);
INSERT INTO participacion(jockey_persona_dni, equino_nombre, carrera_numero, carrera_encuentro_numero, stud_nombre, tiempo, andarivel, peso_jockey, talla_jockey, handicap_equino, descalificado) VALUES (10000013, 'MAGNOLIA', 416, 1468876031, 'GENTE DE TURF', 145849, 1, '54.19', '151.66', '60.6', false);
INSERT INTO participacion(jockey_persona_dni, equino_nombre, carrera_numero, carrera_encuentro_numero, stud_nombre, tiempo, andarivel, peso_jockey, talla_jockey, handicap_equino, descalificado) VALUES (10000025, 'STRYMON', 416, 1468876031, 'PASO LOPEZ (Azul)', 125567, 2, '49.07', '151.91', '37.6', false);
INSERT INTO participacion(jockey_persona_dni, equino_nombre, carrera_numero, carrera_encuentro_numero, stud_nombre, tiempo, andarivel, peso_jockey, talla_jockey, handicap_equino, descalificado) VALUES (10000049, 'BUCEFALO', 416, 1468876031, 'LAS TUTIS', 132757, 3, '55.64', '155.17', '54.1', false);
INSERT INTO participacion(jockey_persona_dni, equino_nombre, carrera_numero, carrera_encuentro_numero, stud_nombre, tiempo, andarivel, peso_jockey, talla_jockey, handicap_equino, descalificado) VALUES (10000079, 'GENITOR', 416, 1468876031, 'LA CAMPANA', 154066, 4, '62.23', '164.51', '23.7', false);
